date,open,high,low,close,volume
2015-01-09 09:15:00,16.47,16.47,14.46,15.96,0
2015-01-09 10:15:00,15.96,15.97,15.78,15.87,0
2015-01-09 11:15:00,15.87,16.86,15.86,16.61,0
2015-01-09 12:15:00,16.61,16.91,15.96,16.32,0
2015-01-09 13:15:00,16.31,16.76,16.18,16.5,0
2015-01-09 14:15:00,16.51,16.59,15.73,15.84,0
2015-01-09 15:15:00,15.84,16.0,15.65,15.66,0
2015-01-12 09:15:00,15.96,17.27,14.37,17.23,0
2015-01-12 10:15:00,17.24,17.43,17.13,17.41,0
2015-01-12 11:15:00,17.41,17.45,17.09,17.19,0
2015-01-12 12:15:00,17.19,17.55,17.16,17.24,0
2015-01-12 13:15:00,17.25,17.35,16.84,16.91,0
2015-01-12 14:15:00,16.91,16.92,16.1,16.11,0
2015-01-12 15:15:00,16.11,16.12,15.9,15.96,0
2015-01-13 09:15:00,16.11,16.53,14.57,16.3,0
2015-01-13 10:15:00,16.3,16.49,16.3,16.37,0
2015-01-13 11:15:00,16.37,16.49,16.32,16.42,0
2015-01-13 12:15:00,16.41,16.62,16.38,16.41,0
2015-01-13 13:15:00,16.4,16.51,16.18,16.49,0
2015-01-13 14:15:00,16.5,16.81,16.38,16.38,0
2015-01-13 15:15:00,16.38,16.47,16.29,16.33,0
2015-01-14 09:15:00,16.48,17.11,15.22,17.09,0
2015-01-14 10:15:00,17.09,17.3,17.08,17.22,0
2015-01-14 11:15:00,17.22,17.28,17.09,17.23,0
2015-01-14 12:15:00,17.23,17.79,17.2,17.64,0
2015-01-14 13:15:00,17.64,17.7,16.95,17.19,0
2015-01-14 14:15:00,17.2,17.51,16.93,16.99,0
2015-01-14 15:15:00,16.99,17.39,16.96,17.23,0
2015-01-15 09:15:00,17.25,17.25,13.83,15.78,0
2015-01-15 10:15:00,15.78,16.17,15.66,15.71,0
2015-01-15 11:15:00,15.72,16.0,15.54,15.92,0
2015-01-15 12:15:00,15.92,16.1,15.85,15.99,0
2015-01-15 13:15:00,15.99,16.15,15.97,16.03,0
2015-01-15 14:15:00,16.03,16.16,15.82,16.08,0
2015-01-15 15:15:00,16.08,16.55,16.04,16.46,0
2015-01-19 09:15:00,17.95,18.29,17.89,17.96,0
2015-01-19 10:15:00,17.96,18.06,17.6,17.61,0
2015-01-19 11:15:00,17.61,17.8,17.55,17.67,0
2015-01-19 12:15:00,17.67,17.78,17.56,17.63,0
2015-01-19 13:15:00,17.63,17.82,17.5,17.51,0
2015-01-19 14:15:00,17.54,17.83,17.5,17.63,0
2015-01-19 15:15:00,17.63,17.76,17.55,17.64,0
2015-01-20 09:15:00,17.65,17.65,15.72,16.92,0
2015-01-20 10:15:00,16.91,17.0,16.81,16.86,0
2015-01-20 11:15:00,16.85,17.03,16.78,16.88,0
2015-01-20 12:15:00,16.87,17.02,16.79,16.87,0
2015-01-20 13:15:00,16.86,17.05,16.67,16.95,0
2015-01-20 14:15:00,16.93,17.38,16.77,17.25,0
2015-01-20 15:15:00,17.25,17.4,17.14,17.17,0
2015-01-21 09:15:00,17.27,17.7,15.12,17.59,0
2015-01-21 10:15:00,17.59,17.97,17.54,17.78,0
2015-01-21 11:15:00,17.8,17.97,17.71,17.84,0
2015-01-21 12:15:00,17.84,17.95,17.66,17.74,0
2015-01-21 13:15:00,17.74,18.09,17.68,18.07,0
2015-01-21 14:15:00,18.07,18.14,17.58,17.64,0
2015-01-21 15:15:00,17.62,17.9,17.6,17.87,0
2015-01-22 09:15:00,17.71,18.18,14.21,17.91,0
2015-01-22 10:15:00,17.89,18.18,17.7,18.15,0
2015-01-22 11:15:00,18.15,18.21,18.01,18.09,0
2015-01-22 12:15:00,18.08,18.4,18.07,18.32,0
2015-01-22 13:15:00,18.34,18.62,18.26,18.57,0
2015-01-22 14:15:00,18.58,18.76,18.51,18.58,0
2015-01-22 15:15:00,18.57,18.66,18.22,18.59,0
2015-01-23 09:15:00,18.57,18.57,13.46,18.08,0
2015-01-23 10:15:00,18.1,18.74,18.06,18.36,0
2015-01-23 11:15:00,18.37,18.45,18.0,18.05,0
2015-01-23 12:15:00,18.07,18.19,17.95,18.08,0
2015-01-23 13:15:00,18.08,18.18,17.81,17.89,0
2015-01-23 14:15:00,17.89,17.93,17.7,17.91,0
2015-01-23 15:15:00,17.93,18.03,17.83,17.9,0
2015-01-27 09:15:00,17.89,18.68,16.78,18.12,0
2015-01-27 10:15:00,18.15,18.35,18.03,18.24,0
2015-01-27 11:15:00,18.24,18.45,18.15,18.24,0
2015-01-27 12:15:00,18.25,18.29,17.94,17.98,0
2015-01-27 13:15:00,17.98,18.13,17.71,18.07,0
2015-01-27 14:15:00,18.04,18.18,17.71,18.15,0
2015-01-27 15:15:00,18.14,18.4,18.07,18.31,0
2015-01-28 09:15:00,18.09,18.96,17.62,18.62,0
2015-01-28 10:15:00,18.64,18.9,18.57,18.71,0
2015-01-28 11:15:00,18.72,19.44,18.53,19.19,0
2015-01-28 12:15:00,19.19,19.37,18.87,19.21,0
2015-01-28 13:15:00,19.25,19.49,19.0,19.39,0
2015-01-28 14:15:00,19.39,20.15,19.39,19.61,0
2015-01-28 15:15:00,19.62,19.88,19.56,19.86,0
2015-01-29 09:15:00,19.77,20.55,17.7,19.65,0
2015-01-29 10:15:00,19.65,19.86,19.54,19.82,0
2015-01-29 11:15:00,19.86,19.92,19.63,19.86,0
2015-01-29 12:15:00,19.86,20.35,19.83,19.98,0
2015-01-29 13:15:00,19.98,20.18,19.89,20.04,0
2015-01-29 14:15:00,20.04,20.06,19.31,19.49,0
2015-01-29 15:15:00,19.49,19.55,19.24,19.37,0
2015-01-30 09:15:00,19.43,21.12,18.33,20.66,0
2015-01-30 10:15:00,20.67,20.82,20.17,20.61,0
2015-01-30 11:15:00,20.61,21.21,20.52,20.91,0
2015-01-30 12:15:00,20.92,20.96,20.68,20.76,0
2015-01-30 13:15:00,20.74,20.83,20.34,20.59,0
2015-01-30 14:15:00,20.58,20.63,20.15,20.22,0
2015-01-30 15:15:00,20.21,20.24,20.01,20.03,0
2015-02-02 09:15:00,20.17,21.37,19.86,21.19,0
2015-02-02 10:15:00,21.2,21.29,21.05,21.13,0
2015-02-02 11:15:00,21.13,21.2,20.9,20.92,0
2015-02-02 12:15:00,20.92,21.01,20.89,20.89,0
2015-02-02 13:15:00,20.9,20.97,20.31,20.87,0
2015-02-02 14:15:00,20.87,20.93,20.37,20.39,0
2015-02-02 15:15:00,20.39,20.42,20.19,20.23,0
2015-02-03 09:15:00,20.41,20.41,19.0,20.35,0
2015-02-03 10:15:00,20.35,20.48,19.7,19.96,0
2015-02-03 11:15:00,19.95,20.27,19.86,20.05,0
2015-02-03 12:15:00,20.04,20.29,19.95,20.06,0
2015-02-03 13:15:00,20.07,20.12,19.77,19.88,0
2015-02-03 14:15:00,19.87,19.96,19.65,19.81,0
2015-02-03 15:15:00,19.81,19.89,19.74,19.81,0
2015-02-04 09:15:00,19.81,19.97,17.97,19.9,0
2015-02-04 10:15:00,19.9,20.07,19.82,19.9,0
2015-02-04 11:15:00,19.9,20.05,19.84,19.96,0
2015-02-04 12:15:00,19.97,20.06,19.77,19.88,0
2015-02-04 13:15:00,19.89,20.07,19.74,19.82,0
2015-02-04 14:15:00,19.83,20.05,19.8,19.98,0
2015-02-04 15:15:00,19.97,20.29,19.97,20.14,0
2015-02-05 09:15:00,20.05,20.45,18.26,20.26,0
2015-02-05 10:15:00,20.25,20.38,20.19,20.29,0
2015-02-05 11:15:00,20.29,20.39,20.29,20.31,0
2015-02-05 12:15:00,20.3,20.38,20.06,20.11,0
2015-02-05 13:15:00,20.13,20.15,19.82,19.93,0
2015-02-05 14:15:00,19.93,20.67,19.9,20.66,0
2015-02-05 15:15:00,20.66,20.89,20.66,20.81,0
2015-02-06 09:15:00,20.62,20.93,18.72,20.92,0
2015-02-06 10:15:00,20.92,21.24,20.86,21.02,0
2015-02-06 11:15:00,21.02,21.06,20.77,20.9,0
2015-02-06 12:15:00,20.9,21.01,20.78,20.94,0
2015-02-06 13:15:00,20.94,21.01,20.66,20.73,0
2015-02-06 14:15:00,20.73,20.91,20.54,20.76,0
2015-02-06 15:15:00,20.76,20.77,20.61,20.66,0
2015-02-09 09:15:00,20.69,21.74,18.59,21.56,0
2015-02-09 10:15:00,21.56,21.76,21.54,21.74,0
2015-02-09 11:15:00,21.74,21.98,21.58,21.97,0
2015-02-09 12:15:00,21.97,22.01,21.87,21.97,0
2015-02-09 13:15:00,21.97,21.99,21.75,21.86,0
2015-02-09 14:15:00,21.86,22.12,21.85,21.98,0
2015-02-09 15:15:00,21.98,22.09,21.88,22.05,0
2015-02-10 09:15:00,22.02,22.02,19.85,21.1,0
2015-02-10 10:15:00,21.1,21.27,20.66,20.74,0
2015-02-10 11:15:00,20.74,20.98,20.39,20.91,0
2015-02-10 12:15:00,20.91,21.15,20.82,21.06,0
2015-02-10 13:15:00,21.06,21.65,21.02,21.5,0
2015-02-10 14:15:00,21.49,21.62,20.93,21.13,0
2015-02-10 15:15:00,21.13,21.63,21.02,21.38,0
2015-02-11 09:15:00,21.19,21.51,18.54,21.17,0
2015-02-11 10:15:00,21.18,21.19,20.73,20.89,0
2015-02-11 11:15:00,20.9,20.94,20.74,20.76,0
2015-02-11 12:15:00,20.76,20.83,20.48,20.61,0
2015-02-11 13:15:00,20.62,20.78,20.42,20.62,0
2015-02-11 14:15:00,20.62,20.63,20.34,20.53,0
2015-02-11 15:15:00,20.53,20.6,20.33,20.33,0
2015-02-12 09:15:00,20.5,20.86,17.93,20.59,0
2015-02-12 10:15:00,20.59,20.86,20.59,20.81,0
2015-02-12 11:15:00,20.81,20.96,20.71,20.79,0
2015-02-12 12:15:00,20.78,20.83,20.57,20.59,0
2015-02-12 13:15:00,20.59,20.6,20.29,20.35,0
2015-02-12 14:15:00,20.35,20.41,19.97,19.99,0
2015-02-12 15:15:00,19.98,20.52,19.97,20.39,0
2015-02-13 09:15:00,20.16,20.45,16.98,20.32,0
2015-02-13 10:15:00,20.32,20.4,20.25,20.27,0
2015-02-13 11:15:00,20.26,20.4,20.19,20.3,0
2015-02-13 12:15:00,20.3,20.33,20.12,20.17,0
2015-02-13 13:15:00,20.18,20.34,20.11,20.22,0
2015-02-13 14:15:00,20.22,20.24,20.02,20.09,0
2015-02-13 15:15:00,20.08,20.2,20.05,20.06,0
2015-02-16 09:15:00,20.1,20.86,17.48,20.36,0
2015-02-16 10:15:00,20.37,20.49,20.36,20.47,0
2015-02-16 11:15:00,20.47,20.59,20.42,20.49,0
2015-02-16 12:15:00,20.48,20.61,20.43,20.56,0
2015-02-16 13:15:00,20.56,20.69,20.44,20.45,0
2015-02-16 14:15:00,20.45,20.87,20.43,20.87,0
2015-02-16 15:15:00,20.86,21.12,20.85,21.05,0
2015-02-18 09:15:00,20.83,21.65,18.65,21.31,0
2015-02-18 10:15:00,21.31,21.34,21.19,21.28,0
2015-02-18 11:15:00,21.27,21.46,21.23,21.45,0
2015-02-18 12:15:00,21.44,21.55,21.17,21.2,0
2015-02-18 13:15:00,21.21,21.34,20.89,20.93,0
2015-02-18 14:15:00,20.93,21.05,20.77,20.89,0
2015-02-18 15:15:00,20.9,21.01,20.88,20.94,0
2015-02-19 09:15:00,20.91,20.94,19.4,20.74,0
2015-02-19 10:15:00,20.73,21.91,20.71,21.43,0
2015-02-19 11:15:00,21.43,21.5,21.28,21.39,0
2015-02-19 12:15:00,21.4,21.42,21.1,21.16,0
2015-02-19 13:15:00,21.16,21.23,20.81,20.94,0
2015-02-19 14:15:00,20.94,21.02,20.32,20.4,0
2015-02-19 15:15:00,20.39,20.47,20.26,20.33,0
2015-02-20 09:15:00,20.4,21.5,19.24,21.33,0
2015-02-20 10:15:00,21.34,21.46,21.19,21.35,0
2015-02-20 11:15:00,21.36,21.36,20.74,21.08,0
2015-02-20 12:15:00,21.08,21.17,20.85,21.03,0
2015-02-20 13:15:00,21.0,21.4,20.9,21.18,0
2015-02-20 14:15:00,21.18,21.38,20.93,21.33,0
2015-02-20 15:15:00,21.33,21.36,21.21,21.26,0
2015-02-23 09:15:00,21.27,22.02,19.46,21.26,0
2015-02-23 10:15:00,21.21,21.34,20.68,21.18,0
2015-02-23 11:15:00,21.19,21.39,21.09,21.19,0
2015-02-23 12:15:00,21.16,21.2,20.86,20.96,0
2015-02-23 13:15:00,20.97,21.55,20.83,21.43,0
2015-02-23 14:15:00,21.42,21.7,21.32,21.64,0
2015-02-23 15:15:00,21.67,21.83,21.51,21.57,0
2015-02-24 09:15:00,21.63,21.86,20.92,21.72,0
2015-02-24 10:15:00,21.72,22.07,21.54,21.89,0
2015-02-24 11:15:00,21.89,21.91,21.26,21.36,0
2015-02-24 12:15:00,21.35,21.77,21.21,21.66,0
2015-02-24 13:15:00,21.69,21.69,21.24,21.38,0
2015-02-24 14:15:00,21.37,21.79,21.28,21.47,0
2015-02-24 15:15:00,21.48,21.67,21.39,21.54,0
2015-02-25 09:15:00,21.55,21.55,20.22,21.2,0
2015-02-25 10:15:00,21.19,21.32,20.85,20.88,0
2015-02-25 11:15:00,20.88,21.12,20.81,21.04,0
2015-02-25 12:15:00,21.04,21.34,20.76,20.96,0
2015-02-25 13:15:00,20.97,21.11,20.6,20.84,0
2015-02-25 14:15:00,20.84,20.94,20.64,20.65,0
2015-02-25 15:15:00,20.65,20.93,20.62,20.76,0
2015-02-26 09:15:00,20.78,20.84,19.94,20.58,0
2015-02-26 10:15:00,20.59,20.74,20.36,20.72,0
2015-02-26 11:15:00,20.73,21.04,20.64,20.96,0
2015-02-26 12:15:00,20.98,21.24,20.74,20.84,0
2015-02-26 13:15:00,20.84,21.0,20.54,20.59,0
2015-02-26 14:15:00,20.59,20.78,20.32,20.58,0
2015-02-26 15:15:00,20.55,20.72,20.53,20.64,0
2015-02-27 09:15:00,20.58,20.58,19.94,20.14,0
2015-02-27 10:15:00,20.14,20.15,19.64,19.66,0
2015-02-27 11:15:00,19.67,19.75,19.3,19.74,0
2015-02-27 12:15:00,19.73,19.81,19.53,19.57,0
2015-02-27 13:15:00,19.57,19.74,19.39,19.64,0
2015-02-27 14:15:00,19.67,19.8,19.45,19.57,0
2015-02-27 15:15:00,19.58,19.73,19.47,19.5,0
2015-02-28 09:15:00,19.57,19.57,17.86,18.72,0
2015-02-28 10:15:00,18.73,19.13,18.71,18.95,0
2015-02-28 11:15:00,18.95,18.98,18.18,18.27,0
2015-02-28 12:15:00,18.27,18.3,17.24,17.66,0
2015-02-28 13:15:00,17.66,17.95,17.43,17.57,0
2015-02-28 14:15:00,17.57,17.57,16.78,16.8,0
2015-02-28 15:15:00,16.8,16.95,16.69,16.86,0
2015-03-02 09:15:00,16.97,16.97,15.89,16.32,0
2015-03-02 10:15:00,16.33,16.4,16.13,16.27,0
2015-03-02 11:15:00,16.26,16.4,16.14,16.26,0
2015-03-02 12:15:00,16.25,16.34,16.09,16.14,0
2015-03-02 13:15:00,16.14,16.17,15.87,15.93,0
2015-03-02 14:15:00,15.92,15.96,15.76,15.81,0
2015-03-02 15:15:00,15.81,16.0,15.74,15.84,0
2015-03-03 09:15:00,15.0,15.95,14.99,15.9,0
2015-03-03 10:15:00,15.9,15.91,15.75,15.82,0
2015-03-03 11:15:00,15.82,15.85,15.69,15.81,0
2015-03-03 12:15:00,15.8,15.95,15.73,15.86,0
2015-03-03 13:15:00,15.85,15.9,15.56,15.63,0
2015-03-03 14:15:00,15.63,15.7,15.42,15.56,0
2015-03-03 15:15:00,15.55,15.56,15.42,15.51,0
2015-03-04 09:15:00,15.49,15.49,14.3,14.82,0
2015-03-04 10:15:00,14.81,14.92,14.73,14.75,0
2015-03-04 11:15:00,14.73,15.02,14.68,14.79,0
2015-03-04 12:15:00,14.79,14.87,14.56,14.69,0
2015-03-04 13:15:00,14.68,14.76,14.58,14.74,0
2015-03-04 14:15:00,14.73,15.25,14.65,15.17,0
2015-03-04 15:15:00,15.17,15.4,15.14,15.34,0
2015-03-05 09:15:00,15.2,15.25,14.0,15.04,0
2015-03-05 10:15:00,15.07,15.09,14.64,14.71,0
2015-03-05 11:15:00,14.69,14.89,14.67,14.7,0
2015-03-05 12:15:00,14.69,14.84,14.57,14.77,0
2015-03-05 13:15:00,14.77,14.9,14.5,14.7,0
2015-03-05 14:15:00,14.71,14.84,14.29,14.32,0
2015-03-05 15:15:00,14.31,14.5,14.28,14.32,0
2015-03-09 09:15:00,13.32,15.67,13.32,15.57,0
2015-03-09 10:15:00,15.58,15.69,15.44,15.64,0
2015-03-09 11:15:00,15.64,15.71,15.33,15.33,0
2015-03-09 12:15:00,15.35,15.55,15.19,15.54,0
2015-03-09 13:15:00,15.54,15.89,15.43,15.6,0
2015-03-09 14:15:00,15.59,15.85,15.49,15.75,0
2015-03-09 15:15:00,15.76,16.01,15.76,15.97,0
2015-03-10 09:15:00,15.81,16.15,14.96,16.08,0
2015-03-10 10:15:00,16.08,16.13,15.68,15.76,0
2015-03-10 11:15:00,15.78,15.94,15.71,15.8,0
2015-03-10 12:15:00,15.8,15.85,15.53,15.63,0
2015-03-10 13:15:00,15.63,15.88,15.58,15.75,0
2015-03-10 14:15:00,15.74,15.87,15.45,15.52,0
2015-03-10 15:15:00,15.52,15.61,15.2,15.2,0
2015-03-11 09:15:00,15.53,15.61,14.26,15.32,0
2015-03-11 10:15:00,15.32,15.55,15.29,15.4,0
2015-03-11 11:15:00,15.4,15.53,15.24,15.35,0
2015-03-11 12:15:00,15.32,15.47,15.19,15.24,0
2015-03-11 13:15:00,15.27,15.42,15.14,15.26,0
2015-03-11 14:15:00,15.26,15.29,14.91,15.08,0
2015-03-11 15:15:00,15.16,15.27,15.06,15.17,0
2015-03-12 09:15:00,15.13,15.13,13.78,14.9,0
2015-03-12 10:15:00,14.94,14.95,14.71,14.78,0
2015-03-12 11:15:00,14.78,14.88,14.59,14.7,0
2015-03-12 12:15:00,14.69,14.88,14.56,14.79,0
2015-03-12 13:15:00,14.82,14.9,14.63,14.69,0
2015-03-12 14:15:00,14.65,14.85,14.61,14.7,0
2015-03-12 15:15:00,14.74,14.84,14.66,14.74,0
2015-03-13 09:15:00,14.75,15.02,13.93,14.96,0
2015-03-13 10:15:00,14.96,15.09,14.82,14.91,0
2015-03-13 11:15:00,14.91,15.24,14.84,15.03,0
2015-03-13 12:15:00,15.02,15.09,14.91,15.05,0
2015-03-13 13:15:00,15.05,15.21,14.86,14.98,0
2015-03-13 14:15:00,14.98,15.08,14.9,14.99,0
2015-03-13 15:15:00,15.0,15.12,14.83,15.12,0
2015-03-16 09:15:00,15.27,15.37,15.17,15.25,0
2015-03-16 10:15:00,15.25,15.32,15.12,15.24,0
2015-03-16 11:15:00,15.24,15.29,15.07,15.21,0
2015-03-16 12:15:00,15.21,15.29,15.13,15.24,0
2015-03-16 13:15:00,15.22,15.34,15.08,15.32,0
2015-03-16 14:15:00,15.32,15.36,15.02,15.16,0
2015-03-16 15:15:00,15.17,15.23,15.11,15.16,0
2015-03-17 09:15:00,13.47,15.11,13.47,15.0,0
2015-03-17 10:15:00,15.04,15.17,14.97,15.09,0
2015-03-17 11:15:00,15.1,15.37,14.88,15.37,0
2015-03-17 12:15:00,15.31,15.45,15.18,15.3,0
2015-03-17 13:15:00,15.3,15.4,15.19,15.32,0
2015-03-17 14:15:00,15.33,15.38,14.92,15.18,0
2015-03-17 15:15:00,15.27,15.3,15.06,15.08,0
2015-03-18 09:15:00,15.13,15.45,13.72,15.29,0
2015-03-18 10:15:00,15.29,15.38,15.14,15.32,0
2015-03-18 11:15:00,15.3,15.36,15.06,15.18,0
2015-03-18 12:15:00,15.15,15.52,15.1,15.37,0
2015-03-18 13:15:00,15.34,15.64,15.3,15.53,0
2015-03-18 14:15:00,15.53,15.7,15.36,15.47,0
2015-03-18 15:15:00,15.52,15.58,15.43,15.47,0
2015-03-19 09:15:00,15.51,15.51,13.47,14.59,0
2015-03-19 10:15:00,14.62,14.85,14.56,14.77,0
2015-03-19 11:15:00,14.75,14.88,14.55,14.63,0
2015-03-19 12:15:00,14.63,14.78,14.51,14.72,0
2015-03-19 13:15:00,14.74,14.76,14.49,14.62,0
2015-03-19 14:15:00,14.63,15.29,14.48,15.24,0
2015-03-19 15:15:00,15.24,15.44,15.2,15.37,0
2015-03-20 09:15:00,15.2,15.29,14.67,15.0,0
2015-03-20 10:15:00,15.0,15.07,14.48,14.65,0
2015-03-20 11:15:00,14.68,14.84,14.6,14.83,0
2015-03-20 12:15:00,14.8,14.96,14.58,14.7,0
2015-03-20 13:15:00,14.72,14.72,14.27,14.41,0
2015-03-20 14:15:00,14.39,14.55,14.18,14.36,0
2015-03-20 15:15:00,14.36,14.4,14.08,14.12,0
2015-03-23 09:15:00,14.26,14.58,12.79,14.41,0
2015-03-23 10:15:00,14.46,14.5,14.21,14.46,0
2015-03-23 11:15:00,14.42,14.52,14.25,14.27,0
2015-03-23 12:15:00,14.26,14.4,14.18,14.36,0
2015-03-23 13:15:00,14.36,14.44,14.13,14.31,0
2015-03-23 14:15:00,14.32,14.39,14.14,14.35,0
2015-03-23 15:15:00,14.34,14.39,14.11,14.15,0
2015-03-24 09:15:00,14.27,14.49,12.71,13.94,0
2015-03-24 10:15:00,13.95,14.0,13.52,13.73,0
2015-03-24 11:15:00,13.74,13.77,13.36,13.6,0
2015-03-24 12:15:00,13.55,13.8,13.43,13.52,0
2015-03-24 13:15:00,13.56,13.85,13.22,13.46,0
2015-03-24 14:15:00,13.38,13.99,13.29,13.65,0
2015-03-24 15:15:00,13.69,13.76,13.46,13.6,0
2015-03-25 09:15:00,13.67,13.93,12.38,13.88,0
2015-03-25 10:15:00,13.86,13.95,13.4,13.51,0
2015-03-25 11:15:00,13.52,13.53,13.22,13.27,0
2015-03-25 12:15:00,13.26,13.47,13.24,13.41,0
2015-03-25 13:15:00,13.42,13.5,13.0,13.2,0
2015-03-25 14:15:00,13.24,13.32,12.93,13.06,0
2015-03-25 15:15:00,13.08,13.34,13.05,13.28,0
2015-03-26 09:15:00,13.14,13.89,12.53,13.59,0
2015-03-26 10:15:00,13.63,13.98,13.57,13.92,0
2015-03-26 11:15:00,13.92,13.97,13.72,13.91,0
2015-03-26 12:15:00,13.92,14.03,13.73,14.03,0
2015-03-26 13:15:00,14.01,14.68,14.01,14.61,0
2015-03-26 14:15:00,14.63,15.57,14.62,15.13,0
2015-03-26 15:15:00,15.13,15.48,14.87,15.18,0
2015-03-27 09:15:00,15.16,15.26,14.54,15.11,0
2015-03-27 10:15:00,15.11,15.18,14.82,14.93,0
2015-03-27 11:15:00,14.94,15.03,14.78,14.86,0
2015-03-27 12:15:00,14.86,15.4,14.78,15.22,0
2015-03-27 13:15:00,15.26,15.31,14.46,14.89,0
2015-03-27 14:15:00,14.9,14.98,14.38,14.46,0
2015-03-27 15:15:00,14.42,14.57,14.39,14.49,0
2015-03-30 09:15:00,14.5,15.18,14.41,15.11,0
2015-03-30 10:15:00,15.11,15.13,14.81,14.92,0
2015-03-30 11:15:00,14.9,14.96,14.84,14.88,0
2015-03-30 12:15:00,14.89,14.92,14.62,14.68,0
2015-03-30 13:15:00,14.69,14.69,14.3,14.55,0
2015-03-30 14:15:00,14.55,14.66,14.11,14.15,0
2015-03-30 15:15:00,14.15,14.41,14.14,14.37,0
2015-03-31 09:15:00,14.26,14.5,13.86,14.41,0
2015-03-31 10:15:00,14.41,14.43,14.24,14.35,0
2015-03-31 11:15:00,14.35,14.44,14.29,14.39,0
2015-03-31 12:15:00,14.4,14.45,14.32,14.36,0
2015-03-31 13:15:00,14.38,14.38,14.09,14.24,0
2015-03-31 14:15:00,14.24,14.74,14.24,14.52,0
2015-03-31 15:15:00,14.51,14.57,14.35,14.39,0
2015-04-01 09:15:00,14.49,14.68,14.01,14.46,0
2015-04-01 10:15:00,14.46,14.5,14.33,14.44,0
2015-04-01 11:15:00,14.42,14.48,14.31,14.44,0
2015-04-01 12:15:00,14.44,14.46,14.14,14.23,0
2015-04-01 13:15:00,14.23,14.24,13.83,13.91,0
2015-04-01 14:15:00,13.91,14.06,13.57,13.62,0
2015-04-01 15:15:00,13.59,13.9,13.58,13.8,0
2015-04-06 09:15:00,13.67,15.02,13.6,14.89,0
2015-04-06 10:15:00,14.89,14.93,14.63,14.91,0
2015-04-06 11:15:00,14.92,15.04,14.88,15.04,0
2015-04-06 12:15:00,15.04,15.05,14.8,14.81,0
2015-04-06 13:15:00,14.81,14.95,14.74,14.82,0
2015-04-06 14:15:00,14.81,14.88,14.45,14.56,0
2015-04-06 15:15:00,14.56,14.66,14.5,14.61,0
2015-04-07 09:15:00,14.57,14.83,13.98,14.75,0
2015-04-07 10:15:00,14.75,14.86,14.4,14.64,0
2015-04-07 11:15:00,14.64,14.9,14.03,14.68,0
2015-04-07 12:15:00,14.68,14.82,14.45,14.57,0
2015-04-07 13:15:00,14.57,14.77,14.43,14.43,0
2015-04-07 14:15:00,14.38,14.52,14.13,14.13,0
2015-04-07 15:15:00,14.13,14.38,14.13,14.21,0
2015-04-08 09:15:00,14.25,14.59,13.35,14.54,0
2015-04-08 10:15:00,14.54,14.7,14.48,14.52,0
2015-04-08 11:15:00,14.51,14.65,14.27,14.33,0
2015-04-08 12:15:00,14.34,14.48,14.32,14.4,0
2015-04-08 13:15:00,14.39,14.51,14.35,14.44,0
2015-04-08 14:15:00,14.45,14.51,14.28,14.38,0
2015-04-08 15:15:00,14.38,14.41,14.22,14.23,0
2015-04-09 09:15:00,14.35,14.89,13.31,14.71,0
2015-04-09 10:15:00,14.72,14.8,14.59,14.74,0
2015-04-09 11:15:00,14.74,14.83,14.65,14.74,0
2015-04-09 12:15:00,14.74,14.8,14.51,14.61,0
2015-04-09 13:15:00,14.61,14.85,14.51,14.61,0
2015-04-09 14:15:00,14.61,14.77,14.36,14.43,0
2015-04-09 15:15:00,14.43,14.47,14.36,14.41,0
2015-04-10 09:15:00,14.42,14.77,13.43,14.58,0
2015-04-10 10:15:00,14.58,14.66,14.55,14.59,0
2015-04-10 11:15:00,14.59,14.67,14.47,14.55,0
2015-04-10 12:15:00,14.55,14.73,14.55,14.69,0
2015-04-10 13:15:00,14.69,14.79,14.34,14.47,0
2015-04-10 14:15:00,14.47,14.59,14.19,14.25,0
2015-04-10 15:15:00,14.25,14.29,14.21,14.29,0
2015-04-13 09:15:00,14.26,14.93,13.06,14.91,0
2015-04-13 10:15:00,14.91,14.93,14.8,14.86,0
2015-04-13 11:15:00,14.86,14.88,14.49,14.57,0
2015-04-13 12:15:00,14.57,14.8,14.44,14.71,0
2015-04-13 13:15:00,14.72,14.82,14.63,14.64,0
2015-04-13 14:15:00,14.65,14.74,14.41,14.48,0
2015-04-13 15:15:00,14.48,14.58,14.48,14.58,0
2015-04-15 09:15:00,14.49,14.99,13.91,14.79,0
2015-04-15 10:15:00,14.79,14.86,14.71,14.73,0
2015-04-15 11:15:00,14.74,14.82,14.64,14.73,0
2015-04-15 12:15:00,14.73,14.8,14.55,14.57,0
2015-04-15 13:15:00,14.57,14.65,14.34,14.39,0
2015-04-15 14:15:00,14.39,14.76,14.32,14.63,0
2015-04-15 15:15:00,14.63,14.78,14.5,14.77,0
2015-04-16 09:15:00,14.62,15.07,12.98,14.99,0
2015-04-16 10:15:00,14.99,15.3,14.95,15.18,0
2015-04-16 11:15:00,15.19,15.23,15.05,15.18,0
2015-04-16 12:15:00,15.18,15.3,15.08,15.15,0
2015-04-16 13:15:00,15.14,15.24,14.84,15.11,0
2015-04-16 14:15:00,15.12,15.23,14.74,14.94,0
2015-04-16 15:15:00,14.94,15.11,14.91,15.08,0
2015-04-17 09:15:00,14.95,15.18,13.62,15.1,0
2015-04-17 10:15:00,15.1,15.16,14.85,14.93,0
2015-04-17 11:15:00,14.93,14.98,14.83,14.94,0
2015-04-17 12:15:00,14.94,15.0,14.85,14.96,0
2015-04-17 13:15:00,14.98,14.99,14.8,14.84,0
2015-04-17 14:15:00,14.84,15.1,14.78,15.0,0
2015-04-17 15:15:00,15.0,15.16,14.99,15.16,0
2015-04-20 09:15:00,15.04,15.91,13.66,15.64,0
2015-04-20 10:15:00,15.63,15.81,15.49,15.78,0
2015-04-20 11:15:00,15.78,15.81,15.57,15.65,0
2015-04-20 12:15:00,15.69,15.97,15.57,15.93,0
2015-04-20 13:15:00,15.93,15.93,15.6,15.88,0
2015-04-20 14:15:00,15.88,16.42,15.81,16.21,0
2015-04-20 15:15:00,16.22,16.35,16.2,16.3,0
2015-04-21 09:15:00,16.3,17.25,15.23,17.07,0
2015-04-21 10:15:00,17.07,17.34,16.65,16.84,0
2015-04-21 11:15:00,16.84,16.99,16.6,16.99,0
2015-04-21 12:15:00,16.99,17.02,16.42,16.53,0
2015-04-21 13:15:00,16.53,16.9,16.5,16.74,0
2015-04-21 14:15:00,16.75,17.23,16.61,17.08,0
2015-04-21 15:15:00,17.07,17.13,16.74,16.82,0
2015-04-22 09:15:00,17.03,17.35,14.69,17.3,0
2015-04-22 10:15:00,17.29,17.45,17.14,17.29,0
2015-04-22 11:15:00,17.3,17.39,17.1,17.3,0
2015-04-22 12:15:00,17.31,17.56,17.24,17.45,0
2015-04-22 13:15:00,17.49,18.11,17.43,18.05,0
2015-04-22 14:15:00,18.06,18.38,17.06,17.09,0
2015-04-22 15:15:00,17.1,17.31,17.03,17.22,0
2015-04-23 09:15:00,17.21,17.3,14.97,17.15,0
2015-04-23 10:15:00,17.15,18.17,17.0,18.17,0
2015-04-23 11:15:00,18.18,18.67,18.15,18.45,0
2015-04-23 12:15:00,18.45,19.36,18.34,19.36,0
2015-04-23 13:15:00,19.35,19.44,18.56,18.72,0
2015-04-23 14:15:00,18.71,18.76,17.93,18.49,0
2015-04-23 15:15:00,18.47,18.65,18.38,18.5,0
2015-04-24 09:15:00,18.5,19.54,17.36,19.07,0
2015-04-24 10:15:00,19.06,19.53,19.01,19.34,0
2015-04-24 11:15:00,19.36,19.59,19.01,19.3,0
2015-04-24 12:15:00,19.29,19.55,19.17,19.55,0
2015-04-24 13:15:00,19.55,19.58,19.03,19.16,0
2015-04-24 14:15:00,19.15,19.36,18.98,19.06,0
2015-04-24 15:15:00,19.06,19.19,18.86,19.12,0
2015-04-27 09:15:00,19.11,20.09,16.22,19.08,0
2015-04-27 10:15:00,19.09,19.88,18.96,19.34,0
2015-04-27 11:15:00,19.34,19.41,19.06,19.32,0
2015-04-27 12:15:00,19.4,19.5,19.08,19.17,0
2015-04-27 13:15:00,19.17,19.26,18.71,18.81,0
2015-04-27 14:15:00,18.81,19.04,18.4,18.46,0
2015-04-27 15:15:00,18.46,19.16,18.32,19.01,0
2015-04-28 09:15:00,18.74,18.89,17.81,18.1,0
2015-04-28 10:15:00,18.1,18.28,17.76,17.93,0
2015-04-28 11:15:00,17.92,18.19,17.67,18.12,0
2015-04-28 12:15:00,18.12,18.15,17.59,17.92,0
2015-04-28 13:15:00,17.92,18.0,17.57,17.81,0
2015-04-28 14:15:00,17.76,17.89,16.75,17.22,0
2015-04-28 15:15:00,17.17,17.75,17.17,17.66,0
2015-04-29 09:15:00,17.41,17.67,15.73,17.6,0
2015-04-29 10:15:00,17.59,17.89,17.5,17.63,0
2015-04-29 11:15:00,17.63,17.86,17.55,17.59,0
2015-04-29 12:15:00,17.59,17.71,16.83,17.05,0
2015-04-29 13:15:00,17.08,17.39,16.9,17.21,0
2015-04-29 14:15:00,17.21,17.45,17.01,17.1,0
2015-04-29 15:15:00,17.09,17.37,17.0,17.36,0
2015-04-30 09:15:00,17.24,18.12,16.33,17.91,0
2015-04-30 10:15:00,17.9,17.95,17.53,17.6,0
2015-04-30 11:15:00,17.6,17.69,17.01,17.32,0
2015-04-30 12:15:00,17.33,17.54,17.16,17.44,0
2015-04-30 13:15:00,17.45,17.65,17.0,17.1,0
2015-04-30 14:15:00,17.1,17.42,16.77,17.29,0
2015-04-30 15:15:00,17.3,17.33,17.03,17.05,0
2015-05-04 09:15:00,17.23,18.28,16.96,17.88,0
2015-05-04 10:15:00,17.88,18.21,17.73,18.04,0
2015-05-04 11:15:00,18.05,18.1,17.91,17.96,0
2015-05-04 12:15:00,17.96,17.99,17.85,17.92,0
2015-05-04 13:15:00,17.92,18.04,17.76,17.78,0
2015-05-04 14:15:00,17.78,17.89,17.21,17.27,0
2015-05-04 15:15:00,17.27,17.33,17.14,17.18,0
2015-05-05 09:15:00,17.31,17.81,16.27,17.53,0
2015-05-05 10:15:00,17.53,17.56,17.31,17.37,0
2015-05-05 11:15:00,17.37,17.56,17.29,17.54,0
2015-05-05 12:15:00,17.55,17.87,17.53,17.86,0
2015-05-05 13:15:00,17.86,18.07,17.48,17.55,0
2015-05-05 14:15:00,17.55,17.71,17.3,17.35,0
2015-05-05 15:15:00,17.35,17.42,17.33,17.41,0
2015-05-06 09:15:00,17.37,19.77,16.71,19.54,0
2015-05-06 10:15:00,19.54,20.01,19.36,19.77,0
2015-05-06 11:15:00,19.76,20.46,19.61,20.3,0
2015-05-06 12:15:00,20.3,20.46,20.15,20.32,0
2015-05-06 13:15:00,20.32,20.42,19.63,19.63,0
2015-05-06 14:15:00,19.62,20.06,19.4,19.74,0
2015-05-06 15:15:00,19.74,19.77,19.5,19.56,0
2015-05-07 09:15:00,19.67,19.74,18.34,19.72,0
2015-05-07 10:15:00,19.72,19.78,19.59,19.66,0
2015-05-07 11:15:00,19.66,19.78,19.53,19.68,0
2015-05-07 12:15:00,19.68,19.95,19.49,19.57,0
2015-05-07 13:15:00,19.57,19.81,19.49,19.73,0
2015-05-07 14:15:00,19.74,20.03,19.45,19.57,0
2015-05-07 15:15:00,19.57,19.9,19.06,19.31,0
2015-05-08 09:15:00,19.65,19.65,17.51,19.25,0
2015-05-08 10:15:00,19.25,19.42,19.13,19.19,0
2015-05-08 11:15:00,19.19,19.28,18.91,19.13,0
2015-05-08 12:15:00,19.13,19.2,18.87,19.02,0
2015-05-08 13:15:00,19.03,19.17,18.97,19.06,0
2015-05-08 14:15:00,19.07,19.1,18.74,19.09,0
2015-05-08 15:15:00,19.08,19.29,19.08,19.12,0
2015-05-11 09:15:00,19.11,19.28,16.77,19.05,0
2015-05-11 10:15:00,19.05,19.08,18.56,18.62,0
2015-05-11 11:15:00,18.63,18.83,18.35,18.76,0
2015-05-11 12:15:00,18.76,19.01,18.69,18.89,0
2015-05-11 13:15:00,18.89,18.97,18.69,18.83,0
2015-05-11 14:15:00,18.83,18.9,18.38,18.61,0
2015-05-11 15:15:00,18.61,18.7,18.4,18.51,0
2015-05-12 09:15:00,18.63,20.0,17.22,19.65,0
2015-05-12 10:15:00,19.66,20.31,19.6,20.25,0
2015-05-12 11:15:00,20.25,20.59,20.22,20.55,0
2015-05-12 12:15:00,20.55,20.72,20.44,20.66,0
2015-05-12 13:15:00,20.65,20.78,20.38,20.46,0
2015-05-12 14:15:00,20.46,20.7,20.17,20.55,0
2015-05-12 15:15:00,20.55,21.33,20.38,20.65,0
2015-05-13 09:15:00,20.55,20.55,18.1,19.84,0
2015-05-13 10:15:00,19.84,21.43,19.76,20.94,0
2015-05-13 11:15:00,20.94,21.31,20.77,21.23,0
2015-05-13 12:15:00,21.22,21.23,20.45,20.82,0
2015-05-13 13:15:00,20.81,20.88,20.25,20.88,0
2015-05-13 14:15:00,20.87,20.98,20.53,20.67,0
2015-05-13 15:15:00,20.67,20.82,20.53,20.53,0
2015-05-14 09:15:00,20.69,21.88,19.84,21.54,0
2015-05-14 10:15:00,21.54,21.9,21.36,21.73,0
2015-05-14 11:15:00,21.74,21.77,21.53,21.6,0
2015-05-14 12:15:00,21.6,21.81,21.49,21.63,0
2015-05-14 13:15:00,21.63,21.63,21.12,21.2,0
2015-05-14 14:15:00,21.2,21.3,20.58,20.63,0
2015-05-14 15:15:00,20.63,20.7,20.16,20.19,0
2015-05-15 09:15:00,20.7,20.98,19.1,20.57,0
2015-05-15 10:15:00,20.58,20.66,20.5,20.51,0
2015-05-15 11:15:00,20.51,20.52,20.06,20.14,0
2015-05-15 12:15:00,20.14,20.34,19.92,20.2,0
2015-05-15 13:15:00,20.2,20.26,19.79,19.93,0
2015-05-15 14:15:00,19.93,20.01,19.69,19.82,0
2015-05-15 15:15:00,19.81,19.89,19.62,19.65,0
2015-05-18 09:15:00,19.82,20.47,16.77,19.29,0
2015-05-18 10:15:00,19.29,19.55,19.23,19.43,0
2015-05-18 11:15:00,19.43,19.43,19.1,19.21,0
2015-05-18 12:15:00,19.21,19.35,19.08,19.11,0
2015-05-18 13:15:00,19.11,19.15,18.5,18.52,0
2015-05-18 14:15:00,18.53,18.56,17.7,17.82,0
2015-05-18 15:15:00,17.82,18.04,17.78,17.93,0
2015-05-19 09:15:00,17.9,18.52,14.87,18.2,0
2015-05-19 10:15:00,18.2,18.26,17.86,17.96,0
2015-05-19 11:15:00,17.94,18.03,17.67,17.9,0
2015-05-19 12:15:00,17.9,18.04,17.7,17.73,0
2015-05-19 13:15:00,17.74,17.88,17.59,17.79,0
2015-05-19 14:15:00,17.8,18.44,17.75,18.25,0
2015-05-19 15:15:00,18.26,18.32,18.14,18.18,0
2015-05-20 09:15:00,18.27,18.27,17.0,17.54,0
2015-05-20 10:15:00,17.54,17.89,17.48,17.76,0
2015-05-20 11:15:00,17.76,18.02,17.71,18.0,0
2015-05-20 12:15:00,17.98,18.05,17.72,17.83,0
2015-05-20 13:15:00,17.84,18.01,17.72,17.81,0
2015-05-20 14:15:00,17.8,17.85,17.65,17.75,0
2015-05-20 15:15:00,17.72,17.77,17.61,17.67,0
2015-05-21 09:15:00,17.72,18.06,16.14,17.85,0
2015-05-21 10:15:00,17.85,18.05,17.43,17.5,0
2015-05-21 11:15:00,17.5,17.69,17.44,17.52,0
2015-05-21 12:15:00,17.52,17.69,17.27,17.43,0
2015-05-21 13:15:00,17.43,17.62,17.14,17.31,0
2015-05-21 14:15:00,17.32,17.51,17.2,17.42,0
2015-05-21 15:15:00,17.43,17.55,17.33,17.39,0
2015-05-22 09:15:00,17.41,17.44,15.2,17.12,0
2015-05-22 10:15:00,17.12,17.12,16.72,16.89,0
2015-05-22 11:15:00,16.89,17.1,16.81,17.03,0
2015-05-22 12:15:00,17.02,17.32,17.01,17.18,0
2015-05-22 13:15:00,17.18,17.25,16.96,17.08,0
2015-05-22 14:15:00,17.1,17.19,16.83,16.93,0
2015-05-22 15:15:00,16.92,17.12,16.85,17.06,0
2015-05-25 09:15:00,16.95,17.7,14.68,17.25,0
2015-05-25 10:15:00,17.26,17.36,17.04,17.14,0
2015-05-25 11:15:00,17.17,17.22,16.74,16.86,0
2015-05-25 12:15:00,16.86,17.18,16.74,17.15,0
2015-05-25 13:15:00,17.15,17.41,17.04,17.29,0
2015-05-25 14:15:00,17.29,17.45,16.94,17.0,0
2015-05-25 15:15:00,16.95,17.06,16.57,16.85,0
2015-05-26 09:15:00,16.93,17.4,15.29,17.36,0
2015-05-26 10:15:00,17.36,17.84,17.31,17.57,0
2015-05-26 11:15:00,17.57,17.58,17.31,17.32,0
2015-05-26 12:15:00,17.32,17.36,16.82,17.2,0
2015-05-26 13:15:00,17.2,17.26,16.87,17.08,0
2015-05-26 14:15:00,17.08,17.18,16.96,17.08,0
2015-05-26 15:15:00,17.11,17.18,16.96,17.18,0
2015-05-27 09:15:00,17.07,17.97,16.91,17.77,0
2015-05-27 10:15:00,17.79,17.84,17.31,17.56,0
2015-05-27 11:15:00,17.57,17.64,17.4,17.52,0
2015-05-27 12:15:00,17.52,17.6,17.22,17.24,0
2015-05-27 13:15:00,17.25,17.59,17.18,17.42,0
2015-05-27 14:15:00,17.43,17.48,17.16,17.26,0
2015-05-27 15:15:00,17.25,17.42,17.19,17.35,0
2015-05-28 09:15:00,17.28,17.28,16.72,17.01,0
2015-05-28 10:15:00,17.0,17.17,16.94,16.98,0
2015-05-28 11:15:00,16.98,17.23,16.6,17.2,0
2015-05-28 12:15:00,17.18,17.72,17.01,17.4,0
2015-05-28 13:15:00,17.4,17.51,17.2,17.27,0
2015-05-28 14:15:00,17.25,17.34,16.85,16.98,0
2015-05-28 15:15:00,16.96,17.47,16.96,17.39,0
2015-05-29 09:15:00,17.13,17.71,16.6,17.62,0
2015-05-29 10:15:00,17.6,17.62,16.95,17.3,0
2015-05-29 11:15:00,17.3,17.41,17.24,17.29,0
2015-05-29 12:15:00,17.28,17.35,17.17,17.22,0
2015-05-29 13:15:00,17.22,17.4,17.11,17.24,0
2015-05-29 14:15:00,17.26,17.27,16.58,16.65,0
2015-05-29 15:15:00,16.65,16.68,16.44,16.54,0
2015-06-01 09:15:00,16.66,17.45,16.06,17.25,0
2015-06-01 10:15:00,17.25,17.29,16.88,16.9,0
2015-06-01 11:15:00,16.9,17.08,16.78,16.92,0
2015-06-01 12:15:00,16.93,17.06,16.8,16.94,0
2015-06-01 13:15:00,16.95,16.96,16.63,16.81,0
2015-06-01 14:15:00,16.82,16.95,16.72,16.93,0
2015-06-01 15:15:00,16.94,16.98,16.86,16.89,0
2015-06-02 09:15:00,16.91,17.08,16.31,16.69,0
2015-06-02 10:15:00,16.69,16.78,16.29,16.53,0
2015-06-02 11:15:00,16.52,16.95,16.14,16.15,0
2015-06-02 12:15:00,16.16,16.61,16.03,16.44,0
2015-06-02 13:15:00,16.44,16.55,16.31,16.54,0
2015-06-02 14:15:00,16.54,16.91,16.53,16.77,0
2015-06-02 15:15:00,16.77,17.14,16.77,16.98,0
2015-06-03 09:15:00,16.82,17.32,15.86,16.94,0
2015-06-03 10:15:00,16.94,17.03,16.71,16.83,0
2015-06-03 11:15:00,16.83,17.57,16.79,17.49,0
2015-06-03 12:15:00,17.48,17.92,17.45,17.51,0
2015-06-03 13:15:00,17.53,17.59,17.27,17.55,0
2015-06-03 14:15:00,17.55,17.82,17.41,17.53,0
2015-06-03 15:15:00,17.52,17.57,17.4,17.42,0
2015-06-04 09:15:00,16.82,18.16,16.47,18.03,0
2015-06-04 10:15:00,18.02,18.21,17.9,18.07,0
2015-06-04 11:15:00,18.07,18.2,17.96,18.16,0
2015-06-04 12:15:00,18.17,18.56,18.16,18.48,0
2015-06-04 13:15:00,18.47,18.67,18.42,18.6,0
2015-06-04 14:15:00,18.6,18.62,17.95,18.15,0
2015-06-04 15:15:00,18.15,18.16,17.93,18.03,0
2015-06-05 09:15:00,18.12,18.36,17.7,18.23,0
2015-06-05 10:15:00,18.22,18.29,18.18,18.24,0
2015-06-05 11:15:00,18.25,18.38,17.92,18.16,0
2015-06-05 12:15:00,18.16,18.23,17.97,18.08,0
2015-06-05 13:15:00,18.08,18.17,17.81,17.93,0
2015-06-05 14:15:00,17.9,18.19,17.69,18.05,0
2015-06-05 15:15:00,18.05,18.23,18.02,18.12,0
2015-06-08 09:15:00,18.09,19.07,17.16,18.8,0
2015-06-08 10:15:00,18.79,18.91,18.75,18.88,0
2015-06-08 11:15:00,18.88,18.93,18.71,18.84,0
2015-06-08 12:15:00,18.84,18.99,18.77,18.89,0
2015-06-08 13:15:00,18.89,18.99,18.78,18.94,0
2015-06-08 14:15:00,18.94,19.05,18.71,18.88,0
2015-06-08 15:15:00,18.88,18.9,18.67,18.67,0
2015-06-09 09:15:00,18.89,19.12,16.48,18.72,0
2015-06-09 10:15:00,18.73,18.73,18.37,18.44,0
2015-06-09 11:15:00,18.43,18.44,18.29,18.37,0
2015-06-09 12:15:00,18.37,18.41,18.2,18.3,0
2015-06-09 13:15:00,18.29,18.41,17.98,18.18,0
2015-06-09 14:15:00,18.18,18.24,17.91,17.98,0
2015-06-09 15:15:00,17.99,18.59,17.69,17.8,0
2015-06-10 09:15:00,18.01,18.02,16.81,17.41,0
2015-06-10 10:15:00,17.41,17.44,17.21,17.36,0
2015-06-10 11:15:00,17.35,17.44,17.15,17.19,0
2015-06-10 12:15:00,17.19,17.32,17.15,17.29,0
2015-06-10 13:15:00,17.29,17.3,17.1,17.15,0
2015-06-10 14:15:00,17.15,17.22,16.71,17.12,0
2015-06-10 15:15:00,17.11,17.21,16.93,16.94,0
2015-06-11 09:15:00,17.08,17.08,15.95,16.88,0
2015-06-11 10:15:00,16.88,17.38,16.71,17.32,0
2015-06-11 11:15:00,17.32,17.46,17.22,17.37,0
2015-06-11 12:15:00,17.38,17.44,17.17,17.37,0
2015-06-11 13:15:00,17.37,17.76,17.37,17.7,0
2015-06-11 14:15:00,17.7,17.92,17.49,17.75,0
2015-06-11 15:15:00,17.74,17.95,17.72,17.85,0
2015-06-12 09:15:00,17.81,18.21,16.15,17.81,0
2015-06-12 10:15:00,17.81,18.1,17.8,18.1,0
2015-06-12 11:15:00,18.1,18.1,17.73,17.81,0
2015-06-12 12:15:00,17.81,17.97,17.74,17.91,0
2015-06-12 13:15:00,17.91,17.98,17.79,17.81,0
2015-06-12 14:15:00,17.81,17.83,17.5,17.52,0
2015-06-12 15:15:00,17.52,17.54,17.19,17.19,0
2015-06-15 09:15:00,17.48,18.02,15.35,18.02,0
2015-06-15 10:15:00,18.01,18.02,17.46,17.6,0
2015-06-15 11:15:00,17.61,17.66,17.53,17.57,0
2015-06-15 12:15:00,17.57,17.84,17.56,17.62,0
2015-06-15 13:15:00,17.62,17.66,17.44,17.6,0
2015-06-15 14:15:00,17.59,17.77,17.47,17.5,0
2015-06-15 15:15:00,17.5,17.54,17.45,17.52,0
2015-06-16 09:15:00,17.53,17.8,14.09,17.75,0
2015-06-16 10:15:00,17.75,17.86,17.7,17.77,0
2015-06-16 11:15:00,17.78,17.81,17.68,17.74,0
2015-06-16 12:15:00,17.74,17.76,17.59,17.7,0
2015-06-16 13:15:00,17.7,17.76,17.52,17.53,0
2015-06-16 14:15:00,17.53,17.6,16.92,17.02,0
2015-06-16 15:15:00,17.02,17.85,17.01,17.08,0
2015-06-17 09:15:00,17.17,17.19,14.3,17.07,0
2015-06-17 10:15:00,17.07,17.11,16.96,17.0,0
2015-06-17 11:15:00,17.0,17.08,16.89,17.07,0
2015-06-17 12:15:00,17.08,17.1,16.82,16.85,0
2015-06-17 13:15:00,16.85,16.96,16.33,16.39,0
2015-06-17 14:15:00,16.4,16.84,16.36,16.74,0
2015-06-17 15:15:00,16.74,16.78,16.6,16.6,0
2015-06-18 09:15:00,16.73,16.73,14.45,16.0,0
2015-06-18 10:15:00,16.0,16.06,15.93,16.02,0
2015-06-18 11:15:00,16.02,16.1,15.86,15.94,0
2015-06-18 12:15:00,15.93,16.0,15.87,15.99,0
2015-06-18 13:15:00,15.99,16.14,15.91,15.98,0
2015-06-18 14:15:00,15.99,16.12,15.94,16.05,0
2015-06-18 15:15:00,16.05,16.08,15.95,16.01,0
2015-06-19 09:15:00,16.02,16.02,14.91,15.57,0
2015-06-19 10:15:00,15.58,15.63,15.35,15.41,0
2015-06-19 11:15:00,15.41,15.57,15.29,15.46,0
2015-06-19 12:15:00,15.46,15.66,15.44,15.47,0
2015-06-19 13:15:00,15.47,15.54,15.27,15.31,0
2015-06-19 14:15:00,15.31,15.33,15.02,15.16,0
2015-06-19 15:15:00,15.13,15.2,15.01,15.07,0
2015-06-22 09:15:00,15.09,15.75,13.74,15.57,0
2015-06-22 10:15:00,15.57,15.67,15.32,15.54,0
2015-06-22 11:15:00,15.54,15.73,15.37,15.69,0
2015-06-22 12:15:00,15.69,15.72,15.45,15.61,0
2015-06-22 13:15:00,15.61,15.68,15.28,15.48,0
2015-06-22 14:15:00,15.48,15.55,15.17,15.42,0
2015-06-22 15:15:00,15.45,15.66,15.4,15.49,0
2015-06-23 09:15:00,15.49,16.52,14.84,15.11,0
2015-06-23 10:15:00,15.11,15.31,15.0,15.17,0
2015-06-23 11:15:00,15.24,15.33,14.98,15.14,0
2015-06-23 12:15:00,15.1,15.2,14.83,15.05,0
2015-06-23 13:15:00,15.07,15.45,14.98,15.23,0
2015-06-23 14:15:00,15.23,15.34,14.92,15.02,0
2015-06-23 15:15:00,15.06,15.16,14.86,15.0,0
2015-06-24 09:15:00,15.04,15.65,14.95,15.25,0
2015-06-24 10:15:00,15.26,15.53,15.19,15.33,0
2015-06-24 11:15:00,15.31,15.47,15.22,15.38,0
2015-06-24 12:15:00,15.34,15.51,15.26,15.29,0
2015-06-24 13:15:00,15.29,15.39,15.14,15.18,0
2015-06-24 14:15:00,15.17,15.94,15.17,15.87,0
2015-06-24 15:15:00,15.84,16.61,15.83,16.57,0
2015-06-25 09:15:00,15.92,16.71,15.5,15.9,0
2015-06-25 10:15:00,15.9,16.09,15.7,16.09,0
2015-06-25 11:15:00,16.09,16.32,16.03,16.12,0
2015-06-25 12:15:00,16.11,16.25,15.8,15.91,0
2015-06-25 13:15:00,15.91,16.36,15.85,16.2,0
2015-06-25 14:15:00,16.2,16.25,15.8,15.94,0
2015-06-25 15:15:00,15.95,15.98,15.63,15.79,0
2015-06-26 09:15:00,15.93,16.53,15.93,15.99,0
2015-06-26 10:15:00,15.96,16.02,15.66,15.78,0
2015-06-26 11:15:00,15.76,15.91,15.64,15.76,0
2015-06-26 12:15:00,15.76,16.04,15.6,15.62,0
2015-06-26 13:15:00,15.61,15.97,15.52,15.74,0
2015-06-26 14:15:00,15.74,16.01,15.57,15.77,0
2015-06-26 15:15:00,15.77,15.9,15.69,15.84,0
2015-06-29 09:15:00,15.76,18.78,15.76,17.73,0
2015-06-29 10:15:00,17.72,18.27,17.66,18.21,0
2015-06-29 11:15:00,18.21,18.25,18.05,18.2,0
2015-06-29 12:15:00,18.2,18.31,17.86,17.95,0
2015-06-29 13:15:00,17.94,18.12,17.5,17.56,0
2015-06-29 14:15:00,17.56,17.7,17.12,17.32,0
2015-06-29 15:15:00,17.32,17.45,17.23,17.32,0
2015-06-30 09:15:00,17.3,17.84,16.78,17.51,0
2015-06-30 10:15:00,17.51,17.6,17.28,17.59,0
2015-06-30 11:15:00,17.58,17.63,17.4,17.57,0
2015-06-30 12:15:00,17.57,17.78,17.5,17.6,0
2015-06-30 13:15:00,17.62,17.83,17.5,17.79,0
2015-06-30 14:15:00,17.79,17.82,16.8,16.95,0
2015-06-30 15:15:00,16.95,17.01,16.81,16.82,0
2015-07-01 09:15:00,16.93,17.1,16.36,16.36,0
2015-07-01 10:15:00,16.36,16.41,16.09,16.15,0
2015-07-01 11:15:00,16.16,16.34,16.09,16.18,0
2015-07-01 12:15:00,16.18,16.26,16.04,16.08,0
2015-07-01 13:15:00,16.07,16.25,16.06,16.16,0
2015-07-01 14:15:00,16.16,16.25,15.72,15.9,0
2015-07-01 15:15:00,15.9,15.9,15.76,15.8,0
2015-07-02 09:15:00,15.85,16.07,15.22,15.54,0
2015-07-02 10:15:00,15.54,15.56,15.32,15.39,0
2015-07-02 11:15:00,15.39,15.54,15.32,15.53,0
2015-07-02 12:15:00,15.52,15.69,15.34,15.6,0
2015-07-02 13:15:00,15.6,15.68,15.51,15.67,0
2015-07-02 14:15:00,15.67,15.77,15.47,15.59,0
2015-07-02 15:15:00,15.59,15.66,15.45,15.46,0
2015-07-03 09:15:00,15.56,15.79,14.79,15.79,0
2015-07-03 10:15:00,15.79,15.94,15.77,15.81,0
2015-07-03 11:15:00,15.81,15.98,15.76,15.92,0
2015-07-03 12:15:00,15.94,16.12,15.85,16.01,0
2015-07-03 13:15:00,16.01,16.14,15.99,16.07,0
2015-07-03 14:15:00,16.07,16.39,16.07,16.31,0
2015-07-03 15:15:00,16.31,16.37,16.25,16.31,0
2015-07-06 09:15:00,16.31,17.05,16.03,16.88,0
2015-07-06 10:15:00,16.88,17.02,16.79,16.95,0
2015-07-06 11:15:00,16.95,16.99,16.79,16.89,0
2015-07-06 12:15:00,16.89,16.93,16.44,16.6,0
2015-07-06 13:15:00,16.6,16.68,16.44,16.49,0
2015-07-06 14:15:00,16.52,16.59,15.98,16.0,0
2015-07-06 15:15:00,16.0,16.04,15.89,15.93,0
2015-07-07 09:15:00,16.02,16.02,15.22,15.81,0
2015-07-07 10:15:00,15.81,16.04,15.77,16.0,0
2015-07-07 11:15:00,16.0,16.06,15.88,15.95,0
2015-07-07 12:15:00,15.95,16.05,15.85,15.89,0
2015-07-07 13:15:00,15.9,16.12,15.85,16.1,0
2015-07-07 14:15:00,16.11,16.57,16.01,16.24,0
2015-07-07 15:15:00,16.25,16.32,16.14,16.3,0
2015-07-08 09:15:00,16.31,17.34,15.89,16.98,0
2015-07-08 10:15:00,16.98,17.78,16.95,17.56,0
2015-07-08 11:15:00,17.56,18.25,17.52,18.1,0
2015-07-08 12:15:00,18.1,18.38,17.88,18.22,0
2015-07-08 13:15:00,18.22,18.22,17.45,17.97,0
2015-07-08 14:15:00,17.98,18.0,17.34,17.9,0
2015-07-08 15:15:00,17.91,17.99,17.69,17.7,0
2015-07-09 09:15:00,17.79,18.07,16.29,17.94,0
2015-07-09 10:15:00,17.94,17.96,17.46,17.61,0
2015-07-09 11:15:00,17.61,17.79,17.5,17.76,0
2015-07-09 12:15:00,17.75,17.84,17.5,17.83,0
2015-07-09 13:15:00,17.83,17.92,17.41,17.61,0
2015-07-09 14:15:00,17.61,17.65,17.32,17.48,0
2015-07-09 15:15:00,17.48,17.5,17.29,17.38,0
2015-07-10 09:15:00,17.44,17.44,16.24,17.28,0
2015-07-10 10:15:00,17.29,17.63,17.26,17.47,0
2015-07-10 11:15:00,17.47,17.51,17.19,17.31,0
2015-07-10 12:15:00,17.31,17.4,17.03,17.15,0
2015-07-10 13:15:00,17.15,17.41,17.08,17.28,0
2015-07-10 14:15:00,17.28,17.34,16.92,17.06,0
2015-07-10 15:15:00,17.06,17.19,17.03,17.11,0
2015-07-13 09:15:00,17.07,17.72,15.57,17.59,0
2015-07-13 10:15:00,17.59,17.65,17.51,17.57,0
2015-07-13 11:15:00,17.57,17.58,17.37,17.39,0
2015-07-13 12:15:00,17.38,17.39,16.19,16.49,0
2015-07-13 13:15:00,16.49,16.62,16.35,16.46,0
2015-07-13 14:15:00,16.46,16.57,16.23,16.24,0
2015-07-13 15:15:00,16.24,16.28,16.2,16.23,0
2015-07-14 09:15:00,16.27,16.62,14.7,16.46,0
2015-07-14 10:15:00,16.46,16.53,16.32,16.5,0
2015-07-14 11:15:00,16.5,16.6,16.21,16.29,0
2015-07-14 12:15:00,16.29,16.32,16.09,16.14,0
2015-07-14 13:15:00,16.15,16.29,16.02,16.05,0
2015-07-14 14:15:00,16.05,16.24,15.91,15.97,0
2015-07-14 15:15:00,15.97,16.19,15.95,16.11,0
2015-07-15 09:15:00,16.01,16.03,14.62,15.69,0
2015-07-15 10:15:00,15.69,15.7,15.52,15.56,0
2015-07-15 11:15:00,15.56,15.63,15.54,15.57,0
2015-07-15 12:15:00,15.57,15.64,15.49,15.6,0
2015-07-15 13:15:00,15.6,15.66,15.52,15.61,0
2015-07-15 14:15:00,15.61,15.69,15.47,15.54,0
2015-07-15 15:15:00,15.54,15.62,15.49,15.6,0
2015-07-16 09:15:00,15.57,15.57,14.3,15.27,0
2015-07-16 10:15:00,15.27,15.47,15.23,15.42,0
2015-07-16 11:15:00,15.42,15.48,15.37,15.45,0
2015-07-16 12:15:00,15.46,15.52,15.3,15.31,0
2015-07-16 13:15:00,15.31,15.33,14.97,15.0,0
2015-07-16 14:15:00,15.0,15.06,14.79,14.8,0
2015-07-16 15:15:00,14.81,14.82,14.52,14.71,0
2015-07-17 09:15:00,14.78,15.07,13.29,14.92,0
2015-07-17 10:15:00,14.92,15.01,14.87,14.98,0
2015-07-17 11:15:00,14.98,15.07,14.92,15.01,0
2015-07-17 12:15:00,15.02,15.06,14.92,15.01,0
2015-07-17 13:15:00,15.0,15.14,14.9,15.01,0
2015-07-17 14:15:00,15.01,15.05,14.59,14.85,0
2015-07-17 15:15:00,14.83,14.86,14.73,14.75,0
2015-07-20 09:15:00,14.8,15.62,12.74,15.31,0
2015-07-20 10:15:00,15.31,15.41,15.13,15.2,0
2015-07-20 11:15:00,15.17,15.37,15.13,15.3,0
2015-07-20 12:15:00,15.3,15.31,15.17,15.26,0
2015-07-20 13:15:00,15.26,15.3,15.06,15.13,0
2015-07-20 14:15:00,15.14,15.15,14.87,15.0,0
2015-07-20 15:15:00,15.0,15.04,14.89,14.95,0
2015-07-21 09:15:00,14.96,15.27,13.03,14.99,0
2015-07-21 10:15:00,14.99,15.02,14.86,14.97,0
2015-07-21 11:15:00,14.97,15.11,14.91,14.99,0
2015-07-21 12:15:00,14.99,15.1,14.88,14.97,0
2015-07-21 13:15:00,14.97,15.08,14.89,15.02,0
2015-07-21 14:15:00,15.01,15.31,14.98,15.11,0
2015-07-21 15:15:00,15.13,15.16,14.93,15.12,0
2015-07-22 09:15:00,15.1,15.31,13.5,15.24,0
2015-07-22 10:15:00,15.25,15.35,15.02,15.16,0
2015-07-22 11:15:00,15.17,15.24,14.93,15.14,0
2015-07-22 12:15:00,15.13,15.32,15.02,15.22,0
2015-07-22 13:15:00,15.22,15.26,14.98,15.09,0
2015-07-22 14:15:00,15.07,15.23,15.01,15.15,0
2015-07-22 15:15:00,15.14,15.17,15.02,15.14,0
2015-07-23 09:15:00,15.13,15.5,13.1,15.42,0
2015-07-23 10:15:00,15.4,15.59,15.33,15.46,0
2015-07-23 11:15:00,15.46,15.74,15.38,15.56,0
2015-07-23 12:15:00,15.52,15.67,15.26,15.4,0
2015-07-23 13:15:00,15.45,15.68,15.31,15.62,0
2015-07-23 14:15:00,15.62,15.7,15.23,15.57,0
2015-07-23 15:15:00,15.56,15.7,15.48,15.66,0
2015-07-24 09:15:00,15.52,15.93,12.07,15.65,0
2015-07-24 10:15:00,15.65,15.71,15.52,15.68,0
2015-07-24 11:15:00,15.67,15.74,15.51,15.6,0
2015-07-24 12:15:00,15.58,15.74,15.5,15.59,0
2015-07-24 13:15:00,15.57,15.71,15.46,15.54,0
2015-07-24 14:15:00,15.53,15.71,15.26,15.51,0
2015-07-24 15:15:00,15.51,15.55,15.22,15.38,0
2015-07-27 09:15:00,15.46,17.05,12.93,16.01,0
2015-07-27 10:15:00,16.04,16.23,15.82,15.93,0
2015-07-27 11:15:00,15.91,15.92,15.67,15.84,0
2015-07-27 12:15:00,15.83,16.28,15.77,16.1,0
2015-07-27 13:15:00,16.1,16.32,16.01,16.25,0
2015-07-27 14:15:00,16.24,16.49,16.15,16.43,0
2015-07-27 15:15:00,16.43,16.57,16.31,16.48,0
2015-07-28 09:15:00,16.37,16.57,15.86,15.9,0
2015-07-28 10:15:00,15.91,16.14,15.73,16.02,0
2015-07-28 11:15:00,16.0,16.04,15.77,15.87,0
2015-07-28 12:15:00,15.86,15.94,15.66,15.73,0
2015-07-28 13:15:00,15.73,16.21,15.6,15.64,0
2015-07-28 14:15:00,15.61,16.05,15.59,15.9,0
2015-07-28 15:15:00,15.85,16.13,15.83,15.9,0
2015-07-29 09:15:00,15.92,16.34,14.13,16.06,0
2015-07-29 10:15:00,16.06,16.13,15.86,15.9,0
2015-07-29 11:15:00,15.88,16.23,15.83,16.16,0
2015-07-29 12:15:00,16.17,16.28,15.9,16.01,0
2015-07-29 13:15:00,16.0,16.34,15.96,16.12,0
2015-07-29 14:15:00,16.12,16.25,15.8,15.86,0
2015-07-29 15:15:00,15.86,15.97,15.79,15.91,0
2015-07-30 09:15:00,15.88,15.88,14.66,15.22,0
2015-07-30 10:15:00,15.22,15.38,15.2,15.28,0
2015-07-30 11:15:00,15.25,15.33,15.18,15.2,0
2015-07-30 12:15:00,15.21,15.42,15.17,15.32,0
2015-07-30 13:15:00,15.32,15.55,15.3,15.43,0
2015-07-30 14:15:00,15.43,15.59,15.03,15.29,0
2015-07-30 15:15:00,15.3,15.5,15.27,15.3,0
2015-07-31 09:15:00,15.33,15.58,14.69,15.13,0
2015-07-31 10:15:00,15.14,15.3,14.86,14.95,0
2015-07-31 11:15:00,14.95,15.05,14.86,14.86,0
2015-07-31 12:15:00,14.86,15.06,14.81,14.97,0
2015-07-31 13:15:00,14.97,15.0,14.58,14.69,0
2015-07-31 14:15:00,14.68,14.72,14.5,14.54,0
2015-07-31 15:15:00,14.53,14.73,14.5,14.72,0
2015-08-03 09:15:00,14.57,15.55,14.28,15.44,0
2015-08-03 10:15:00,15.44,15.45,15.36,15.38,0
2015-08-03 11:15:00,15.38,15.49,15.37,15.44,0
2015-08-03 12:15:00,15.44,15.61,15.43,15.59,0
2015-08-03 13:15:00,15.59,15.65,15.48,15.59,0
2015-08-03 14:15:00,15.59,15.59,15.35,15.37,0
2015-08-03 15:15:00,15.38,15.4,15.3,15.3,0
2015-08-04 09:15:00,15.39,15.63,14.28,15.59,0
2015-08-04 10:15:00,15.59,15.7,14.88,15.25,0
2015-08-04 11:15:00,15.26,15.44,14.95,15.27,0
2015-08-04 12:15:00,15.26,15.5,15.16,15.25,0
2015-08-04 13:15:00,15.27,15.29,14.87,14.93,0
2015-08-04 14:15:00,14.92,15.01,14.79,14.83,0
2015-08-04 15:15:00,14.83,14.89,14.75,14.87,0
2015-08-05 09:15:00,14.83,14.86,13.69,14.76,0
2015-08-05 10:15:00,14.76,14.86,14.7,14.8,0
2015-08-05 11:15:00,14.81,14.87,14.77,14.84,0
2015-08-05 12:15:00,14.84,14.88,14.73,14.79,0
2015-08-05 13:15:00,14.79,14.87,14.69,14.8,0
2015-08-05 14:15:00,14.8,14.88,14.65,14.65,0
2015-08-05 15:15:00,14.66,14.7,14.62,14.64,0
2015-08-06 09:15:00,14.67,14.99,12.89,14.9,0
2015-08-06 10:15:00,14.9,14.98,14.85,14.94,0
2015-08-06 11:15:00,14.94,15.0,14.91,14.99,0
2015-08-06 12:15:00,14.99,15.01,14.85,14.93,0
2015-08-06 13:15:00,14.93,14.95,14.6,14.72,0
2015-08-06 14:15:00,14.72,14.78,14.6,14.67,0
2015-08-06 15:15:00,14.67,14.84,14.67,14.78,0
2015-08-07 09:15:00,14.73,15.06,13.31,14.99,0
2015-08-07 10:15:00,14.99,15.06,14.97,15.03,0
2015-08-07 11:15:00,15.03,15.07,14.93,14.97,0
2015-08-07 12:15:00,14.97,15.02,14.92,15.0,0
2015-08-07 13:15:00,15.0,15.05,14.93,14.98,0
2015-08-07 14:15:00,14.98,15.03,14.85,14.87,0
2015-08-07 15:15:00,14.89,14.96,14.82,14.91,0
2015-08-10 09:15:00,14.91,15.44,14.24,15.42,0
2015-08-10 10:15:00,15.42,15.46,15.29,15.4,0
2015-08-10 11:15:00,15.4,15.46,15.38,15.39,0
2015-08-10 12:15:00,15.39,15.47,15.33,15.4,0
2015-08-10 13:15:00,15.4,15.48,15.33,15.37,0
2015-08-10 14:15:00,15.36,15.62,15.31,15.58,0
2015-08-10 15:15:00,15.6,15.6,15.38,15.5,0
2015-08-11 09:15:00,15.47,15.72,13.55,15.67,0
2015-08-11 10:15:00,15.67,15.86,15.65,15.78,0
2015-08-11 11:15:00,15.78,16.08,15.75,15.99,0
2015-08-11 12:15:00,15.99,16.05,15.88,15.94,0
2015-08-11 13:15:00,15.94,15.97,15.84,15.93,0
2015-08-11 14:15:00,15.92,15.99,15.69,15.88,0
2015-08-11 15:15:00,15.89,16.09,15.86,15.95,0
2015-08-12 09:15:00,15.89,17.02,14.8,16.98,0
2015-08-12 10:15:00,16.97,17.0,16.44,16.69,0
2015-08-12 11:15:00,16.68,16.8,16.48,16.77,0
2015-08-12 12:15:00,16.77,17.13,16.62,17.01,0
2015-08-12 13:15:00,17.01,17.18,16.77,17.17,0
2015-08-12 14:15:00,17.17,17.55,16.9,17.54,0
2015-08-12 15:15:00,17.55,17.72,17.51,17.64,0
2015-08-13 09:15:00,17.45,17.45,16.25,16.92,0
2015-08-13 10:15:00,16.92,17.1,16.9,17.03,0
2015-08-13 11:15:00,17.03,17.24,16.99,17.24,0
2015-08-13 12:15:00,17.24,17.41,16.55,16.96,0
2015-08-13 13:15:00,16.96,17.2,16.75,17.1,0
2015-08-13 14:15:00,17.1,17.25,16.97,17.2,0
2015-08-13 15:15:00,17.21,17.22,16.72,16.78,0
2015-08-14 09:15:00,17.02,17.02,15.14,16.69,0
2015-08-14 10:15:00,16.69,16.77,15.97,16.24,0
2015-08-14 11:15:00,16.25,16.31,16.07,16.25,0
2015-08-14 12:15:00,16.26,16.3,16.07,16.18,0
2015-08-14 13:15:00,16.18,16.19,15.99,16.0,0
2015-08-14 14:15:00,16.01,16.2,15.92,15.98,0
2015-08-14 15:15:00,15.98,16.09,15.92,16.09,0
2015-08-17 09:15:00,16.02,17.13,15.29,16.87,0
2015-08-17 10:15:00,16.87,17.14,16.87,17.09,0
2015-08-17 11:15:00,17.09,17.2,16.53,16.68,0
2015-08-17 12:15:00,16.68,16.7,16.39,16.56,0
2015-08-17 13:15:00,16.57,16.73,16.52,16.65,0
2015-08-17 14:15:00,16.64,16.74,16.29,16.44,0
2015-08-17 15:15:00,16.44,16.58,16.42,16.53,0
2015-08-18 09:15:00,16.46,16.46,15.44,16.14,0
2015-08-18 10:15:00,16.12,16.21,15.97,16.13,0
2015-08-18 11:15:00,16.13,16.66,16.07,16.53,0
2015-08-18 12:15:00,16.52,16.64,16.4,16.47,0
2015-08-18 13:15:00,16.47,16.61,16.28,16.3,0
2015-08-18 14:15:00,16.3,16.43,16.18,16.31,0
2015-08-18 15:15:00,16.3,16.61,16.26,16.34,0
2015-08-19 09:15:00,16.36,16.89,14.95,16.75,0
2015-08-19 10:15:00,16.75,16.99,16.56,16.69,0
2015-08-19 11:15:00,16.7,16.92,16.52,16.72,0
2015-08-19 12:15:00,16.72,16.88,16.56,16.64,0
2015-08-19 13:15:00,16.63,16.88,16.54,16.6,0
2015-08-19 14:15:00,16.59,16.83,16.5,16.65,0
2015-08-19 15:15:00,16.65,16.8,16.53,16.55,0
2015-08-20 09:15:00,16.68,16.96,15.5,16.78,0
2015-08-20 10:15:00,16.74,16.91,16.44,16.47,0
2015-08-20 11:15:00,16.48,16.9,16.43,16.83,0
2015-08-20 12:15:00,16.83,16.94,16.67,16.78,0
2015-08-20 13:15:00,16.78,17.21,16.52,17.08,0
2015-08-20 14:15:00,17.04,17.16,16.82,16.94,0
2015-08-20 15:15:00,16.95,17.02,16.84,16.9,0
2015-08-21 09:15:00,16.98,18.73,15.78,17.84,0
2015-08-21 10:15:00,17.84,18.59,17.77,18.07,0
2015-08-21 11:15:00,18.08,18.11,17.44,17.78,0
2015-08-21 12:15:00,17.78,17.95,17.18,17.24,0
2015-08-21 13:15:00,17.24,17.77,17.23,17.55,0
2015-08-21 14:15:00,17.58,17.58,16.86,16.99,0
2015-08-21 15:15:00,17.0,17.32,16.95,17.29,0
2015-08-24 09:15:00,17.12,25.5,17.12,21.77,0
2015-08-24 10:15:00,21.77,25.24,21.72,23.49,0
2015-08-24 11:15:00,23.49,24.48,23.26,24.45,0
2015-08-24 12:15:00,24.45,24.83,23.73,24.42,0
2015-08-24 13:15:00,24.43,26.27,24.08,26.2,0
2015-08-24 14:15:00,26.22,29.01,26.16,27.33,0
2015-08-24 15:15:00,27.33,30.65,27.3,29.38,0
2015-08-25 09:15:00,28.13,31.12,26.08,28.7,0
2015-08-25 10:15:00,28.71,33.03,28.31,33.03,0
2015-08-25 11:15:00,33.02,35.57,29.39,29.85,0
2015-08-25 12:15:00,29.85,30.47,28.34,28.85,0
2015-08-25 13:15:00,28.85,29.26,26.59,27.31,0
2015-08-25 14:15:00,27.3,28.06,26.46,27.18,0
2015-08-25 15:15:00,27.19,27.33,26.54,26.89,0
2015-08-26 09:15:00,26.85,29.05,23.53,26.07,0
2015-08-26 10:15:00,26.07,26.31,24.61,25.0,0
2015-08-26 11:15:00,25.0,25.42,23.63,25.12,0
2015-08-26 12:15:00,25.13,25.92,24.99,25.48,0
2015-08-26 13:15:00,25.48,25.86,24.79,25.03,0
2015-08-26 14:15:00,25.02,25.78,24.52,25.58,0
2015-08-26 15:15:00,25.59,25.78,25.26,25.71,0
2015-08-27 09:15:00,25.52,25.52,22.31,22.55,0
2015-08-27 10:15:00,22.56,22.82,22.24,22.37,0
2015-08-27 11:15:00,22.37,22.87,22.3,22.51,0
2015-08-27 12:15:00,22.51,22.71,21.8,21.88,0
2015-08-27 13:15:00,21.89,22.32,21.52,21.71,0
2015-08-27 14:15:00,21.71,22.12,21.71,22.1,0
2015-08-27 15:15:00,22.1,22.33,21.97,21.98,0
2015-08-28 09:15:00,22.04,22.04,20.08,20.7,0
2015-08-28 10:15:00,20.71,21.04,20.63,20.9,0
2015-08-28 11:15:00,20.9,21.13,20.82,20.92,0
2015-08-28 12:15:00,20.92,21.28,20.89,21.28,0
2015-08-28 13:15:00,21.28,22.83,21.13,22.11,0
2015-08-28 14:15:00,22.12,23.32,22.12,23.29,0
2015-08-28 15:15:00,23.31,23.67,23.28,23.6,0
2015-08-31 09:15:00,23.33,24.56,22.68,24.41,0
2015-08-31 10:15:00,24.41,24.53,23.92,24.14,0
2015-08-31 11:15:00,24.14,24.44,23.51,24.34,0
2015-08-31 12:15:00,24.32,24.36,24.03,24.18,0
2015-08-31 13:15:00,24.18,24.58,24.17,24.47,0
2015-08-31 14:15:00,24.47,24.74,24.32,24.63,0
2015-08-31 15:15:00,24.64,24.69,24.51,24.53,0
2015-09-01 09:15:00,24.6,25.65,24.44,25.62,0
2015-09-01 10:15:00,25.62,25.89,25.62,25.68,0
2015-09-01 11:15:00,25.68,26.16,25.6,26.08,0
2015-09-01 12:15:00,26.06,26.85,26.03,26.84,0
2015-09-01 13:15:00,26.84,29.35,26.84,29.14,0
2015-09-01 14:15:00,29.1,30.44,28.4,28.57,0
2015-09-01 15:15:00,28.57,28.84,28.26,28.65,0
2015-09-02 09:15:00,28.72,28.72,26.44,27.84,0
2015-09-02 10:15:00,27.84,28.23,26.78,27.95,0
2015-09-02 11:15:00,27.93,28.18,27.09,27.24,0
2015-09-02 12:15:00,27.26,27.61,27.11,27.35,0
2015-09-02 13:15:00,27.35,27.79,27.01,27.01,0
2015-09-02 14:15:00,27.02,27.09,26.39,26.58,0
2015-09-02 15:15:00,26.58,26.73,26.38,26.66,0
2015-09-03 09:15:00,26.65,26.65,24.18,24.23,0
2015-09-03 10:15:00,24.23,24.83,24.15,24.64,0
2015-09-03 11:15:00,24.64,24.8,24.53,24.62,0
2015-09-03 12:15:00,24.62,24.97,24.24,24.36,0
2015-09-03 13:15:00,24.35,24.39,23.72,23.8,0
2015-09-03 14:15:00,23.81,24.36,23.78,24.02,0
2015-09-03 15:15:00,24.02,24.26,23.91,24.1,0
2015-09-04 09:15:00,24.12,27.08,23.49,26.74,0
2015-09-04 10:15:00,26.74,26.88,25.63,26.2,0
2015-09-04 11:15:00,26.18,26.55,25.57,26.37,0
2015-09-04 12:15:00,26.37,26.87,26.28,26.67,0
2015-09-04 13:15:00,26.65,27.25,26.14,27.06,0
2015-09-04 14:15:00,27.06,27.2,26.29,26.46,0
2015-09-04 15:15:00,26.46,26.48,26.14,26.16,0
2015-09-07 09:15:00,26.42,26.83,24.51,25.76,0
2015-09-07 10:15:00,25.76,26.03,25.51,25.53,0
2015-09-07 11:15:00,25.55,25.74,25.3,25.71,0
2015-09-07 12:15:00,25.71,26.02,25.41,25.95,0
2015-09-07 13:15:00,26.0,26.1,25.66,25.93,0
2015-09-07 14:15:00,25.92,26.51,25.87,26.47,0
2015-09-07 15:15:00,26.47,26.5,26.27,26.48,0
2015-09-08 09:15:00,26.35,26.44,24.75,25.77,0
2015-09-08 10:15:00,25.77,25.93,25.4,25.61,0
2015-09-08 11:15:00,25.61,25.94,24.97,25.15,0
2015-09-08 12:15:00,25.15,25.31,24.72,24.86,0
2015-09-08 13:15:00,24.85,24.96,24.41,24.47,0
2015-09-08 14:15:00,24.46,24.73,23.84,24.62,0
2015-09-08 15:15:00,24.62,24.72,24.22,24.22,0
2015-09-09 09:15:00,24.57,24.57,21.89,23.87,0
2015-09-09 10:15:00,23.88,24.57,23.84,24.05,0
2015-09-09 11:15:00,24.05,24.09,23.62,23.79,0
2015-09-09 12:15:00,23.79,23.94,23.59,23.7,0
2015-09-09 13:15:00,23.7,24.6,23.68,24.44,0
2015-09-09 14:15:00,24.45,24.66,24.05,24.19,0
2015-09-09 15:15:00,24.19,24.38,24.17,24.34,0
2015-09-10 09:15:00,24.3,25.84,24.02,25.47,0
2015-09-10 10:15:00,25.45,25.64,25.18,25.44,0
2015-09-10 11:15:00,25.44,25.47,24.71,24.86,0
2015-09-10 12:15:00,24.86,25.37,24.86,24.98,0
2015-09-10 13:15:00,24.98,25.63,24.78,25.36,0
2015-09-10 14:15:00,25.36,25.48,24.48,24.75,0
2015-09-10 15:15:00,24.75,24.9,24.53,24.73,0
2015-09-11 09:15:00,24.75,24.92,23.65,24.8,0
2015-09-11 10:15:00,24.8,25.19,24.7,25.07,0
2015-09-11 11:15:00,25.07,25.26,24.98,25.15,0
2015-09-11 12:15:00,25.15,25.21,24.89,25.03,0
2015-09-11 13:15:00,25.04,25.2,24.68,25.08,0
2015-09-11 14:15:00,25.07,25.2,24.73,25.12,0
2015-09-11 15:15:00,25.12,25.19,24.99,25.06,0
2015-09-14 09:15:00,24.98,25.27,23.46,24.97,0
2015-09-14 10:15:00,24.97,25.05,24.3,24.76,0
2015-09-14 11:15:00,24.76,24.94,24.71,24.94,0
2015-09-14 12:15:00,24.94,25.05,24.41,24.58,0
2015-09-14 13:15:00,24.58,24.68,24.43,24.6,0
2015-09-14 14:15:00,24.58,24.63,24.13,24.29,0
2015-09-14 15:15:00,24.29,24.43,24.28,24.43,0
2015-09-15 09:15:00,24.32,24.5,22.7,24.39,0
2015-09-15 10:15:00,24.39,24.56,24.14,24.31,0
2015-09-15 11:15:00,24.31,24.44,24.01,24.14,0
2015-09-15 12:15:00,24.14,24.17,23.81,23.9,0
2015-09-15 13:15:00,23.91,24.07,23.79,23.96,0
2015-09-15 14:15:00,23.96,24.07,23.69,23.72,0
2015-09-15 15:15:00,23.72,23.8,23.67,23.71,0
2015-09-16 09:15:00,23.74,23.74,21.6,22.51,0
2015-09-16 10:15:00,22.51,22.51,22.21,22.21,0
2015-09-16 11:15:00,22.21,22.22,21.76,21.84,0
2015-09-16 12:15:00,21.84,21.96,21.61,21.92,0
2015-09-16 13:15:00,21.93,22.13,21.91,21.99,0
2015-09-16 14:15:00,21.98,22.17,21.85,22.05,0
2015-09-16 15:15:00,22.05,22.17,21.77,21.78,0
2015-09-18 09:15:00,22.0,22.0,17.88,18.18,0
2015-09-18 10:15:00,18.18,18.65,18.12,18.43,0
2015-09-18 11:15:00,18.43,18.52,18.2,18.21,0
2015-09-18 12:15:00,18.21,18.47,18.08,18.3,0
2015-09-18 13:15:00,18.32,18.34,18.15,18.28,0
2015-09-18 14:15:00,18.29,19.13,18.14,18.14,0
2015-09-18 15:15:00,18.14,18.5,18.11,18.48,0
2015-09-21 09:15:00,18.29,18.92,16.99,18.65,0
2015-09-21 10:15:00,18.67,18.85,18.4,18.56,0
2015-09-21 11:15:00,18.57,18.63,18.22,18.31,0
2015-09-21 12:15:00,18.32,18.52,18.21,18.31,0
2015-09-21 13:15:00,18.31,18.79,18.23,18.46,0
2015-09-21 14:15:00,18.5,18.53,18.14,18.17,0
2015-09-21 15:15:00,18.17,18.22,17.9,17.92,0
2015-09-22 09:15:00,18.18,19.1,17.28,18.09,0
2015-09-22 10:15:00,18.1,18.32,17.5,17.67,0
2015-09-22 11:15:00,17.69,17.84,17.21,17.42,0
2015-09-22 12:15:00,17.4,17.82,17.28,17.69,0
2015-09-22 13:15:00,17.7,20.49,17.59,19.7,0
2015-09-22 14:15:00,19.72,20.82,19.58,20.26,0
2015-09-22 15:15:00,20.26,21.2,20.24,21.17,0
2015-09-23 09:15:00,20.35,21.87,19.77,20.93,0
2015-09-23 10:15:00,20.9,21.44,20.67,21.26,0
2015-09-23 11:15:00,21.29,21.59,20.78,21.19,0
2015-09-23 12:15:00,21.2,22.19,21.13,21.97,0
2015-09-23 13:15:00,21.97,22.11,20.68,20.68,0
2015-09-23 14:15:00,20.67,20.95,20.06,20.85,0
2015-09-23 15:15:00,20.85,20.89,20.03,20.07,0
2015-09-24 09:15:00,20.69,21.57,19.81,20.73,0
2015-09-24 10:15:00,20.73,20.73,19.68,19.91,0
2015-09-24 11:15:00,19.91,20.12,19.49,19.52,0
2015-09-24 12:15:00,19.52,20.55,19.39,20.48,0
2015-09-24 13:15:00,20.48,21.45,20.0,21.23,0
2015-09-24 14:15:00,21.23,21.4,20.28,20.91,0
2015-09-24 15:15:00,20.9,21.2,20.71,21.06,0
2015-09-28 09:15:00,20.88,22.24,20.88,21.57,0
2015-09-28 10:15:00,21.57,21.78,21.28,21.56,0
2015-09-28 11:15:00,21.56,21.68,21.44,21.52,0
2015-09-28 12:15:00,21.53,21.74,21.12,21.14,0
2015-09-28 13:15:00,21.13,21.49,20.77,21.39,0
2015-09-28 14:15:00,21.39,21.69,21.15,21.67,0
2015-09-28 15:15:00,21.65,21.82,21.64,21.7,0
2015-09-29 09:15:00,21.67,23.31,21.67,23.11,0
2015-09-29 10:15:00,23.12,23.63,21.27,22.19,0
2015-09-29 11:15:00,22.2,22.9,21.74,21.81,0
2015-09-29 12:15:00,21.83,22.18,20.95,20.97,0
2015-09-29 13:15:00,20.97,21.44,20.44,20.65,0
2015-09-29 14:15:00,20.65,21.63,20.5,21.5,0
2015-09-29 15:15:00,21.5,21.8,21.48,21.57,0
2015-09-30 09:15:00,21.57,21.57,20.38,20.89,0
2015-09-30 10:15:00,20.87,20.9,20.52,20.71,0
2015-09-30 11:15:00,20.73,20.9,20.55,20.77,0
2015-09-30 12:15:00,20.77,20.8,20.3,20.36,0
2015-09-30 13:15:00,20.35,20.72,20.31,20.46,0
2015-09-30 14:15:00,20.46,20.46,19.37,19.47,0
2015-09-30 15:15:00,19.47,19.83,19.42,19.66,0
2015-10-01 09:15:00,19.63,19.63,18.34,19.18,0
2015-10-01 10:15:00,19.17,20.11,19.15,19.69,0
2015-10-01 11:15:00,19.69,19.84,19.43,19.59,0
2015-10-01 12:15:00,19.59,19.68,19.25,19.28,0
2015-10-01 13:15:00,19.28,19.67,19.14,19.34,0
2015-10-01 14:15:00,19.34,19.55,19.05,19.25,0
2015-10-01 15:15:00,19.25,19.33,19.18,19.21,0
2015-10-05 09:15:00,19.24,19.45,18.06,19.33,0
2015-10-05 10:15:00,19.33,19.46,19.23,19.46,0
2015-10-05 11:15:00,19.46,19.46,19.29,19.3,0
2015-10-05 12:15:00,19.31,19.34,19.08,19.14,0
2015-10-05 13:15:00,19.14,19.3,18.93,19.06,0
2015-10-05 14:15:00,19.07,19.21,18.83,19.21,0
2015-10-05 15:15:00,19.21,19.31,19.05,19.05,0
2015-10-06 09:15:00,19.13,19.49,17.39,19.46,0
2015-10-06 10:15:00,19.46,19.5,19.26,19.34,0
2015-10-06 11:15:00,19.34,19.75,19.31,19.73,0
2015-10-06 12:15:00,19.72,19.9,19.56,19.56,0
2015-10-06 13:15:00,19.56,19.72,19.25,19.44,0
2015-10-06 14:15:00,19.44,19.45,19.09,19.32,0
2015-10-06 15:15:00,19.32,19.4,19.27,19.34,0
2015-10-07 09:15:00,19.31,19.74,17.9,19.5,0
2015-10-07 10:15:00,19.51,19.6,19.42,19.55,0
2015-10-07 11:15:00,19.55,19.72,19.43,19.72,0
2015-10-07 12:15:00,19.72,19.74,19.34,19.34,0
2015-10-07 13:15:00,19.33,19.6,19.32,19.47,0
2015-10-07 14:15:00,19.47,19.6,19.26,19.37,0
2015-10-07 15:15:00,19.37,19.37,19.22,19.36,0
2015-10-08 09:15:00,19.34,19.93,17.35,19.78,0
2015-10-08 10:15:00,19.78,19.82,19.63,19.78,0
2015-10-08 11:15:00,19.78,19.93,19.74,19.9,0
2015-10-08 12:15:00,19.89,19.9,19.69,19.7,0
2015-10-08 13:15:00,19.7,19.81,19.56,19.73,0
2015-10-08 14:15:00,19.73,19.79,19.5,19.64,0
2015-10-08 15:15:00,19.64,19.64,19.43,19.51,0
2015-10-09 09:15:00,19.56,19.56,17.86,18.85,0
2015-10-09 10:15:00,18.85,19.29,18.83,19.22,0
2015-10-09 11:15:00,19.23,19.41,19.14,19.33,0
2015-10-09 12:15:00,19.33,19.61,19.27,19.55,0
2015-10-09 13:15:00,19.55,19.69,19.15,19.18,0
2015-10-09 14:15:00,19.17,19.26,18.71,18.92,0
2015-10-09 15:15:00,18.91,19.16,18.91,19.13,0
2015-10-12 09:15:00,18.93,19.99,17.19,19.51,0
2015-10-12 10:15:00,19.51,19.81,19.5,19.68,0
2015-10-12 11:15:00,19.69,19.7,19.41,19.45,0
2015-10-12 12:15:00,19.45,19.45,19.07,19.3,0
2015-10-12 13:15:00,19.3,19.78,19.25,19.56,0
2015-10-12 14:15:00,19.56,19.71,19.1,19.12,0
2015-10-12 15:15:00,19.11,19.12,18.95,19.0,0
2015-10-13 09:15:00,19.12,19.22,18.17,18.78,0
2015-10-13 10:15:00,18.77,18.79,18.48,18.5,0
2015-10-13 11:15:00,18.5,18.53,18.09,18.11,0
2015-10-13 12:15:00,18.1,18.31,17.94,18.24,0
2015-10-13 13:15:00,18.24,18.45,18.19,18.25,0
2015-10-13 14:15:00,18.25,18.32,17.85,18.01,0
2015-10-13 15:15:00,18.0,18.22,17.98,18.22,0
2015-10-14 09:15:00,18.02,18.28,15.76,17.99,0
2015-10-14 10:15:00,17.99,18.09,17.9,17.98,0
2015-10-14 11:15:00,17.98,18.09,17.91,17.94,0
2015-10-14 12:15:00,17.94,18.02,17.88,18.01,0
2015-10-14 13:15:00,18.01,18.04,17.66,17.74,0
2015-10-14 14:15:00,17.75,17.87,17.66,17.72,0
2015-10-14 15:15:00,17.72,17.77,17.63,17.64,0
2015-10-15 09:15:00,17.72,17.72,14.86,17.31,0
2015-10-15 10:15:00,17.31,17.45,17.2,17.26,0
2015-10-15 11:15:00,17.26,17.26,17.12,17.2,0
2015-10-15 12:15:00,17.2,17.36,17.16,17.29,0
2015-10-15 13:15:00,17.29,17.44,17.18,17.42,0
2015-10-15 14:15:00,17.42,17.57,17.15,17.17,0
2015-10-15 15:15:00,17.17,17.21,16.77,16.8,0
2015-10-16 09:15:00,17.17,17.17,14.03,16.75,0
2015-10-16 10:15:00,16.75,16.86,16.71,16.83,0
2015-10-16 11:15:00,16.83,17.02,16.8,17.0,0
2015-10-16 12:15:00,17.01,17.18,16.68,16.86,0
2015-10-16 13:15:00,16.86,16.89,16.44,16.49,0
2015-10-16 14:15:00,16.51,16.51,16.12,16.3,0
2015-10-16 15:15:00,16.3,16.37,16.26,16.3,0
2015-10-19 09:15:00,16.28,16.95,15.3,16.89,0
2015-10-19 10:15:00,16.88,17.07,16.84,16.91,0
2015-10-19 11:15:00,16.91,17.01,16.88,16.95,0
2015-10-19 12:15:00,16.95,16.97,16.72,16.85,0
2015-10-19 13:15:00,16.85,16.91,16.72,16.79,0
2015-10-19 14:15:00,16.79,16.96,16.76,16.89,0
2015-10-19 15:15:00,16.89,16.97,16.84,16.89,0
2015-10-20 09:15:00,16.88,16.89,14.53,16.69,0
2015-10-20 10:15:00,16.68,16.81,16.57,16.79,0
2015-10-20 11:15:00,16.79,16.97,16.78,16.87,0
2015-10-20 12:15:00,16.87,16.96,16.75,16.76,0
2015-10-20 13:15:00,16.76,17.18,16.75,17.01,0
2015-10-20 14:15:00,17.01,17.18,16.95,17.07,0
2015-10-20 15:15:00,17.07,17.08,16.87,16.94,0
2015-10-21 09:15:00,17.0,17.0,15.12,16.78,0
2015-10-21 10:15:00,16.79,16.89,16.75,16.85,0
2015-10-21 11:15:00,16.85,17.14,16.82,17.13,0
2015-10-21 12:15:00,17.13,17.42,17.05,17.17,0
2015-10-21 13:15:00,17.19,17.19,16.8,16.91,0
2015-10-21 14:15:00,16.91,16.92,16.56,16.62,0
2015-10-21 15:15:00,16.62,16.69,16.43,16.49,0
2015-10-23 09:15:00,16.62,16.62,14.65,16.49,0
2015-10-23 10:15:00,16.49,16.5,16.16,16.32,0
2015-10-23 11:15:00,16.32,16.43,16.24,16.32,0
2015-10-23 12:15:00,16.32,16.41,16.28,16.31,0
2015-10-23 13:15:00,16.31,16.42,16.1,16.23,0
2015-10-23 14:15:00,16.23,16.39,16.08,16.24,0
2015-10-23 15:15:00,16.24,16.28,16.11,16.17,0
2015-10-26 09:15:00,16.19,17.32,15.01,17.29,0
2015-10-26 10:15:00,17.29,17.82,17.07,17.7,0
2015-10-26 11:15:00,17.7,17.75,17.21,17.28,0
2015-10-26 12:15:00,17.26,17.42,17.01,17.06,0
2015-10-26 13:15:00,17.04,17.19,16.8,17.15,0
2015-10-26 14:15:00,17.1,17.41,17.01,17.18,0
2015-10-26 15:15:00,17.18,17.36,17.07,17.22,0
2015-10-27 09:15:00,17.23,17.23,16.0,17.0,0
2015-10-27 10:15:00,17.01,17.3,16.66,16.87,0
2015-10-27 11:15:00,16.86,17.01,16.63,16.69,0
2015-10-27 12:15:00,16.69,16.96,16.62,16.8,0
2015-10-27 13:15:00,16.77,16.82,16.56,16.61,0
2015-10-27 14:15:00,16.6,16.73,16.41,16.54,0
2015-10-27 15:15:00,16.53,16.63,16.48,16.57,0
2015-10-28 09:15:00,16.54,17.06,15.59,16.96,0
2015-10-28 10:15:00,16.95,16.99,16.65,16.69,0
2015-10-28 11:15:00,16.69,16.83,16.6,16.63,0
2015-10-28 12:15:00,16.63,17.21,16.52,17.09,0
2015-10-28 13:15:00,17.09,17.48,17.06,17.18,0
2015-10-28 14:15:00,17.17,17.3,16.87,16.97,0
2015-10-28 15:15:00,16.99,17.24,16.87,17.06,0
2015-10-29 09:15:00,17.04,17.59,14.72,16.92,0
2015-10-29 10:15:00,16.92,17.43,16.91,17.38,0
2015-10-29 11:15:00,17.37,17.57,17.29,17.33,0
2015-10-29 12:15:00,17.32,17.63,17.23,17.59,0
2015-10-29 13:15:00,17.57,17.72,17.41,17.52,0
2015-10-29 14:15:00,17.54,17.95,17.41,17.57,0
2015-10-29 15:15:00,17.58,17.77,17.44,17.77,0
2015-10-30 09:15:00,17.58,17.58,16.88,17.48,0
2015-10-30 10:15:00,17.48,17.62,17.32,17.49,0
2015-10-30 11:15:00,17.49,17.65,17.46,17.58,0
2015-10-30 12:15:00,17.6,17.9,17.51,17.81,0
2015-10-30 13:15:00,17.81,18.26,17.79,18.25,0
2015-10-30 14:15:00,18.25,18.32,17.78,17.86,0
2015-10-30 15:15:00,17.86,18.02,17.76,18.0,0
2015-11-02 09:15:00,17.88,19.19,17.38,18.98,0
2015-11-02 10:15:00,18.99,19.14,18.9,19.02,0
2015-11-02 11:15:00,19.03,19.45,18.99,19.4,0
2015-11-02 12:15:00,19.4,19.81,19.39,19.66,0
2015-11-02 13:15:00,19.66,20.1,19.55,20.1,0
2015-11-02 14:15:00,20.09,20.13,19.39,19.44,0
2015-11-02 15:15:00,19.44,19.57,19.32,19.54,0
2015-11-03 09:15:00,19.48,19.49,18.07,19.4,0
2015-11-03 10:15:00,19.39,19.55,19.3,19.44,0
2015-11-03 11:15:00,19.44,19.6,19.36,19.6,0
2015-11-03 12:15:00,19.6,19.96,19.59,19.79,0
2015-11-03 13:15:00,19.79,19.9,19.41,19.41,0
2015-11-03 14:15:00,19.41,19.55,19.24,19.46,0
2015-11-03 15:15:00,19.46,19.8,19.44,19.66,0
2015-11-04 09:15:00,19.56,19.56,17.95,19.34,0
2015-11-04 10:15:00,19.33,19.63,19.29,19.51,0
2015-11-04 11:15:00,19.51,19.51,19.27,19.41,0
2015-11-04 12:15:00,19.41,19.43,19.14,19.36,0
2015-11-04 13:15:00,19.37,19.43,19.21,19.21,0
2015-11-04 14:15:00,19.21,19.49,19.12,19.39,0
2015-11-04 15:15:00,19.39,19.56,19.33,19.5,0
2015-11-05 09:15:00,19.36,19.74,18.34,19.34,0
2015-11-05 10:15:00,19.34,19.55,19.11,19.12,0
2015-11-05 11:15:00,19.09,19.11,18.56,18.81,0
2015-11-05 12:15:00,18.8,19.0,18.76,18.88,0
2015-11-05 13:15:00,18.88,19.15,18.82,19.03,0
2015-11-05 14:15:00,19.03,19.39,18.96,19.24,0
2015-11-05 15:15:00,19.25,19.47,19.15,19.37,0
2015-11-06 09:15:00,19.29,19.29,16.62,19.02,0
2015-11-06 10:15:00,19.03,19.42,18.68,19.09,0
2015-11-06 11:15:00,19.08,19.16,18.96,19.06,0
2015-11-06 12:15:00,19.06,19.17,18.95,19.16,0
2015-11-06 13:15:00,19.16,19.43,19.06,19.31,0
2015-11-06 14:15:00,19.31,19.58,19.06,19.55,0
2015-11-06 15:15:00,19.56,19.59,19.31,19.57,0
2015-11-09 09:15:00,19.47,19.47,15.99,17.06,0
2015-11-09 10:15:00,17.06,17.56,17.06,17.45,0
2015-11-09 11:15:00,17.45,17.54,17.31,17.39,0
2015-11-09 12:15:00,17.38,17.39,17.2,17.3,0
2015-11-09 13:15:00,17.3,17.55,17.21,17.29,0
2015-11-09 14:15:00,17.31,17.33,17.02,17.07,0
2015-11-09 15:15:00,17.07,17.08,16.78,16.82,0
2015-11-10 09:15:00,17.04,17.06,15.3,17.02,0
2015-11-10 10:15:00,17.02,17.03,16.59,16.63,0
2015-11-10 11:15:00,16.63,16.74,16.53,16.57,0
2015-11-10 12:15:00,16.57,16.81,16.53,16.63,0
2015-11-10 13:15:00,16.63,16.71,16.38,16.43,0
2015-11-10 14:15:00,16.43,17.04,16.42,16.78,0
2015-11-10 15:15:00,16.79,16.96,16.76,16.94,0
2015-11-11 17:30:00,16.83,16.95,15.19,16.92,0
2015-11-11 18:30:00,16.92,16.94,16.84,16.85,0
2015-11-13 09:15:00,16.91,17.44,15.8,17.28,0
2015-11-13 10:15:00,17.28,17.42,17.18,17.39,0
2015-11-13 11:15:00,17.39,17.62,17.33,17.43,0
2015-11-13 12:15:00,17.44,17.57,17.32,17.47,0
2015-11-13 13:15:00,17.47,17.67,17.33,17.65,0
2015-11-13 14:15:00,17.66,17.72,17.46,17.7,0
2015-11-13 15:15:00,17.7,17.71,17.61,17.67,0
2015-11-16 09:15:00,17.65,18.53,15.42,18.46,0
2015-11-16 10:15:00,18.47,18.61,18.27,18.37,0
2015-11-16 11:15:00,18.36,18.42,17.92,18.01,0
2015-11-16 12:15:00,18.01,18.12,17.75,17.85,0
2015-11-16 13:15:00,17.84,17.98,17.69,17.76,0
2015-11-16 14:15:00,17.76,17.98,17.59,17.98,0
2015-11-16 15:15:00,17.98,18.0,17.86,17.89,0
2015-11-17 09:15:00,17.88,17.88,15.62,17.53,0
2015-11-17 10:15:00,17.53,17.58,17.16,17.37,0
2015-11-17 11:15:00,17.37,17.47,17.21,17.23,0
2015-11-17 12:15:00,17.24,17.4,17.17,17.25,0
2015-11-17 13:15:00,17.25,17.52,17.11,17.25,0
2015-11-17 14:15:00,17.25,17.4,16.9,16.96,0
2015-11-17 15:15:00,16.96,17.15,16.91,17.0,0
2015-11-18 09:15:00,16.97,17.11,14.9,16.85,0
2015-11-18 10:15:00,16.85,16.92,16.75,16.81,0
2015-11-18 11:15:00,16.81,17.05,16.69,16.85,0
2015-11-18 12:15:00,16.86,17.22,16.78,17.01,0
2015-11-18 13:15:00,17.01,17.69,16.99,17.49,0
2015-11-18 14:15:00,17.49,17.75,17.32,17.42,0
2015-11-18 15:15:00,17.41,17.51,17.27,17.45,0
2015-11-19 09:15:00,17.42,17.42,14.42,16.57,0
2015-11-19 10:15:00,16.57,16.63,15.87,15.88,0
2015-11-19 11:15:00,15.9,16.43,15.81,16.37,0
2015-11-19 12:15:00,16.37,16.46,16.14,16.19,0
2015-11-19 13:15:00,16.19,16.35,15.9,16.28,0
2015-11-19 14:15:00,16.28,16.35,15.76,15.77,0
2015-11-19 15:15:00,15.78,15.89,15.7,15.81,0
2015-11-20 09:15:00,15.84,15.84,13.83,15.62,0
2015-11-20 10:15:00,15.61,15.76,15.35,15.56,0
2015-11-20 11:15:00,15.56,16.01,15.53,15.8,0
2015-11-20 12:15:00,15.8,15.89,15.58,15.77,0
2015-11-20 13:15:00,15.76,15.87,15.52,15.82,0
2015-11-20 14:15:00,15.82,15.95,15.56,15.88,0
2015-11-20 15:15:00,15.88,16.14,15.85,15.92,0
2015-11-23 09:15:00,15.9,17.42,15.78,17.03,0
2015-11-23 10:15:00,17.02,17.22,16.83,16.86,0
2015-11-23 11:15:00,16.85,16.95,16.31,16.77,0
2015-11-23 12:15:00,16.75,17.21,16.64,17.13,0
2015-11-23 13:15:00,17.15,17.49,16.84,17.37,0
2015-11-23 14:15:00,17.43,17.56,16.71,17.07,0
2015-11-23 15:15:00,17.08,17.19,16.88,16.91,0
2015-11-24 09:15:00,17.08,17.08,15.65,16.22,0
2015-11-24 10:15:00,16.2,16.54,15.91,16.35,0
2015-11-24 11:15:00,16.37,16.71,16.25,16.58,0
2015-11-24 12:15:00,16.59,16.72,16.26,16.27,0
2015-11-24 13:15:00,16.3,16.5,16.1,16.22,0
2015-11-24 14:15:00,16.21,16.66,16.06,16.14,0
2015-11-24 15:15:00,16.13,16.36,16.06,16.27,0
2015-11-26 09:15:00,16.25,16.46,15.09,16.28,0
2015-11-26 10:15:00,16.28,16.32,16.11,16.2,0
2015-11-26 11:15:00,16.19,16.23,16.04,16.11,0
2015-11-26 12:15:00,16.12,16.3,16.07,16.12,0
2015-11-26 13:15:00,16.13,16.18,15.94,16.06,0
2015-11-26 14:15:00,16.06,16.79,16.03,16.65,0
2015-11-26 15:15:00,16.65,16.74,16.6,16.63,0
2015-11-27 09:15:00,16.69,16.98,16.17,16.55,0
2015-11-27 10:15:00,16.57,16.61,16.27,16.53,0
2015-11-27 11:15:00,16.53,16.87,16.48,16.83,0
2015-11-27 12:15:00,16.83,16.96,16.69,16.81,0
2015-11-27 13:15:00,16.82,16.95,16.52,16.71,0
2015-11-27 14:15:00,16.71,16.77,16.51,16.69,0
2015-11-27 15:15:00,16.69,16.91,16.58,16.58,0
2015-11-30 09:15:00,16.73,17.19,16.05,17.14,0
2015-11-30 10:15:00,17.14,17.24,16.96,17.0,0
2015-11-30 11:15:00,17.02,17.12,16.91,16.91,0
2015-11-30 12:15:00,16.92,17.0,16.79,16.91,0
2015-11-30 13:15:00,16.91,16.95,16.7,16.73,0
2015-11-30 14:15:00,16.73,16.87,16.35,16.4,0
2015-11-30 15:15:00,16.4,16.47,16.22,16.29,0
2015-12-01 09:15:00,16.43,16.43,15.85,16.21,0
2015-12-01 10:15:00,16.2,16.25,15.85,16.05,0
2015-12-01 11:15:00,16.05,16.13,15.75,15.81,0
2015-12-01 12:15:00,15.82,15.89,15.69,15.71,0
2015-12-01 13:15:00,15.71,15.84,15.62,15.74,0
2015-12-01 14:15:00,15.73,15.77,15.59,15.63,0
2015-12-01 15:15:00,15.63,15.65,15.53,15.59,0
2015-12-02 09:15:00,15.64,15.64,14.76,15.43,0
2015-12-02 10:15:00,15.43,15.98,15.42,15.89,0
2015-12-02 11:15:00,15.89,15.98,15.84,15.9,0
2015-12-02 12:15:00,15.89,15.95,15.82,15.88,0
2015-12-02 13:15:00,15.88,15.89,15.49,15.63,0
2015-12-02 14:15:00,15.63,15.66,15.31,15.41,0
2015-12-02 15:15:00,15.41,15.74,15.41,15.66,0
2015-12-03 09:15:00,15.49,15.8,15.13,15.72,0
2015-12-03 10:15:00,15.72,15.99,15.7,15.95,0
2015-12-03 11:15:00,15.95,15.99,15.88,15.9,0
2015-12-03 12:15:00,15.9,15.98,15.81,15.84,0
2015-12-03 13:15:00,15.84,15.96,15.74,15.95,0
2015-12-03 14:15:00,15.94,16.11,15.87,16.08,0
2015-12-03 15:15:00,16.08,16.16,16.08,16.1,0
2015-12-04 09:15:00,16.06,16.53,15.56,16.29,0
2015-12-04 10:15:00,16.29,16.55,16.28,16.51,0
2015-12-04 11:15:00,16.51,16.52,16.37,16.45,0
2015-12-04 12:15:00,16.45,16.52,16.18,16.21,0
2015-12-04 13:15:00,16.19,16.35,16.13,16.3,0
2015-12-04 14:15:00,16.3,16.33,16.01,16.09,0
2015-12-04 15:15:00,16.1,16.13,15.82,15.84,0
2015-12-07 09:15:00,16.09,16.36,15.81,16.27,0
2015-12-07 10:15:00,16.27,16.33,16.14,16.22,0
2015-12-07 11:15:00,16.21,16.27,16.13,16.16,0
2015-12-07 12:15:00,16.16,16.35,16.11,16.18,0
2015-12-07 13:15:00,16.17,16.23,16.02,16.08,0
2015-12-07 14:15:00,16.09,16.09,15.82,15.83,0
2015-12-07 15:15:00,15.83,15.9,15.79,15.86,0
2015-12-08 09:15:00,15.87,16.03,15.49,15.93,0
2015-12-08 10:15:00,15.93,15.99,15.84,15.89,0
2015-12-08 11:15:00,15.89,15.94,15.83,15.92,0
2015-12-08 12:15:00,15.92,15.95,15.78,15.89,0
2015-12-08 13:15:00,15.89,15.91,15.7,15.77,0
2015-12-08 14:15:00,15.78,16.01,15.69,15.93,0
2015-12-08 15:15:00,15.92,16.23,15.89,16.23,0
2015-12-09 09:15:00,15.97,16.39,15.37,16.32,0
2015-12-09 10:15:00,16.33,16.85,16.3,16.67,0
2015-12-09 11:15:00,16.67,16.89,16.66,16.69,0
2015-12-09 12:15:00,16.69,16.84,16.64,16.8,0
2015-12-09 13:15:00,16.8,16.85,16.58,16.64,0
2015-12-09 14:15:00,16.64,16.92,16.47,16.72,0
2015-12-09 15:15:00,16.72,16.75,16.58,16.62,0
2015-12-10 09:15:00,16.73,16.73,15.46,16.45,0
2015-12-10 10:15:00,16.45,16.52,16.21,16.24,0
2015-12-10 11:15:00,16.24,16.4,16.2,16.23,0
2015-12-10 12:15:00,16.24,16.37,16.15,16.35,0
2015-12-10 13:15:00,16.35,16.54,16.1,16.29,0
2015-12-10 14:15:00,16.29,16.45,16.19,16.31,0
2015-12-10 15:15:00,16.31,16.38,16.21,16.3,0
2015-12-11 09:15:00,16.29,16.61,15.04,16.53,0
2015-12-11 10:15:00,16.53,16.7,16.44,16.68,0
2015-12-11 11:15:00,16.68,17.0,16.64,16.84,0
2015-12-11 12:15:00,16.83,17.77,16.8,17.5,0
2015-12-11 13:15:00,17.49,17.72,17.29,17.47,0
2015-12-11 14:15:00,17.47,17.52,17.01,17.23,0
2015-12-11 15:15:00,17.24,17.24,16.91,17.06,0
2015-12-14 09:15:00,17.18,18.13,16.46,18.01,0
2015-12-14 10:15:00,18.01,18.06,17.56,18.04,0
2015-12-14 11:15:00,18.03,18.11,17.88,18.02,0
2015-12-14 12:15:00,18.01,18.04,17.68,17.76,0
2015-12-14 13:15:00,17.76,17.99,17.6,17.98,0
2015-12-14 14:15:00,18.0,18.36,17.69,17.77,0
2015-12-14 15:15:00,17.77,17.92,17.68,17.92,0
2015-12-15 09:15:00,17.8,18.36,16.11,18.29,0
2015-12-15 10:15:00,18.29,18.34,18.16,18.18,0
2015-12-15 11:15:00,18.17,18.22,17.97,18.13,0
2015-12-15 12:15:00,18.13,18.23,17.97,18.19,0
2015-12-15 13:15:00,18.18,18.19,17.67,17.67,0
2015-12-15 14:15:00,17.67,17.7,17.27,17.34,0
2015-12-15 15:15:00,17.34,17.37,17.29,17.36,0
2015-12-16 09:15:00,17.34,17.34,14.91,16.81,0
2015-12-16 10:15:00,16.82,16.9,16.73,16.85,0
2015-12-16 11:15:00,16.85,16.95,16.66,16.69,0
2015-12-16 12:15:00,16.69,16.79,16.62,16.72,0
2015-12-16 13:15:00,16.72,16.88,16.67,16.75,0
2015-12-16 14:15:00,16.75,16.87,16.62,16.71,0
2015-12-16 15:15:00,16.71,16.87,16.62,16.62,0
2015-12-17 09:15:00,16.73,16.73,14.15,15.22,0
2015-12-17 10:15:00,15.22,15.3,14.92,14.98,0
2015-12-17 11:15:00,14.98,15.06,14.88,14.98,0
2015-12-17 12:15:00,14.98,15.01,14.78,14.79,0
2015-12-17 13:15:00,14.79,14.89,14.46,14.47,0
2015-12-17 14:15:00,14.47,14.51,14.08,14.22,0
2015-12-17 15:15:00,14.23,14.24,14.02,14.09,0
2015-12-18 09:15:00,14.22,14.48,13.04,14.42,0
2015-12-18 10:15:00,14.42,14.47,14.31,14.44,0
2015-12-18 11:15:00,14.44,14.54,14.4,14.52,0
2015-12-18 12:15:00,14.52,14.64,14.39,14.61,0
2015-12-18 13:15:00,14.6,14.71,14.4,14.53,0
2015-12-18 14:15:00,14.53,14.66,14.42,14.5,0
2015-12-18 15:15:00,14.5,14.55,14.35,14.5,0
2015-12-21 09:15:00,14.49,14.97,12.98,14.69,0
2015-12-21 10:15:00,14.69,14.69,14.45,14.52,0
2015-12-21 11:15:00,14.52,14.6,14.42,14.59,0
2015-12-21 12:15:00,14.59,14.61,14.5,14.5,0
2015-12-21 13:15:00,14.5,14.53,14.32,14.38,0
2015-12-21 14:15:00,14.38,14.39,14.15,14.23,0
2015-12-21 15:15:00,14.23,14.31,14.2,14.25,0
2015-12-22 09:15:00,14.23,14.37,12.23,14.1,0
2015-12-22 10:15:00,14.09,14.3,14.02,14.28,0
2015-12-22 11:15:00,14.27,14.33,13.93,14.22,0
2015-12-22 12:15:00,14.22,14.27,14.09,14.1,0
2015-12-22 13:15:00,14.1,14.21,14.03,14.15,0
2015-12-22 14:15:00,14.15,14.61,14.13,14.43,0
2015-12-22 15:15:00,14.43,14.57,14.37,14.57,0
2015-12-23 09:15:00,14.48,14.48,12.63,13.98,0
2015-12-23 10:15:00,13.98,14.06,13.84,13.86,0
2015-12-23 11:15:00,13.85,13.94,13.77,13.85,0
2015-12-23 12:15:00,13.85,13.9,13.64,13.72,0
2015-12-23 13:15:00,13.72,13.78,13.56,13.57,0
2015-12-23 14:15:00,13.59,13.79,13.54,13.66,0
2015-12-23 15:15:00,13.66,13.71,13.58,13.65,0
2015-12-24 09:15:00,13.65,13.71,11.2,13.55,0
2015-12-24 10:15:00,13.54,13.6,13.48,13.53,0
2015-12-24 11:15:00,13.52,13.64,13.5,13.57,0
2015-12-24 12:15:00,13.57,13.67,13.48,13.65,0
2015-12-24 13:15:00,13.65,13.93,13.6,13.86,0
2015-12-24 14:15:00,13.86,13.94,13.65,13.72,0
2015-12-24 15:15:00,13.72,13.92,13.64,13.92,0
2015-12-28 09:15:00,13.75,14.43,10.38,14.25,0
2015-12-28 10:15:00,14.25,14.41,14.2,14.35,0
2015-12-28 11:15:00,14.34,14.41,14.29,14.37,0
2015-12-28 12:15:00,14.37,14.53,14.34,14.39,0
2015-12-28 13:15:00,14.39,14.52,14.33,14.48,0
2015-12-28 14:15:00,14.48,14.53,14.29,14.42,0
2015-12-28 15:15:00,14.44,14.47,14.35,14.4,0
2015-12-29 09:15:00,14.4,14.71,13.37,14.57,0
2015-12-29 10:15:00,14.6,14.6,14.42,14.47,0
2015-12-29 11:15:00,14.45,14.48,14.27,14.29,0
2015-12-29 12:15:00,14.29,14.34,14.13,14.26,0
2015-12-29 13:15:00,14.26,14.38,14.17,14.19,0
2015-12-29 14:15:00,14.18,14.29,14.14,14.23,0
2015-12-29 15:15:00,14.23,14.3,14.15,14.24,0
2015-12-30 09:15:00,14.24,14.34,12.78,14.13,0
2015-12-30 10:15:00,14.13,14.2,14.06,14.14,0
2015-12-30 11:15:00,14.13,14.21,14.11,14.12,0
2015-12-30 12:15:00,14.12,14.14,13.96,14.01,0
2015-12-30 13:15:00,14.02,14.07,13.92,13.94,0
2015-12-30 14:15:00,13.94,14.5,13.93,14.4,0
2015-12-30 15:15:00,14.41,14.42,14.18,14.24,0
2015-12-31 09:15:00,14.35,14.46,13.3,14.35,0
2015-12-31 10:15:00,14.35,14.49,14.21,14.32,0
2015-12-31 11:15:00,14.32,14.4,14.22,14.25,0
2015-12-31 12:15:00,14.25,14.34,14.19,14.21,0
2015-12-31 13:15:00,14.21,14.25,13.81,13.86,0
2015-12-31 14:15:00,13.86,14.04,13.75,13.76,0
2015-12-31 15:15:00,13.76,13.9,13.76,13.8,0
2016-01-01 09:15:00,13.87,14.26,13.11,14.14,0
2016-01-01 10:15:00,14.14,14.21,14.08,14.14,0
2016-01-01 11:15:00,14.14,14.2,14.02,14.05,0
2016-01-01 12:15:00,14.05,14.24,13.99,14.22,0
2016-01-01 13:15:00,14.22,14.29,14.07,14.16,0
2016-01-01 14:15:00,14.16,14.35,14.12,14.27,0
2016-01-01 15:15:00,14.27,14.31,14.21,14.26,0
2016-01-04 09:15:00,14.26,15.86,14.03,15.81,0
2016-01-04 10:15:00,15.82,16.46,15.75,16.46,0
2016-01-04 11:15:00,16.46,17.1,16.45,16.49,0
2016-01-04 12:15:00,16.5,16.78,16.49,16.73,0
2016-01-04 13:15:00,16.74,16.98,16.63,16.73,0
2016-01-04 14:15:00,16.73,17.02,16.6,16.94,0
2016-01-04 15:15:00,16.94,16.94,16.8,16.82,0
2016-01-05 09:15:00,16.84,16.84,15.57,16.68,0
2016-01-05 10:15:00,16.68,16.75,16.5,16.75,0
2016-01-05 11:15:00,16.74,16.8,16.4,16.41,0
2016-01-05 12:15:00,16.4,16.54,16.3,16.44,0
2016-01-05 13:15:00,16.43,16.65,16.38,16.51,0
2016-01-05 14:15:00,16.51,16.8,16.49,16.69,0
2016-01-05 15:15:00,16.68,16.76,16.64,16.64,0
2016-01-06 09:15:00,16.7,17.1,15.61,16.88,0
2016-01-06 10:15:00,16.88,16.89,16.5,16.56,0
2016-01-06 11:15:00,16.55,16.6,16.41,16.53,0
2016-01-06 12:15:00,16.53,16.62,16.38,16.38,0
2016-01-06 13:15:00,16.38,17.15,16.3,17.13,0
2016-01-06 14:15:00,17.12,17.16,16.49,16.54,0
2016-01-06 15:15:00,16.54,16.61,16.52,16.57,0
2016-01-07 09:15:00,16.55,17.91,16.52,17.66,0
2016-01-07 10:15:00,17.65,17.93,17.49,17.74,0
2016-01-07 11:15:00,17.74,18.6,17.73,18.49,0
2016-01-07 12:15:00,18.49,18.57,18.21,18.46,0
2016-01-07 13:15:00,18.47,18.62,18.34,18.46,0
2016-01-07 14:15:00,18.46,19.0,18.25,18.93,0
2016-01-07 15:15:00,18.93,19.26,18.77,18.83,0
2016-01-08 09:15:00,18.96,18.96,16.87,18.27,0
2016-01-08 10:15:00,18.27,18.56,18.18,18.48,0
2016-01-08 11:15:00,18.49,18.49,18.25,18.27,0
2016-01-08 12:15:00,18.27,18.36,17.83,17.88,0
2016-01-08 13:15:00,17.88,18.06,17.67,17.68,0
2016-01-08 14:15:00,17.69,17.89,17.58,17.85,0
2016-01-08 15:15:00,17.85,17.9,17.75,17.87,0
2016-01-11 09:15:00,17.8,19.2,17.8,18.44,0
2016-01-11 10:15:00,18.44,18.63,18.25,18.45,0
2016-01-11 11:15:00,18.46,18.64,18.16,18.52,0
2016-01-11 12:15:00,18.52,18.8,18.46,18.7,0
2016-01-11 13:15:00,18.7,18.72,18.28,18.43,0
2016-01-11 14:15:00,18.42,18.72,18.25,18.7,0
2016-01-11 15:15:00,18.7,18.93,18.67,18.93,0
2016-01-12 09:15:00,18.69,18.69,17.15,18.53,0
2016-01-12 10:15:00,18.53,19.06,18.51,18.84,0
2016-01-12 11:15:00,18.84,19.1,18.69,19.09,0
2016-01-12 12:15:00,19.09,19.19,18.8,19.1,0
2016-01-12 13:15:00,19.11,19.19,18.73,18.88,0
2016-01-12 14:15:00,18.86,19.02,18.64,18.8,0
2016-01-12 15:15:00,18.8,18.8,18.62,18.7,0
2016-01-13 09:15:00,18.71,18.71,17.53,17.71,0
2016-01-13 10:15:00,17.72,19.57,17.65,19.26,0
2016-01-13 11:15:00,19.26,19.38,18.75,19.07,0
2016-01-13 12:15:00,19.07,19.66,18.98,19.24,0
2016-01-13 13:15:00,19.26,19.3,18.1,18.37,0
2016-01-13 14:15:00,18.39,18.49,17.83,18.33,0
2016-01-13 15:15:00,18.34,18.65,18.33,18.37,0
2016-01-14 09:15:00,18.35,19.79,17.43,19.31,0
2016-01-14 10:15:00,19.31,19.48,18.74,18.93,0
2016-01-14 11:15:00,18.92,18.99,18.59,18.72,0
2016-01-14 12:15:00,18.72,18.77,18.28,18.39,0
2016-01-14 13:15:00,18.39,18.88,18.14,18.87,0
2016-01-14 14:15:00,18.87,19.08,18.46,18.53,0
2016-01-14 15:15:00,18.55,18.59,18.48,18.57,0
2016-01-15 09:15:00,18.61,18.92,15.67,18.8,0
2016-01-15 10:15:00,18.81,19.12,18.77,18.9,0
2016-01-15 11:15:00,18.9,18.97,18.55,18.87,0
2016-01-15 12:15:00,18.87,19.08,18.66,18.68,0
2016-01-15 13:15:00,18.67,18.99,18.55,18.71,0
2016-01-15 14:15:00,18.71,19.61,18.62,19.4,0
2016-01-15 15:15:00,19.4,19.69,19.36,19.69,0
2016-01-18 09:15:00,19.42,20.22,18.32,19.91,0
2016-01-18 10:15:00,19.9,20.03,19.45,19.62,0
2016-01-18 11:15:00,19.61,19.89,19.39,19.72,0
2016-01-18 12:15:00,19.74,20.02,19.61,19.9,0
2016-01-18 13:15:00,19.9,20.25,19.64,19.92,0
2016-01-18 14:15:00,19.92,20.54,19.9,20.51,0
2016-01-18 15:15:00,20.5,20.5,19.84,19.88,0
2016-01-19 09:15:00,20.23,20.23,17.93,19.01,0
2016-01-19 10:15:00,19.01,19.12,18.71,18.75,0
2016-01-19 11:15:00,18.75,18.86,18.4,18.54,0
2016-01-19 12:15:00,18.54,18.77,18.38,18.57,0
2016-01-19 13:15:00,18.56,18.81,18.47,18.6,0
2016-01-19 14:15:00,18.59,19.16,18.33,18.33,0
2016-01-19 15:15:00,18.32,18.62,18.27,18.56,0
2016-01-20 09:15:00,18.43,20.57,17.19,19.6,0
2016-01-20 10:15:00,19.6,20.19,19.58,20.17,0
2016-01-20 11:15:00,20.17,20.64,20.07,20.38,0
2016-01-20 12:15:00,20.37,20.87,20.35,20.85,0
2016-01-20 13:15:00,20.85,21.36,20.59,21.15,0
2016-01-20 14:15:00,21.15,22.11,20.81,20.9,0
2016-01-20 15:15:00,20.89,21.15,20.85,21.06,0
2016-01-21 09:15:00,20.97,20.97,17.85,20.58,0
2016-01-21 10:15:00,20.59,21.36,20.55,21.02,0
2016-01-21 11:15:00,21.02,21.68,20.84,21.65,0
2016-01-21 12:15:00,21.65,21.69,21.29,21.54,0
2016-01-21 13:15:00,21.54,21.58,20.45,20.94,0
2016-01-21 14:15:00,20.94,21.36,20.6,20.89,0
2016-01-21 15:15:00,20.9,20.96,20.78,20.94,0
2016-01-22 09:15:00,20.81,20.81,17.12,19.88,0
2016-01-22 10:15:00,19.88,19.95,19.03,19.35,0
2016-01-22 11:15:00,19.34,19.43,19.03,19.34,0
2016-01-22 12:15:00,19.34,19.34,19.03,19.19,0
2016-01-22 13:15:00,19.2,19.54,19.05,19.3,0
2016-01-22 14:15:00,19.3,19.3,18.69,18.71,0
2016-01-22 15:15:00,18.71,18.94,18.67,18.76,0
2016-01-25 09:15:00,18.82,19.15,17.21,18.71,0
2016-01-25 10:15:00,18.7,18.84,18.02,18.19,0
2016-01-25 11:15:00,18.18,18.41,18.14,18.39,0
2016-01-25 12:15:00,18.39,18.75,18.24,18.54,0
2016-01-25 13:15:00,18.53,18.6,18.19,18.45,0
2016-01-25 14:15:00,18.45,18.54,18.04,18.36,0
2016-01-25 15:15:00,18.36,18.43,18.03,18.17,0
2016-01-27 09:15:00,18.27,19.18,17.94,19.06,0
2016-01-27 10:15:00,19.06,19.25,18.87,19.16,0
2016-01-27 11:15:00,19.16,19.27,18.67,18.75,0
2016-01-27 12:15:00,18.75,18.99,18.56,18.88,0
2016-01-27 13:15:00,18.87,19.0,18.69,18.92,0
2016-01-27 14:15:00,18.92,19.16,18.84,19.14,0
2016-01-27 15:15:00,19.13,19.16,18.94,19.02,0
2016-01-28 09:15:00,19.06,19.06,17.8,18.41,0
2016-01-28 10:15:00,18.4,18.42,18.17,18.17,0
2016-01-28 11:15:00,18.16,18.25,17.96,18.0,0
2016-01-28 12:15:00,18.0,18.03,17.81,17.85,0
2016-01-28 13:15:00,17.85,17.87,17.28,17.33,0
2016-01-28 14:15:00,17.31,17.93,17.26,17.74,0
2016-01-28 15:15:00,17.74,18.45,17.67,18.26,0
2016-01-29 09:15:00,17.9,18.66,17.59,18.6,0
2016-01-29 10:15:00,18.6,18.8,18.09,18.09,0
2016-01-29 11:15:00,18.09,18.2,17.53,17.57,0
2016-01-29 12:15:00,17.57,17.6,17.44,17.47,0
2016-01-29 13:15:00,17.47,17.53,17.29,17.49,0
2016-01-29 14:15:00,17.5,17.54,17.16,17.17,0
2016-01-29 15:15:00,17.18,17.39,17.08,17.36,0
2016-02-01 09:15:00,17.24,18.17,17.14,17.83,0
2016-02-01 10:15:00,17.83,17.85,17.58,17.73,0
2016-02-01 11:15:00,17.71,17.88,17.65,17.87,0
2016-02-01 12:15:00,17.88,18.01,17.75,17.97,0
2016-02-01 13:15:00,17.97,18.04,17.81,17.91,0
2016-02-01 14:15:00,17.92,17.97,17.74,17.88,0
2016-02-01 15:15:00,17.88,18.03,17.85,17.95,0
2016-02-02 09:15:00,17.89,18.14,16.49,18.0,0
2016-02-02 10:15:00,18.0,18.04,17.62,17.89,0
2016-02-02 11:15:00,17.88,18.0,17.09,17.26,0
2016-02-02 12:15:00,17.26,17.5,17.12,17.38,0
2016-02-02 13:15:00,17.39,17.86,17.34,17.69,0
2016-02-02 14:15:00,17.69,18.18,17.36,18.09,0
2016-02-02 15:15:00,18.09,18.35,18.06,18.29,0
2016-02-03 09:15:00,18.04,18.93,18.02,18.86,0
2016-02-03 10:15:00,18.85,18.94,18.72,18.83,0
2016-02-03 11:15:00,18.83,18.93,18.71,18.84,0
2016-02-03 12:15:00,18.83,18.91,18.67,18.75,0
2016-02-03 13:15:00,18.76,18.78,18.38,18.64,0
2016-02-03 14:15:00,18.62,18.64,18.28,18.57,0
2016-02-03 15:15:00,18.57,18.66,18.53,18.57,0
2016-02-04 09:15:00,18.59,18.59,17.45,18.31,0
2016-02-04 10:15:00,18.31,18.47,18.1,18.22,0
2016-02-04 11:15:00,18.22,18.22,17.86,18.01,0
2016-02-04 12:15:00,18.01,18.09,17.72,17.8,0
2016-02-04 13:15:00,17.8,18.27,17.8,18.11,0
2016-02-04 14:15:00,18.13,18.65,18.08,18.16,0
2016-02-04 15:15:00,18.16,18.22,18.02,18.05,0
2016-02-05 09:15:00,18.21,18.33,16.54,17.98,0
2016-02-05 10:15:00,17.98,18.16,17.57,18.04,0
2016-02-05 11:15:00,18.05,18.16,17.94,18.03,0
2016-02-05 12:15:00,18.02,18.24,17.97,18.23,0
2016-02-05 13:15:00,18.23,18.24,18.03,18.13,0
2016-02-05 14:15:00,18.13,18.26,17.87,18.02,0
2016-02-05 15:15:00,18.04,18.2,17.97,18.16,0
2016-02-08 09:15:00,18.12,19.11,17.39,19.02,0
2016-02-08 10:15:00,19.02,19.35,19.02,19.27,0
2016-02-08 11:15:00,19.27,19.33,19.16,19.29,0
2016-02-08 12:15:00,19.29,19.31,19.18,19.23,0
2016-02-08 13:15:00,19.23,19.51,19.16,19.42,0
2016-02-08 14:15:00,19.43,20.42,19.39,20.4,0
2016-02-08 15:15:00,20.41,20.45,20.29,20.3,0
2016-02-09 09:15:00,20.26,21.38,20.25,21.25,0
2016-02-09 10:15:00,21.25,21.68,21.13,21.6,0
2016-02-09 11:15:00,21.61,22.02,21.61,21.73,0
2016-02-09 12:15:00,21.73,21.87,21.63,21.69,0
2016-02-09 13:15:00,21.68,22.03,21.51,21.95,0
2016-02-09 14:15:00,21.95,21.99,21.56,21.78,0
2016-02-09 15:15:00,21.77,21.78,21.59,21.62,0
2016-02-10 09:15:00,21.73,23.1,21.44,22.59,0
2016-02-10 10:15:00,22.59,22.74,22.52,22.74,0
2016-02-10 11:15:00,22.73,22.78,22.48,22.64,0
2016-02-10 12:15:00,22.65,22.65,22.38,22.55,0
2016-02-10 13:15:00,22.55,23.08,22.5,22.84,0
2016-02-10 14:15:00,22.84,22.85,22.15,22.52,0
2016-02-10 15:15:00,22.52,22.56,22.26,22.56,0
2016-02-11 09:15:00,22.47,23.13,22.11,23.01,0
2016-02-11 10:15:00,23.02,23.07,22.74,22.88,0
2016-02-11 11:15:00,22.88,23.17,22.79,22.85,0
2016-02-11 12:15:00,22.85,23.06,22.67,22.75,0
2016-02-11 13:15:00,22.75,24.26,22.66,24.05,0
2016-02-11 14:15:00,24.04,26.87,23.72,25.63,0
2016-02-11 15:15:00,25.56,26.23,25.24,26.12,0
2016-02-12 09:15:00,25.97,25.97,24.01,25.34,0
2016-02-12 10:15:00,25.31,25.76,24.76,25.34,0
2016-02-12 11:15:00,25.34,25.58,24.81,24.83,0
2016-02-12 12:15:00,24.81,25.93,24.73,25.12,0
2016-02-12 13:15:00,25.12,25.41,24.38,24.6,0
2016-02-12 14:15:00,24.62,25.22,24.24,24.68,0
2016-02-12 15:15:00,24.67,24.85,24.57,24.82,0
2016-02-15 09:15:00,24.67,24.67,22.12,22.78,0
2016-02-15 10:15:00,22.78,22.81,22.0,22.36,0
2016-02-15 11:15:00,22.36,22.55,21.8,22.45,0
2016-02-15 12:15:00,22.45,22.66,22.09,22.43,0
2016-02-15 13:15:00,22.45,22.59,22.01,22.48,0
2016-02-15 14:15:00,22.49,22.55,22.26,22.32,0
2016-02-15 15:15:00,22.3,22.51,22.27,22.39,0
2016-02-16 09:15:00,22.38,22.54,17.32,22.36,0
2016-02-16 10:15:00,22.36,22.5,21.88,22.15,0
2016-02-16 11:15:00,22.15,22.44,22.05,22.22,0
2016-02-16 12:15:00,22.22,22.47,22.15,22.39,0
2016-02-16 13:15:00,22.39,22.64,22.21,22.59,0
2016-02-16 14:15:00,22.59,23.33,22.38,23.02,0
2016-02-16 15:15:00,23.03,23.13,22.81,23.05,0
2016-02-17 09:15:00,23.04,23.81,20.64,23.56,0
2016-02-17 10:15:00,23.56,23.59,22.39,22.52,0
2016-02-17 11:15:00,22.53,22.85,22.3,22.35,0
2016-02-17 12:15:00,22.34,23.2,22.34,22.97,0
2016-02-17 13:15:00,22.97,23.11,22.6,22.8,0
2016-02-17 14:15:00,22.8,22.86,21.52,21.86,0
2016-02-17 15:15:00,21.85,21.89,21.47,21.6,0
2016-02-18 09:15:00,21.83,22.03,19.79,21.75,0
2016-02-18 10:15:00,21.74,21.78,21.34,21.61,0
2016-02-18 11:15:00,21.61,22.11,21.37,21.9,0
2016-02-18 12:15:00,21.91,22.3,21.56,21.83,0
2016-02-18 13:15:00,21.82,22.13,21.23,21.34,0
2016-02-18 14:15:00,21.34,21.85,21.27,21.45,0
2016-02-18 15:15:00,21.45,21.74,21.19,21.64,0
2016-02-19 09:15:00,21.49,21.66,19.76,21.24,0
2016-02-19 10:15:00,21.23,21.39,20.73,21.19,0
2016-02-19 11:15:00,21.17,21.43,21.01,21.02,0
2016-02-19 12:15:00,21.03,21.48,21.01,21.28,0
2016-02-19 13:15:00,21.28,21.39,20.89,20.89,0
2016-02-19 14:15:00,20.94,21.19,20.7,20.89,0
2016-02-19 15:15:00,20.9,21.01,20.77,20.78,0
2016-02-22 09:15:00,20.92,21.86,20.1,21.25,0
2016-02-22 10:15:00,21.24,21.4,20.98,21.18,0
2016-02-22 11:15:00,21.17,21.43,21.03,21.13,0
2016-02-22 12:15:00,21.13,21.27,20.97,21.1,0
2016-02-22 13:15:00,21.11,21.37,21.04,21.13,0
2016-02-22 14:15:00,21.13,21.42,21.03,21.13,0
2016-02-22 15:15:00,21.11,21.15,20.76,20.92,0
2016-02-23 09:15:00,21.02,23.33,21.02,23.13,0
2016-02-23 10:15:00,23.13,23.71,22.98,23.39,0
2016-02-23 11:15:00,23.38,23.84,23.17,23.51,0
2016-02-23 12:15:00,23.52,24.11,23.23,23.9,0
2016-02-23 13:15:00,23.91,24.59,23.77,23.99,0
2016-02-23 14:15:00,24.0,24.64,23.48,23.91,0
2016-02-23 15:15:00,23.91,24.21,23.62,23.68,0
2016-02-24 09:15:00,23.84,24.82,23.46,23.58,0
2016-02-24 10:15:00,23.56,24.01,23.55,23.88,0
2016-02-24 11:15:00,23.89,23.96,22.78,23.36,0
2016-02-24 12:15:00,23.36,23.45,22.13,22.72,0
2016-02-24 13:15:00,22.71,23.27,22.57,22.63,0
2016-02-24 14:15:00,22.62,23.11,22.23,22.81,0
2016-02-24 15:15:00,22.8,23.23,22.79,23.18,0
2016-02-25 09:15:00,2.3,23.33,2.3,22.82,0
2016-02-25 10:15:00,22.83,22.83,22.47,22.58,0
2016-02-25 11:15:00,22.61,22.97,22.3,22.94,0
2016-02-25 12:15:00,22.99,23.02,22.39,22.52,0
2016-02-25 13:15:00,22.52,22.69,22.2,22.32,0
2016-02-25 14:15:00,22.32,22.79,22.25,22.76,0
2016-02-25 15:15:00,22.76,23.24,22.62,22.67,0
2016-02-26 09:15:00,22.75,23.15,21.19,22.57,0
2016-02-26 10:15:00,22.57,22.68,22.08,22.17,0
2016-02-26 11:15:00,22.18,22.39,22.03,22.28,0
2016-02-26 12:15:00,22.27,22.33,21.81,22.04,0
2016-02-26 13:15:00,22.04,22.25,21.9,22.25,0
2016-02-26 14:15:00,22.23,22.26,21.83,21.86,0
2016-02-26 15:15:00,21.86,21.92,21.51,21.53,0
2016-02-29 09:15:00,21.87,22.08,21.51,21.92,0
2016-02-29 10:15:00,21.92,22.08,21.34,21.81,0
2016-02-29 11:15:00,21.81,22.01,21.25,21.54,0
2016-02-29 12:15:00,21.54,22.4,19.81,19.92,0
2016-02-29 13:15:00,19.93,20.54,19.36,19.97,0
2016-02-29 14:15:00,19.97,20.32,19.76,20.08,0
2016-02-29 15:15:00,20.09,20.46,19.94,20.39,0
2016-03-01 09:15:00,20.16,20.16,18.73,18.98,0
2016-03-01 10:15:00,18.98,19.05,18.62,18.71,0
2016-03-01 11:15:00,18.7,18.94,18.5,18.54,0
2016-03-01 12:15:00,18.56,18.67,18.41,18.61,0
2016-03-01 13:15:00,18.61,18.76,18.47,18.62,0
2016-03-01 14:15:00,18.62,18.94,18.61,18.64,0
2016-03-01 15:15:00,18.64,18.92,18.4,18.91,0
2016-03-02 09:15:00,18.67,18.71,17.5,18.7,0
2016-03-02 10:15:00,18.7,19.07,18.66,18.91,0
2016-03-02 11:15:00,18.9,19.12,18.84,18.98,0
2016-03-02 12:15:00,18.98,19.05,18.74,18.81,0
2016-03-02 13:15:00,18.82,19.2,18.79,18.93,0
2016-03-02 14:15:00,18.93,19.08,18.82,18.98,0
2016-03-02 15:15:00,18.98,19.05,18.96,18.96,0
2016-03-03 09:15:00,18.99,19.02,17.91,18.58,0
2016-03-03 10:15:00,18.58,18.63,18.36,18.52,0
2016-03-03 11:15:00,18.52,18.55,18.36,18.36,0
2016-03-03 12:15:00,18.37,18.38,18.19,18.36,0
2016-03-03 13:15:00,18.37,18.48,18.19,18.39,0
2016-03-03 14:15:00,18.39,18.46,17.94,17.96,0
2016-03-03 15:15:00,17.96,18.16,17.91,18.16,0
2016-03-04 09:15:00,18.04,18.22,17.23,18.09,0
2016-03-04 10:15:00,18.09,18.2,17.99,18.05,0
2016-03-04 11:15:00,18.06,18.07,17.85,17.94,0
2016-03-04 12:15:00,17.93,18.11,17.86,18.11,0
2016-03-04 13:15:00,18.11,18.32,17.64,17.64,0
2016-03-04 14:15:00,17.64,18.25,17.44,17.81,0
2016-03-04 15:15:00,17.82,17.93,17.75,17.84,0
2016-03-08 09:15:00,17.88,18.89,17.41,18.86,0
2016-03-08 10:15:00,18.86,18.97,18.73,18.73,0
2016-03-08 11:15:00,18.73,18.8,18.58,18.62,0
2016-03-08 12:15:00,18.62,18.71,18.48,18.66,0
2016-03-08 13:15:00,18.65,18.81,18.56,18.63,0
2016-03-08 14:15:00,18.63,18.77,18.34,18.53,0
2016-03-08 15:15:00,18.52,18.57,18.41,18.5,0
2016-03-09 09:15:00,18.47,18.67,17.32,18.32,0
2016-03-09 10:15:00,18.32,18.37,18.24,18.3,0
2016-03-09 11:15:00,18.3,18.37,17.93,17.98,0
2016-03-09 12:15:00,17.97,18.01,17.81,17.95,0
2016-03-09 13:15:00,17.95,18.08,17.63,17.73,0
2016-03-09 14:15:00,17.74,17.8,17.41,17.45,0
2016-03-09 15:15:00,17.45,17.61,17.45,17.59,0
2016-03-10 09:15:00,17.51,18.05,16.27,17.93,0
2016-03-10 10:15:00,17.94,18.17,17.76,18.06,0
2016-03-10 11:15:00,18.06,18.13,17.9,18.11,0
2016-03-10 12:15:00,18.11,18.24,17.87,17.97,0
2016-03-10 13:15:00,17.97,18.13,17.77,17.94,0
2016-03-10 14:15:00,17.94,18.1,17.85,17.95,0
2016-03-10 15:15:00,17.95,17.96,17.74,17.79,0
2016-03-11 09:15:00,17.9,17.9,16.03,17.61,0
2016-03-11 10:15:00,17.61,17.74,17.45,17.54,0
2016-03-11 11:15:00,17.54,17.72,17.41,17.46,0
2016-03-11 12:15:00,17.45,17.6,17.3,17.37,0
2016-03-11 13:15:00,17.36,17.61,17.29,17.5,0
2016-03-11 14:15:00,17.5,17.58,17.08,17.17,0
2016-03-11 15:15:00,17.16,17.18,16.92,16.96,0
2016-03-14 09:15:00,17.1,17.32,15.59,17.23,0
2016-03-14 10:15:00,17.23,17.36,17.19,17.26,0
2016-03-14 11:15:00,17.27,17.36,17.15,17.25,0
2016-03-14 12:15:00,17.25,17.4,17.19,17.25,0
2016-03-14 13:15:00,17.26,17.35,17.06,17.25,0
2016-03-14 14:15:00,17.24,17.38,17.04,17.08,0
2016-03-14 15:15:00,17.08,17.2,17.04,17.13,0
2016-03-15 09:15:00,17.1,17.34,15.23,17.34,0
2016-03-15 10:15:00,17.34,17.52,17.22,17.38,0
2016-03-15 11:15:00,17.38,17.51,17.33,17.49,0
2016-03-15 12:15:00,17.48,17.57,17.27,17.54,0
2016-03-15 13:15:00,17.54,17.84,17.47,17.78,0
2016-03-15 14:15:00,17.79,17.83,17.49,17.62,0
2016-03-15 15:15:00,17.62,17.63,17.54,17.59,0
2016-03-16 09:15:00,17.6,17.88,14.6,17.81,0
2016-03-16 10:15:00,17.81,17.84,17.63,17.65,0
2016-03-16 11:15:00,17.67,17.85,17.66,17.81,0
2016-03-16 12:15:00,17.81,17.83,17.66,17.68,0
2016-03-16 13:15:00,17.66,17.79,17.36,17.51,0
2016-03-16 14:15:00,17.51,17.55,16.99,17.17,0
2016-03-16 15:15:00,17.16,17.16,16.98,17.06,0
2016-03-17 09:15:00,17.12,17.12,15.56,16.55,0
2016-03-17 10:15:00,16.55,16.9,16.4,16.82,0
2016-03-17 11:15:00,16.82,16.91,16.74,16.85,0
2016-03-17 12:15:00,16.84,16.89,16.75,16.81,0
2016-03-17 13:15:00,16.81,16.86,16.6,16.71,0
2016-03-17 14:15:00,16.71,16.88,16.63,16.7,0
2016-03-17 15:15:00,16.7,17.27,16.66,17.27,0
2016-03-18 09:15:00,16.84,16.87,14.9,16.54,0
2016-03-18 10:15:00,16.53,16.65,16.38,16.61,0
2016-03-18 11:15:00,16.59,16.71,16.42,16.48,0
2016-03-18 12:15:00,16.48,16.62,16.29,16.44,0
2016-03-18 13:15:00,16.44,16.8,16.42,16.55,0
2016-03-18 14:15:00,16.55,16.59,16.16,16.4,0
2016-03-18 15:15:00,16.4,16.51,16.33,16.51,0
2016-03-21 09:15:00,16.38,16.88,14.83,16.83,0
2016-03-21 10:15:00,16.82,17.03,16.71,17.03,0
2016-03-21 11:15:00,17.03,17.11,16.87,17.0,0
2016-03-21 12:15:00,16.99,17.03,16.87,16.9,0
2016-03-21 13:15:00,16.9,16.95,16.6,16.63,0
2016-03-21 14:15:00,16.63,16.69,16.2,16.29,0
2016-03-21 15:15:00,16.29,16.5,16.27,16.49,0
2016-03-22 09:15:00,16.33,16.59,13.7,16.53,0
2016-03-22 10:15:00,16.53,16.55,16.26,16.44,0
2016-03-22 11:15:00,16.44,16.5,16.33,16.48,0
2016-03-22 12:15:00,16.48,16.67,16.44,16.64,0
2016-03-22 13:15:00,16.63,16.86,16.54,16.65,0
2016-03-22 14:15:00,16.64,16.75,16.28,16.33,0
2016-03-22 15:15:00,16.34,16.66,16.33,16.61,0
2016-03-23 09:15:00,16.43,16.87,13.95,16.41,0
2016-03-23 10:15:00,16.42,16.62,16.28,16.57,0
2016-03-23 11:15:00,16.57,16.62,16.37,16.46,0
2016-03-23 12:15:00,16.46,16.53,16.3,16.38,0
2016-03-23 13:15:00,16.38,16.42,16.22,16.36,0
2016-03-23 14:15:00,16.36,16.49,16.22,16.31,0
2016-03-23 15:15:00,16.3,16.53,16.27,16.47,0
2016-03-28 09:15:00,16.35,18.57,15.18,17.6,0
2016-03-28 10:15:00,17.6,17.87,17.5,17.61,0
2016-03-28 11:15:00,17.62,17.77,17.48,17.73,0
2016-03-28 12:15:00,17.73,17.9,17.5,17.63,0
2016-03-28 13:15:00,17.63,17.77,17.52,17.6,0
2016-03-28 14:15:00,17.61,17.75,17.29,17.59,0
2016-03-28 15:15:00,17.58,17.61,17.37,17.49,0
2016-03-29 09:15:00,17.49,17.71,16.81,17.57,0
2016-03-29 10:15:00,17.57,18.04,17.54,17.92,0
2016-03-29 11:15:00,17.92,17.99,17.61,17.77,0
2016-03-29 12:15:00,17.77,17.94,17.67,17.88,0
2016-03-29 13:15:00,17.89,17.96,17.63,17.75,0
2016-03-29 14:15:00,17.73,17.8,17.46,17.59,0
2016-03-29 15:15:00,17.57,17.79,17.48,17.75,0
2016-03-30 09:15:00,17.64,17.64,16.57,17.23,0
2016-03-30 10:15:00,17.22,17.32,16.82,16.85,0
2016-03-30 11:15:00,16.85,17.3,16.83,17.12,0
2016-03-30 12:15:00,17.13,17.18,16.81,16.89,0
2016-03-30 13:15:00,16.89,16.99,16.71,16.81,0
2016-03-30 14:15:00,16.8,16.91,16.64,16.84,0
2016-03-30 15:15:00,16.84,17.15,16.68,17.06,0
2016-03-31 09:15:00,16.81,16.83,15.5,16.75,0
2016-03-31 10:15:00,16.75,16.84,16.6,16.71,0
2016-03-31 11:15:00,16.72,16.77,16.54,16.6,0
2016-03-31 12:15:00,16.6,16.63,16.38,16.51,0
2016-03-31 13:15:00,16.52,16.74,16.41,16.53,0
2016-03-31 14:15:00,16.52,16.8,16.3,16.45,0
2016-03-31 15:15:00,16.45,16.89,16.44,16.87,0
2016-04-01 09:15:00,16.58,17.54,16.33,17.28,0
2016-04-01 10:15:00,17.28,17.49,17.24,17.4,0
2016-04-01 11:15:00,17.4,17.49,17.26,17.35,0
2016-04-01 12:15:00,17.34,17.9,17.32,17.56,0
2016-04-01 13:15:00,17.56,17.89,17.15,17.39,0
2016-04-01 14:15:00,17.39,17.53,17.29,17.33,0
2016-04-01 15:15:00,17.34,17.35,17.06,17.15,0
2016-04-04 09:15:00,17.28,17.95,16.23,17.88,0
2016-04-04 10:15:00,17.88,18.17,17.83,18.04,0
2016-04-04 11:15:00,18.04,18.1,17.93,18.01,0
2016-04-04 12:15:00,18.01,18.08,17.88,17.91,0
2016-04-04 13:15:00,17.91,17.91,17.6,17.72,0
2016-04-04 14:15:00,17.72,17.83,17.43,17.46,0
2016-04-04 15:15:00,17.46,17.46,17.36,17.4,0
2016-04-05 09:15:00,17.45,17.61,16.89,17.56,0
2016-04-05 10:15:00,17.55,17.81,17.29,17.38,0
2016-04-05 11:15:00,17.38,17.63,17.28,17.46,0
2016-04-05 12:15:00,17.45,17.47,17.25,17.42,0
2016-04-05 13:15:00,17.42,17.84,17.36,17.65,0
2016-04-05 14:15:00,17.64,17.92,17.44,17.83,0
2016-04-05 15:15:00,17.83,18.06,17.8,17.93,0
2016-04-06 09:15:00,17.83,17.92,16.13,17.76,0
2016-04-06 10:15:00,17.76,17.81,17.65,17.7,0
2016-04-06 11:15:00,17.7,17.72,17.29,17.5,0
2016-04-06 12:15:00,17.5,17.54,17.31,17.41,0
2016-04-06 13:15:00,17.42,17.63,17.29,17.55,0
2016-04-06 14:15:00,17.56,17.64,17.25,17.35,0
2016-04-06 15:15:00,17.35,17.44,17.24,17.31,0
2016-04-07 09:15:00,17.35,17.42,16.34,17.24,0
2016-04-07 10:15:00,17.24,17.27,16.74,16.87,0
2016-04-07 11:15:00,16.86,16.98,16.61,16.84,0
2016-04-07 12:15:00,16.84,17.02,16.79,16.98,0
2016-04-07 13:15:00,16.99,17.07,16.84,17.0,0
2016-04-07 14:15:00,17.0,17.19,16.89,16.97,0
2016-04-07 15:15:00,16.97,17.0,16.81,16.82,0
2016-04-08 09:15:00,16.94,16.94,15.2,16.46,0
2016-04-08 10:15:00,16.45,16.47,16.2,16.29,0
2016-04-08 11:15:00,16.3,16.4,16.26,16.34,0
2016-04-08 12:15:00,16.35,16.51,16.24,16.49,0
2016-04-08 13:15:00,16.49,16.58,16.41,16.53,0
2016-04-08 14:15:00,16.53,16.58,16.43,16.5,0
2016-04-08 15:15:00,16.5,16.52,16.16,16.16,0
2016-04-11 09:15:00,16.43,16.72,15.08,16.56,0
2016-04-11 10:15:00,16.56,16.6,16.34,16.42,0
2016-04-11 11:15:00,16.42,16.59,16.4,16.49,0
2016-04-11 12:15:00,16.49,16.79,16.48,16.73,0
2016-04-11 13:15:00,16.73,16.73,16.14,16.37,0
2016-04-11 14:15:00,16.37,16.43,15.96,16.01,0
2016-04-11 15:15:00,16.02,16.09,15.9,15.99,0
2016-04-12 09:15:00,16.01,16.08,14.65,16.01,0
2016-04-12 10:15:00,16.01,16.09,15.86,16.05,0
2016-04-12 11:15:00,16.05,16.13,16.01,16.09,0
2016-04-12 12:15:00,16.09,16.15,15.97,16.07,0
2016-04-12 13:15:00,16.07,16.3,16.06,16.08,0
2016-04-12 14:15:00,16.07,16.09,15.93,16.05,0
2016-04-12 15:15:00,16.05,16.06,15.86,15.87,0
2016-04-13 09:15:00,16.03,16.03,13.55,15.87,0
2016-04-13 10:15:00,15.87,15.98,15.79,15.91,0
2016-04-13 11:15:00,15.91,16.0,15.85,16.0,0
2016-04-13 12:15:00,16.0,16.04,15.86,15.89,0
2016-04-13 13:15:00,15.89,15.9,15.7,15.8,0
2016-04-13 14:15:00,15.79,16.12,15.68,16.09,0
2016-04-13 15:15:00,16.09,16.12,15.94,15.97,0
2016-04-18 09:15:00,16.04,17.42,14.14,16.97,0
2016-04-18 10:15:00,16.97,17.32,16.94,17.13,0
2016-04-18 11:15:00,17.13,17.2,17.01,17.15,0
2016-04-18 12:15:00,17.14,17.18,16.96,17.06,0
2016-04-18 13:15:00,17.06,17.25,17.03,17.09,0
2016-04-18 14:15:00,17.1,17.23,16.92,16.94,0
2016-04-18 15:15:00,16.94,16.97,16.84,16.91,0
2016-04-20 09:15:00,16.95,17.28,15.81,17.13,0
2016-04-20 10:15:00,17.13,17.25,16.95,17.04,0
2016-04-20 11:15:00,17.12,17.28,16.94,17.14,0
2016-04-20 12:15:00,17.14,17.51,17.01,17.19,0
2016-04-20 13:15:00,17.14,17.42,17.03,17.22,0
2016-04-20 14:15:00,17.23,17.33,16.97,17.04,0
2016-04-20 15:15:00,17.03,17.2,16.92,16.97,0
2016-04-21 09:15:00,17.08,17.08,15.64,16.73,0
2016-04-21 10:15:00,16.7,17.06,16.53,16.89,0
2016-04-21 11:15:00,16.89,16.98,16.58,16.69,0
2016-04-21 12:15:00,16.69,16.87,16.51,16.59,0
2016-04-21 13:15:00,16.59,16.65,16.41,16.54,0
2016-04-21 14:15:00,16.53,16.83,16.43,16.49,0
2016-04-21 15:15:00,16.48,16.71,16.4,16.56,0
2016-04-22 09:15:00,16.51,16.77,15.88,16.68,0
2016-04-22 10:15:00,16.68,16.86,16.61,16.63,0
2016-04-22 11:15:00,16.63,16.73,16.42,16.52,0
2016-04-22 12:15:00,16.52,16.64,16.25,16.36,0
2016-04-22 13:15:00,16.36,16.68,16.34,16.58,0
2016-04-22 14:15:00,16.58,16.71,16.29,16.47,0
2016-04-22 15:15:00,16.46,16.5,16.29,16.49,0
2016-04-25 09:15:00,16.38,17.03,16.13,16.91,0
2016-04-25 10:15:00,16.94,17.0,16.47,16.5,0
2016-04-25 11:15:00,16.5,16.68,16.37,16.44,0
2016-04-25 12:15:00,16.44,16.68,16.34,16.66,0
2016-04-25 13:15:00,16.65,16.78,16.54,16.72,0
2016-04-25 14:15:00,16.71,16.78,16.43,16.47,0
2016-04-25 15:15:00,16.47,16.8,16.44,16.49,0
2016-04-26 09:15:00,16.57,16.63,15.64,16.6,0
2016-04-26 10:15:00,16.61,16.67,16.35,16.52,0
2016-04-26 11:15:00,16.5,16.82,16.5,16.65,0
2016-04-26 12:15:00,16.64,16.69,16.29,16.39,0
2016-04-26 13:15:00,16.4,16.64,16.31,16.54,0
2016-04-26 14:15:00,16.55,16.69,16.32,16.63,0
2016-04-26 15:15:00,16.63,16.75,16.6,16.75,0
2016-04-27 09:15:00,16.58,16.76,16.27,16.67,0
2016-04-27 10:15:00,16.66,16.69,16.43,16.61,0
2016-04-27 11:15:00,16.61,16.66,16.33,16.59,0
2016-04-27 12:15:00,16.59,16.79,16.38,16.42,0
2016-04-27 13:15:00,16.42,16.75,16.4,16.62,0
2016-04-27 14:15:00,16.62,16.66,16.31,16.38,0
2016-04-27 15:15:00,16.38,16.4,16.23,16.32,0
2016-04-28 09:15:00,16.35,16.44,15.31,16.1,0
2016-04-28 10:15:00,16.1,16.29,16.08,16.23,0
2016-04-28 11:15:00,16.25,16.36,15.98,16.17,0
2016-04-28 12:15:00,16.16,16.41,16.11,16.33,0
2016-04-28 13:15:00,16.32,16.46,16.22,16.45,0
2016-04-28 14:15:00,16.45,16.77,16.41,16.55,0
2016-04-28 15:15:00,16.54,16.74,16.45,16.49,0
2016-04-29 09:15:00,16.6,16.72,15.63,16.5,0
2016-04-29 10:15:00,16.5,16.86,16.31,16.83,0
2016-04-29 11:15:00,16.83,16.93,16.53,16.59,0
2016-04-29 12:15:00,16.59,17.09,16.51,16.94,0
2016-04-29 13:15:00,16.94,17.24,16.83,17.01,0
2016-04-29 14:15:00,17.02,17.12,16.43,16.5,0
2016-04-29 15:15:00,16.51,16.56,16.46,16.47,0
2016-05-02 09:15:00,16.54,17.64,16.54,17.41,0
2016-05-02 10:15:00,17.43,17.46,17.23,17.35,0
2016-05-02 11:15:00,17.35,17.5,16.98,17.46,0
2016-05-02 12:15:00,17.46,17.5,17.27,17.33,0
2016-05-02 13:15:00,17.33,17.39,17.14,17.27,0
2016-05-02 14:15:00,17.27,17.34,17.05,17.11,0
2016-05-02 15:15:00,17.11,17.16,16.92,16.96,0
2016-05-03 09:15:00,17.09,17.09,15.68,16.74,0
2016-05-03 10:15:00,16.75,16.99,16.73,16.93,0
2016-05-03 11:15:00,16.93,17.09,16.88,17.0,0
2016-05-03 12:15:00,17.0,17.84,16.97,17.77,0
2016-05-03 13:15:00,17.77,18.08,17.52,17.59,0
2016-05-03 14:15:00,17.6,17.67,17.32,17.45,0
2016-05-03 15:15:00,17.45,17.67,17.38,17.6,0
2016-05-04 09:15:00,17.46,17.76,16.27,17.65,0
2016-05-04 10:15:00,17.65,17.78,17.56,17.73,0
2016-05-04 11:15:00,17.74,17.78,17.49,17.56,0
2016-05-04 12:15:00,17.57,17.74,17.37,17.44,0
2016-05-04 13:15:00,17.45,17.56,17.33,17.49,0
2016-05-04 14:15:00,17.49,17.65,17.32,17.44,0
2016-05-04 15:15:00,17.44,17.46,17.33,17.33,0
2016-05-05 09:15:00,17.45,17.45,15.73,17.32,0
2016-05-05 10:15:00,17.32,17.44,17.19,17.32,0
2016-05-05 11:15:00,17.32,17.38,17.21,17.28,0
2016-05-05 12:15:00,17.28,17.46,17.17,17.45,0
2016-05-05 13:15:00,17.45,17.48,16.75,16.87,0
2016-05-05 14:15:00,16.87,17.24,16.8,17.16,0
2016-05-05 15:15:00,17.16,17.27,17.07,17.25,0
2016-05-06 09:15:00,17.17,17.44,16.06,17.3,0
2016-05-06 10:15:00,17.3,17.41,17.18,17.24,0
2016-05-06 11:15:00,17.24,17.39,17.22,17.35,0
2016-05-06 12:15:00,17.36,17.5,17.09,17.29,0
2016-05-06 13:15:00,17.29,17.35,17.0,17.03,0
2016-05-06 14:15:00,17.03,17.13,16.89,16.93,0
2016-05-06 15:15:00,16.93,17.03,16.84,16.99,0
2016-05-09 09:15:00,16.95,16.95,15.22,16.84,0
2016-05-09 10:15:00,16.83,16.91,16.74,16.84,0
2016-05-09 11:15:00,16.84,16.91,16.72,16.83,0
2016-05-09 12:15:00,16.83,16.95,16.75,16.77,0
2016-05-09 13:15:00,16.77,16.82,16.57,16.61,0
2016-05-09 14:15:00,16.6,16.78,16.43,16.64,0
2016-05-09 15:15:00,16.64,16.67,16.44,16.49,0
2016-05-10 09:15:00,16.61,17.18,15.02,16.9,0
2016-05-10 10:15:00,16.89,16.93,16.69,16.91,0
2016-05-10 11:15:00,16.9,16.98,16.77,16.8,0
2016-05-10 12:15:00,16.8,16.88,16.47,16.54,0
2016-05-10 13:15:00,16.54,16.72,16.44,16.48,0
2016-05-10 14:15:00,16.49,16.55,16.36,16.4,0
2016-05-10 15:15:00,16.4,16.44,16.33,16.33,0
2016-05-11 09:15:00,16.42,17.46,15.63,17.22,0
2016-05-11 10:15:00,17.22,17.28,16.94,17.02,0
2016-05-11 11:15:00,17.02,17.09,16.79,17.01,0
2016-05-11 12:15:00,17.01,17.41,17.0,17.35,0
2016-05-11 13:15:00,17.35,17.46,16.93,17.0,0
2016-05-11 14:15:00,17.0,17.23,16.91,16.96,0
2016-05-11 15:15:00,16.96,17.05,16.82,17.04,0
2016-05-12 09:15:00,16.96,16.96,15.96,16.52,0
2016-05-12 10:15:00,16.52,16.99,16.47,16.97,0
2016-05-12 11:15:00,16.97,16.98,16.55,16.83,0
2016-05-12 12:15:00,16.83,17.17,16.83,17.08,0
2016-05-12 13:15:00,17.09,17.15,16.8,16.87,0
2016-05-12 14:15:00,16.87,16.89,16.3,16.36,0
2016-05-12 15:15:00,16.36,16.37,16.23,16.3,0
2016-05-13 09:15:00,16.33,16.98,14.2,16.85,0
2016-05-13 10:15:00,16.85,16.94,16.73,16.9,0
2016-05-13 11:15:00,16.9,16.98,16.7,16.76,0
2016-05-13 12:15:00,16.76,17.29,16.74,17.1,0
2016-05-13 13:15:00,17.1,17.31,16.94,17.03,0
2016-05-13 14:15:00,17.02,17.37,16.86,17.0,0
2016-05-13 15:15:00,16.99,17.0,16.66,16.76,0
2016-05-16 09:15:00,17.0,17.27,16.19,17.24,0
2016-05-16 10:15:00,17.24,17.66,17.17,17.62,0
2016-05-16 11:15:00,17.62,17.77,17.56,17.66,0
2016-05-16 12:15:00,17.66,17.74,17.59,17.63,0
2016-05-16 13:15:00,17.62,17.66,17.33,17.42,0
2016-05-16 14:15:00,17.43,17.57,16.98,17.13,0
2016-05-16 15:15:00,17.12,17.17,16.65,16.65,0
2016-05-17 09:15:00,17.03,17.03,15.74,16.63,0
2016-05-17 10:15:00,16.64,16.69,16.53,16.53,0
2016-05-17 11:15:00,16.54,16.72,16.38,16.42,0
2016-05-17 12:15:00,16.42,16.53,16.38,16.52,0
2016-05-17 13:15:00,16.52,16.62,16.27,16.29,0
2016-05-17 14:15:00,16.29,16.62,16.13,16.34,0
2016-05-17 15:15:00,16.34,16.46,16.24,16.44,0
2016-05-18 09:15:00,16.37,16.97,15.99,16.84,0
2016-05-18 10:15:00,16.85,16.9,16.78,16.85,0
2016-05-18 11:15:00,16.85,16.9,16.55,16.68,0
2016-05-18 12:15:00,16.69,16.74,16.46,16.64,0
2016-05-18 13:15:00,16.65,16.73,16.55,16.63,0
2016-05-18 14:15:00,16.62,16.89,16.43,16.49,0
2016-05-18 15:15:00,16.49,16.53,16.28,16.33,0
2016-05-19 09:15:00,16.46,17.0,15.42,16.91,0
2016-05-19 10:15:00,16.91,16.98,16.62,16.68,0
2016-05-19 11:15:00,16.68,16.92,16.6,16.86,0
2016-05-19 12:15:00,16.86,17.27,16.8,17.0,0
2016-05-19 13:15:00,17.01,17.07,16.61,16.87,0
2016-05-19 14:15:00,16.88,17.13,16.85,17.11,0
2016-05-19 15:15:00,17.11,17.42,17.01,17.39,0
2016-05-20 09:15:00,17.06,17.06,14.98,16.85,0
2016-05-20 10:15:00,16.85,17.0,16.6,16.66,0
2016-05-20 11:15:00,16.66,16.82,16.44,16.64,0
2016-05-20 12:15:00,16.64,16.76,16.43,16.59,0
2016-05-20 13:15:00,16.6,16.69,16.25,16.51,0
2016-05-20 14:15:00,16.49,16.63,16.25,16.51,0
2016-05-20 15:15:00,16.51,16.56,16.25,16.34,0
2016-05-23 09:15:00,16.43,16.55,15.18,16.38,0
2016-05-23 10:15:00,16.38,16.41,16.0,16.23,0
2016-05-23 11:15:00,16.23,16.4,16.08,16.17,0
2016-05-23 12:15:00,16.17,16.32,16.0,16.14,0
2016-05-23 13:15:00,16.16,16.19,15.65,15.83,0
2016-05-23 14:15:00,15.81,16.24,15.5,16.15,0
2016-05-23 15:15:00,16.15,16.39,16.06,16.37,0
2016-05-24 09:15:00,16.16,16.58,15.73,15.86,0
2016-05-24 10:15:00,15.85,16.17,15.69,16.11,0
2016-05-24 11:15:00,16.11,16.76,15.94,16.67,0
2016-05-24 12:15:00,16.67,16.89,16.09,16.52,0
2016-05-24 13:15:00,16.52,16.67,16.3,16.4,0
2016-05-24 14:15:00,16.4,16.58,15.84,16.16,0
2016-05-24 15:15:00,16.16,16.26,15.97,16.05,0
2016-05-25 09:15:00,16.22,16.22,14.55,15.86,0
2016-05-25 10:15:00,15.86,15.9,15.14,15.62,0
2016-05-25 11:15:00,15.61,15.8,15.41,15.6,0
2016-05-25 12:15:00,15.6,15.67,15.12,15.47,0
2016-05-25 13:15:00,15.48,15.62,15.28,15.48,0
2016-05-25 14:15:00,15.48,15.75,15.03,15.23,0
2016-05-25 15:15:00,15.23,15.83,15.23,15.32,0
2016-05-26 09:15:00,15.52,15.52,14.47,15.09,0
2016-05-26 10:15:00,15.09,15.12,14.84,14.94,0
2016-05-26 11:15:00,14.94,15.03,14.75,14.94,0
2016-05-26 12:15:00,14.93,15.01,14.75,14.8,0
2016-05-26 13:15:00,14.78,15.29,14.65,15.25,0
2016-05-26 14:15:00,15.25,15.49,15.17,15.24,0
2016-05-26 15:15:00,15.23,15.44,15.16,15.31,0
2016-05-27 09:15:00,15.33,15.8,15.08,15.52,0
2016-05-27 10:15:00,15.52,15.62,15.33,15.49,0
2016-05-27 11:15:00,15.49,15.66,15.48,15.58,0
2016-05-27 12:15:00,15.58,15.86,15.14,15.59,0
2016-05-27 13:15:00,15.59,15.78,15.45,15.56,0
2016-05-27 14:15:00,15.54,15.63,15.18,15.18,0
2016-05-27 15:15:00,15.19,15.43,15.02,15.34,0
2016-05-30 09:15:00,15.26,16.25,14.78,16.19,0
2016-05-30 10:15:00,16.19,16.24,15.89,16.15,0
2016-05-30 11:15:00,16.17,16.3,16.09,16.19,0
2016-05-30 12:15:00,16.18,16.3,16.01,16.02,0
2016-05-30 13:15:00,16.02,16.12,15.96,16.05,0
2016-05-30 14:15:00,16.05,16.44,15.87,15.94,0
2016-05-30 15:15:00,15.94,16.08,15.8,16.06,0
2016-05-31 09:15:00,15.98,16.15,15.37,16.08,0
2016-05-31 10:15:00,16.07,16.36,16.03,16.27,0
2016-05-31 11:15:00,16.27,16.28,16.1,16.24,0
2016-05-31 12:15:00,16.24,16.27,15.96,16.08,0
2016-05-31 13:15:00,16.06,16.27,16.04,16.22,0
2016-05-31 14:15:00,16.22,16.27,15.88,16.08,0
2016-05-31 15:15:00,16.08,16.16,15.81,15.85,0
2016-06-01 09:15:00,16.05,16.09,14.72,15.78,0
2016-06-01 10:15:00,15.78,15.98,15.74,15.97,0
2016-06-01 11:15:00,15.97,16.1,15.88,16.04,0
2016-06-01 12:15:00,16.03,16.08,15.72,15.79,0
2016-06-01 13:15:00,15.79,15.9,15.76,15.86,0
2016-06-01 14:15:00,15.86,15.91,15.73,15.86,0
2016-06-01 15:15:00,15.85,15.9,15.78,15.88,0
2016-06-02 09:15:00,15.84,15.94,15.33,15.79,0
2016-06-02 10:15:00,15.79,15.82,15.67,15.7,0
2016-06-02 11:15:00,15.69,15.76,15.65,15.69,0
2016-06-02 12:15:00,15.69,15.88,15.62,15.69,0
2016-06-02 13:15:00,15.69,15.74,15.31,15.59,0
2016-06-02 14:15:00,15.59,15.64,14.96,15.05,0
2016-06-02 15:15:00,15.05,15.21,15.04,15.17,0
2016-06-03 09:15:00,15.09,15.11,14.05,15.06,0
2016-06-03 10:15:00,15.06,15.36,15.02,15.33,0
2016-06-03 11:15:00,15.33,15.39,15.11,15.2,0
2016-06-03 12:15:00,15.2,15.28,14.88,15.04,0
2016-06-03 13:15:00,15.05,15.36,15.01,15.18,0
2016-06-03 14:15:00,15.17,15.25,14.9,14.95,0
2016-06-03 15:15:00,14.95,14.99,14.89,14.93,0
2016-06-06 09:15:00,15.0,15.53,14.12,15.51,0
2016-06-06 10:15:00,15.5,15.54,15.28,15.36,0
2016-06-06 11:15:00,15.36,15.49,15.32,15.37,0
2016-06-06 12:15:00,15.37,15.43,15.28,15.39,0
2016-06-06 13:15:00,15.4,15.5,15.33,15.46,0
2016-06-06 14:15:00,15.46,15.49,15.25,15.36,0
2016-06-06 15:15:00,15.36,15.4,15.28,15.3,0
2016-06-07 09:15:00,15.36,15.36,14.4,15.2,0
2016-06-07 10:15:00,15.2,15.34,15.09,15.2,0
2016-06-07 11:15:00,15.2,15.31,14.89,15.1,0
2016-06-07 12:15:00,15.09,15.15,14.68,14.88,0
2016-06-07 13:15:00,14.88,14.89,14.62,14.79,0
2016-06-07 14:15:00,14.78,14.99,14.75,14.83,0
2016-06-07 15:15:00,14.83,14.93,14.81,14.88,0
2016-06-08 09:15:00,14.87,15.21,13.32,15.11,0
2016-06-08 10:15:00,15.12,15.17,15.07,15.16,0
2016-06-08 11:15:00,15.15,15.25,14.94,15.04,0
2016-06-08 12:15:00,15.04,15.14,15.02,15.1,0
2016-06-08 13:15:00,15.1,15.19,15.01,15.18,0
2016-06-08 14:15:00,15.18,15.29,15.03,15.16,0
2016-06-08 15:15:00,15.16,15.16,15.06,15.09,0
2016-06-09 09:15:00,15.14,15.68,14.23,15.56,0
2016-06-09 10:15:00,15.56,15.57,15.33,15.46,0
2016-06-09 11:15:00,15.47,15.55,15.43,15.53,0
2016-06-09 12:15:00,15.53,15.66,15.48,15.61,0
2016-06-09 13:15:00,15.61,15.76,15.52,15.76,0
2016-06-09 14:15:00,15.76,15.83,15.52,15.63,0
2016-06-09 15:15:00,15.63,15.77,15.61,15.74,0
2016-06-10 09:15:00,15.67,15.82,14.55,15.57,0
2016-06-10 10:15:00,15.57,15.6,15.06,15.15,0
2016-06-10 11:15:00,15.15,15.38,15.12,15.35,0
2016-06-10 12:15:00,15.35,15.88,15.33,15.84,0
2016-06-10 13:15:00,15.86,16.27,15.85,16.12,0
2016-06-10 14:15:00,16.12,16.19,15.85,15.94,0
2016-06-10 15:15:00,15.95,15.98,15.84,15.87,0
2016-06-13 09:15:00,15.97,16.86,15.66,16.79,0
2016-06-13 10:15:00,16.8,16.94,16.73,16.89,0
2016-06-13 11:15:00,16.89,17.03,16.82,17.0,0
2016-06-13 12:15:00,17.0,17.08,16.74,16.79,0
2016-06-13 13:15:00,16.79,16.91,16.58,16.71,0
2016-06-13 14:15:00,16.71,16.72,16.47,16.52,0
2016-06-13 15:15:00,16.52,16.76,16.5,16.73,0
2016-06-14 09:15:00,16.58,17.18,14.91,17.04,0
2016-06-14 10:15:00,17.05,17.31,17.0,17.23,0
2016-06-14 11:15:00,17.23,17.25,17.05,17.2,0
2016-06-14 12:15:00,17.2,17.44,17.19,17.28,0
2016-06-14 13:15:00,17.28,17.51,17.16,17.46,0
2016-06-14 14:15:00,17.46,17.54,17.03,17.19,0
2016-06-14 15:15:00,17.19,17.3,17.15,17.3,0
2016-06-15 09:15:00,17.19,17.38,15.43,17.34,0
2016-06-15 10:15:00,17.34,17.63,17.32,17.52,0
2016-06-15 11:15:00,17.52,17.62,17.35,17.39,0
2016-06-15 12:15:00,17.4,17.53,17.22,17.39,0
2016-06-15 13:15:00,17.39,17.47,16.94,17.03,0
2016-06-15 14:15:00,17.02,17.37,17.0,17.06,0
2016-06-15 15:15:00,17.06,17.07,16.94,17.05,0
2016-06-16 09:15:00,17.06,18.2,15.84,18.12,0
2016-06-16 10:15:00,18.12,18.4,18.02,18.35,0
2016-06-16 11:15:00,18.35,18.42,18.16,18.38,0
2016-06-16 12:15:00,18.4,18.46,17.91,18.18,0
2016-06-16 13:15:00,18.17,18.27,17.91,18.15,0
2016-06-16 14:15:00,18.15,18.24,17.5,17.72,0
2016-06-16 15:15:00,17.72,17.77,17.61,17.62,0
2016-06-17 09:15:00,17.7,17.74,16.04,17.58,0
2016-06-17 10:15:00,17.58,17.75,17.38,17.7,0
2016-06-17 11:15:00,17.69,17.79,17.63,17.74,0
2016-06-17 12:15:00,17.74,17.9,17.32,17.46,0
2016-06-17 13:15:00,17.46,17.68,17.34,17.41,0
2016-06-17 14:15:00,17.4,17.71,17.31,17.38,0
2016-06-17 15:15:00,17.39,17.43,17.23,17.36,0
2016-06-20 09:15:00,17.35,18.45,16.29,18.05,0
2016-06-20 10:15:00,18.05,18.16,17.94,18.1,0
2016-06-20 11:15:00,18.1,18.12,17.75,17.81,0
2016-06-20 12:15:00,17.81,17.86,17.49,17.49,0
2016-06-20 13:15:00,17.49,17.65,17.45,17.55,0
2016-06-20 14:15:00,17.55,17.58,17.37,17.49,0
2016-06-20 15:15:00,17.5,17.55,17.47,17.54,0
2016-06-21 09:15:00,17.52,17.69,16.39,17.62,0
2016-06-21 10:15:00,17.63,17.7,17.44,17.56,0
2016-06-21 11:15:00,17.57,17.64,17.43,17.47,0
2016-06-21 12:15:00,17.47,17.62,17.39,17.48,0
2016-06-21 13:15:00,17.48,17.56,17.31,17.37,0
2016-06-21 14:15:00,17.37,17.47,17.24,17.26,0
2016-06-21 15:15:00,17.25,17.28,17.19,17.21,0
2016-06-22 09:15:00,17.26,17.55,16.22,17.46,0
2016-06-22 10:15:00,17.46,17.72,17.41,17.64,0
2016-06-22 11:15:00,17.64,17.93,17.63,17.87,0
2016-06-22 12:15:00,17.87,18.19,17.79,18.04,0
2016-06-22 13:15:00,18.03,18.31,17.91,18.2,0
2016-06-22 14:15:00,18.19,18.27,17.96,18.23,0
2016-06-22 15:15:00,18.23,18.27,18.12,18.2,0
2016-06-23 09:15:00,18.19,18.74,16.99,18.63,0
2016-06-23 10:15:00,18.62,18.73,18.49,18.55,0
2016-06-23 11:15:00,18.55,18.83,18.55,18.71,0
2016-06-23 12:15:00,18.71,18.83,18.3,18.56,0
2016-06-23 13:15:00,18.56,18.76,18.45,18.49,0
2016-06-23 14:15:00,18.49,18.52,17.72,17.97,0
2016-06-23 15:15:00,17.97,18.21,17.95,18.16,0
2016-06-24 09:15:00,18.02,20.61,16.15,20.56,0
2016-06-24 10:15:00,20.57,21.05,20.48,20.82,0
2016-06-24 11:15:00,20.82,20.99,20.61,20.84,0
2016-06-24 12:15:00,20.85,20.86,19.59,19.6,0
2016-06-24 13:15:00,19.58,19.73,18.84,19.1,0
2016-06-24 14:15:00,19.11,19.32,18.4,18.6,0
2016-06-24 15:15:00,18.6,18.88,18.59,18.82,0
2016-06-27 09:15:00,18.63,19.73,18.44,19.53,0
2016-06-27 10:15:00,19.55,19.58,19.07,19.13,0
2016-06-27 11:15:00,19.15,19.17,18.71,18.94,0
2016-06-27 12:15:00,18.95,19.01,18.45,18.49,0
2016-06-27 13:15:00,18.49,18.96,18.41,18.73,0
2016-06-27 14:15:00,18.7,18.81,18.41,18.6,0
2016-06-27 15:15:00,18.61,18.79,18.38,18.79,0
2016-06-28 09:15:00,18.53,18.81,18.28,18.3,0
2016-06-28 10:15:00,18.29,18.34,17.97,18.12,0
2016-06-28 11:15:00,18.12,18.3,18.06,18.13,0
2016-06-28 12:15:00,18.14,18.16,17.45,17.54,0
2016-06-28 13:15:00,17.53,17.97,17.49,17.86,0
2016-06-28 14:15:00,17.86,18.0,17.65,17.68,0
2016-06-28 15:15:00,17.68,17.98,17.66,17.9,0
2016-06-29 09:15:00,17.73,17.73,16.5,16.67,0
2016-06-29 10:15:00,16.67,16.92,16.5,16.51,0
2016-06-29 11:15:00,16.52,16.65,16.12,16.41,0
2016-06-29 12:15:00,16.4,16.59,16.4,16.54,0
2016-06-29 13:15:00,16.54,16.55,16.01,16.01,0
2016-06-29 14:15:00,16.02,16.28,15.91,16.19,0
2016-06-29 15:15:00,16.19,16.37,16.09,16.37,0
2016-06-30 09:15:00,16.16,16.16,15.06,15.84,0
2016-06-30 10:15:00,15.83,16.23,15.81,16.2,0
2016-06-30 11:15:00,16.2,16.33,15.98,16.06,0
2016-06-30 12:15:00,16.07,16.27,15.95,15.96,0
2016-06-30 13:15:00,15.96,16.15,15.79,16.15,0
2016-06-30 14:15:00,16.15,16.41,16.13,16.27,0
2016-06-30 15:15:00,16.27,16.38,16.21,16.24,0
2016-07-01 09:15:00,16.29,16.36,15.71,16.18,0
2016-07-01 10:15:00,16.19,16.3,16.14,16.28,0
2016-07-01 11:15:00,16.28,16.31,16.03,16.03,0
2016-07-01 12:15:00,16.03,16.16,16.03,16.1,0
2016-07-01 13:15:00,16.1,16.15,15.66,15.72,0
2016-07-01 14:15:00,15.72,15.86,15.65,15.73,0
2016-07-01 15:15:00,15.73,15.88,15.7,15.86,0
2016-07-04 09:15:00,15.74,15.97,15.15,15.77,0
2016-07-04 10:15:00,15.76,15.77,15.47,15.61,0
2016-07-04 11:15:00,15.61,15.65,15.51,15.55,0
2016-07-04 12:15:00,15.55,15.76,15.45,15.6,0
2016-07-04 13:15:00,15.6,15.7,15.52,15.65,0
2016-07-04 14:15:00,15.65,15.7,15.51,15.59,0
2016-07-04 15:15:00,15.59,15.64,15.53,15.55,0
2016-07-05 09:15:00,15.58,15.7,14.92,15.68,0
2016-07-05 10:15:00,15.68,15.7,15.53,15.56,0
2016-07-05 11:15:00,15.56,15.61,15.43,15.55,0
2016-07-05 12:15:00,15.55,15.65,15.5,15.57,0
2016-07-05 13:15:00,15.57,15.62,15.52,15.55,0
2016-07-05 14:15:00,15.55,15.57,15.26,15.35,0
2016-07-05 15:15:00,15.36,15.46,15.28,15.29,0
2016-07-07 09:15:00,15.36,15.57,14.29,15.51,0
2016-07-07 10:15:00,15.51,15.58,15.46,15.48,0
2016-07-07 11:15:00,15.48,15.58,15.47,15.52,0
2016-07-07 12:15:00,15.52,15.56,15.32,15.46,0
2016-07-07 13:15:00,15.46,15.46,15.04,15.12,0
2016-07-07 14:15:00,15.1,15.35,15.04,15.33,0
2016-07-07 15:15:00,15.33,15.37,15.23,15.26,0
2016-07-08 09:15:00,15.31,15.81,13.91,15.49,0
2016-07-08 10:15:00,15.49,15.55,15.37,15.46,0
2016-07-08 11:15:00,15.47,15.48,15.36,15.41,0
2016-07-08 12:15:00,15.41,15.42,15.19,15.25,0
2016-07-08 13:15:00,15.25,15.27,15.1,15.2,0
2016-07-08 14:15:00,15.21,15.23,15.01,15.09,0
2016-07-08 15:15:00,15.09,15.16,15.0,15.02,0
2016-07-11 09:15:00,15.08,15.08,13.76,14.69,0
2016-07-11 10:15:00,14.69,14.82,14.63,14.75,0
2016-07-11 11:15:00,14.76,14.89,14.68,14.69,0
2016-07-11 12:15:00,14.69,14.71,14.59,14.62,0
2016-07-11 13:15:00,14.62,14.77,14.58,14.68,0
2016-07-11 14:15:00,14.68,14.93,14.66,14.85,0
2016-07-11 15:15:00,14.86,14.94,14.77,14.93,0
2016-07-12 09:15:00,14.85,14.97,13.82,14.91,0
2016-07-12 10:15:00,14.91,14.93,14.84,14.91,0
2016-07-12 11:15:00,14.91,14.93,14.84,14.87,0
2016-07-12 12:15:00,14.87,14.96,14.81,14.93,0
2016-07-12 13:15:00,14.93,15.03,14.78,14.86,0
2016-07-12 14:15:00,14.86,14.88,14.7,14.75,0
2016-07-12 15:15:00,14.75,15.03,14.72,14.97,0
2016-07-13 09:15:00,14.78,15.19,13.87,15.12,0
2016-07-13 10:15:00,15.1,15.29,14.85,15.22,0
2016-07-13 11:15:00,15.22,15.27,15.13,15.16,0
2016-07-13 12:15:00,15.17,15.33,15.16,15.29,0
2016-07-13 13:15:00,15.28,15.33,15.13,15.27,0
2016-07-13 14:15:00,15.27,15.38,15.17,15.34,0
2016-07-13 15:15:00,15.36,15.41,15.33,15.37,0
2016-07-14 09:15:00,15.33,15.56,14.16,15.39,0
2016-07-14 10:15:00,15.39,15.49,15.21,15.45,0
2016-07-14 11:15:00,15.47,15.52,15.38,15.45,0
2016-07-14 12:15:00,15.45,15.64,15.35,15.6,0
2016-07-14 13:15:00,15.6,15.65,15.46,15.48,0
2016-07-14 14:15:00,15.48,15.67,15.44,15.52,0
2016-07-14 15:15:00,15.52,15.92,15.51,15.89,0
2016-07-15 09:15:00,15.61,16.32,14.0,16.06,0
2016-07-15 10:15:00,16.04,16.08,15.8,15.94,0
2016-07-15 11:15:00,15.94,15.96,15.67,15.67,0
2016-07-15 12:15:00,15.67,15.87,15.61,15.75,0
2016-07-15 13:15:00,15.74,15.81,15.68,15.78,0
2016-07-15 14:15:00,15.79,15.88,15.56,15.63,0
2016-07-15 15:15:00,15.63,15.71,15.57,15.69,0
2016-07-18 09:15:00,15.64,16.16,14.11,16.0,0
2016-07-18 10:15:00,16.0,16.18,15.79,16.09,0
2016-07-18 11:15:00,16.09,16.15,15.98,16.03,0
2016-07-18 12:15:00,16.03,16.14,15.88,16.1,0
2016-07-18 13:15:00,16.1,16.18,15.95,16.09,0
2016-07-18 14:15:00,16.09,16.2,15.84,15.97,0
2016-07-18 15:15:00,15.98,16.14,15.94,16.02,0
2016-07-19 09:15:00,15.99,16.22,13.92,16.07,0
2016-07-19 10:15:00,16.07,16.23,15.92,16.17,0
2016-07-19 11:15:00,16.17,16.23,16.09,16.15,0
2016-07-19 12:15:00,16.15,16.16,15.77,16.01,0
2016-07-19 13:15:00,16.02,16.05,15.92,15.98,0
2016-07-19 14:15:00,15.98,16.02,15.66,15.72,0
2016-07-19 15:15:00,15.72,15.86,15.7,15.79,0
2016-07-20 09:15:00,15.8,15.91,14.14,15.77,0
2016-07-20 10:15:00,15.74,15.93,15.68,15.86,0
2016-07-20 11:15:00,15.87,16.02,15.72,15.92,0
2016-07-20 12:15:00,15.96,16.08,15.87,16.0,0
2016-07-20 13:15:00,15.98,16.21,15.92,15.98,0
2016-07-20 14:15:00,15.93,16.14,15.87,16.06,0
2016-07-20 15:15:00,16.05,16.11,15.74,15.85,0
2016-07-21 09:15:00,15.99,16.04,14.03,15.91,0
2016-07-21 10:15:00,15.9,16.11,15.84,15.91,0
2016-07-21 11:15:00,15.91,16.0,15.79,15.85,0
2016-07-21 12:15:00,15.85,15.95,15.71,15.82,0
2016-07-21 13:15:00,15.83,15.98,15.4,15.59,0
2016-07-21 14:15:00,15.59,15.86,15.54,15.7,0
2016-07-21 15:15:00,15.7,15.81,15.65,15.76,0
2016-07-22 09:15:00,15.71,15.96,14.44,15.71,0
2016-07-22 10:15:00,15.71,15.83,15.52,15.63,0
2016-07-22 11:15:00,15.61,15.64,15.4,15.56,0
2016-07-22 12:15:00,15.57,15.61,15.41,15.57,0
2016-07-22 13:15:00,15.57,15.68,15.36,15.47,0
2016-07-22 14:15:00,15.48,15.7,15.38,15.43,0
2016-07-22 15:15:00,15.42,15.62,15.4,15.56,0
2016-07-25 09:15:00,15.5,16.07,13.52,15.98,0
2016-07-25 10:15:00,15.98,16.11,15.83,15.9,0
2016-07-25 11:15:00,15.92,16.11,15.88,16.01,0
2016-07-25 12:15:00,16.0,16.08,15.78,15.78,0
2016-07-25 13:15:00,15.78,15.98,15.68,15.95,0
2016-07-25 14:15:00,15.97,16.01,15.61,15.7,0
2016-07-25 15:15:00,15.7,15.79,15.63,15.77,0
2016-07-26 09:15:00,15.72,16.15,13.95,15.91,0
2016-07-26 10:15:00,15.92,16.03,15.8,15.82,0
2016-07-26 11:15:00,15.82,15.96,15.76,15.77,0
2016-07-26 12:15:00,15.76,15.93,15.64,15.87,0
2016-07-26 13:15:00,15.87,15.94,15.69,15.78,0
2016-07-26 14:15:00,15.78,15.9,15.54,15.55,0
2016-07-26 15:15:00,15.55,15.61,15.42,15.56,0
2016-07-27 09:15:00,15.62,15.62,14.47,15.47,0
2016-07-27 10:15:00,15.48,15.65,15.37,15.38,0
2016-07-27 11:15:00,15.38,15.67,15.33,15.63,0
2016-07-27 12:15:00,15.64,15.67,15.4,15.59,0
2016-07-27 13:15:00,15.59,15.63,15.32,15.52,0
2016-07-27 14:15:00,15.52,15.56,15.34,15.38,0
2016-07-27 15:15:00,15.37,15.54,15.36,15.47,0
2016-07-28 09:15:00,15.43,15.54,12.59,15.27,0
2016-07-28 10:15:00,15.28,15.36,15.04,15.06,0
2016-07-28 11:15:00,15.06,15.25,15.06,15.13,0
2016-07-28 12:15:00,15.13,15.31,15.03,15.26,0
2016-07-28 13:15:00,15.26,15.43,15.21,15.35,0
2016-07-28 14:15:00,15.35,15.45,15.0,15.3,0
2016-07-28 15:15:00,15.3,15.31,14.99,15.05,0
2016-07-29 09:15:00,15.15,15.23,14.15,14.99,0
2016-07-29 10:15:00,14.99,15.0,14.73,14.8,0
2016-07-29 11:15:00,14.8,15.01,14.74,14.98,0
2016-07-29 12:15:00,14.99,15.07,14.87,14.89,0
2016-07-29 13:15:00,14.89,15.08,14.82,14.99,0
2016-07-29 14:15:00,14.99,15.07,14.9,14.94,0
2016-07-29 15:15:00,14.94,14.98,14.77,14.84,0
2016-08-01 09:15:00,14.92,15.1,14.41,14.93,0
2016-08-01 10:15:00,14.92,14.93,14.68,14.82,0
2016-08-01 11:15:00,14.82,15.05,14.76,15.04,0
2016-08-01 12:15:00,15.04,15.48,15.03,15.3,0
2016-08-01 13:15:00,15.3,15.41,15.03,15.24,0
2016-08-01 14:15:00,15.24,15.31,15.05,15.16,0
2016-08-01 15:15:00,15.17,15.25,15.13,15.19,0
2016-08-02 09:15:00,15.18,15.48,13.96,15.33,0
2016-08-02 10:15:00,15.33,15.42,15.19,15.22,0
2016-08-02 11:15:00,15.22,15.47,15.18,15.43,0
2016-08-02 12:15:00,15.42,15.61,15.34,15.47,0
2016-08-02 13:15:00,15.47,15.64,15.45,15.64,0
2016-08-02 14:15:00,15.63,15.79,15.42,15.76,0
2016-08-02 15:15:00,15.76,15.76,15.57,15.57,0
2016-08-03 09:15:00,15.69,16.33,14.4,15.77,0
2016-08-03 10:15:00,15.78,16.11,15.72,16.0,0
2016-08-03 11:15:00,15.99,16.21,15.99,16.11,0
2016-08-03 12:15:00,16.1,16.22,15.96,16.22,0
2016-08-03 13:15:00,16.22,16.25,15.87,16.1,0
2016-08-03 14:15:00,16.1,16.35,16.07,16.34,0
2016-08-03 15:15:00,16.35,16.45,16.06,16.12,0
2016-08-04 09:15:00,16.24,16.24,14.1,15.55,0
2016-08-04 10:15:00,15.55,15.66,15.45,15.48,0
2016-08-04 11:15:00,15.49,15.56,15.37,15.52,0
2016-08-04 12:15:00,15.51,15.57,15.35,15.52,0
2016-08-04 13:15:00,15.53,15.57,15.38,15.53,0
2016-08-04 14:15:00,15.53,15.56,15.11,15.12,0
2016-08-04 15:15:00,15.12,15.13,14.98,14.98,0
2016-08-05 09:15:00,15.14,15.14,13.75,14.6,0
2016-08-05 10:15:00,14.61,14.62,14.39,14.41,0
2016-08-05 11:15:00,14.41,14.57,14.39,14.55,0
2016-08-05 12:15:00,14.55,14.56,14.43,14.46,0
2016-08-05 13:15:00,14.46,14.56,14.45,14.5,0
2016-08-05 14:15:00,14.51,14.57,14.28,14.36,0
2016-08-05 15:15:00,14.36,14.47,14.31,14.41,0
2016-08-08 09:15:00,14.35,14.7,13.33,14.65,0
2016-08-08 10:15:00,14.66,14.78,14.58,14.76,0
2016-08-08 11:15:00,14.76,14.82,14.65,14.75,0
2016-08-08 12:15:00,14.74,14.76,14.57,14.62,0
2016-08-08 13:15:00,14.62,14.68,14.53,14.54,0
2016-08-08 14:15:00,14.54,14.65,14.52,14.59,0
2016-08-08 15:15:00,14.59,14.66,14.54,14.61,0
2016-08-09 09:15:00,14.59,14.96,12.35,14.79,0
2016-08-09 10:15:00,14.79,14.79,14.57,14.66,0
2016-08-09 11:15:00,14.66,14.76,14.56,14.61,0
2016-08-09 12:15:00,14.61,14.79,14.59,14.78,0
2016-08-09 13:15:00,14.78,14.79,14.48,14.53,0
2016-08-09 14:15:00,14.53,14.59,14.42,14.54,0
2016-08-09 15:15:00,14.55,14.64,14.49,14.58,0
2016-08-10 09:15:00,14.54,15.07,12.71,15.07,0
2016-08-10 10:15:00,15.07,15.18,14.83,14.98,0
2016-08-10 11:15:00,14.98,15.25,14.87,14.98,0
2016-08-10 12:15:00,14.98,15.11,14.77,14.86,0
2016-08-10 13:15:00,14.86,14.98,14.82,14.88,0
2016-08-10 14:15:00,14.88,15.04,14.81,14.94,0
2016-08-10 15:15:00,14.93,14.99,14.78,14.84,0
2016-08-11 09:15:00,14.92,14.92,13.17,14.52,0
2016-08-11 10:15:00,14.52,14.64,14.46,14.5,0
2016-08-11 11:15:00,14.5,14.61,14.36,14.41,0
2016-08-11 12:15:00,14.41,14.58,14.4,14.53,0
2016-08-11 13:15:00,14.53,14.66,14.42,14.58,0
2016-08-11 14:15:00,14.6,14.64,14.18,14.19,0
2016-08-11 15:15:00,14.19,14.28,14.15,14.24,0
2016-08-12 09:15:00,14.21,14.21,12.37,13.83,0
2016-08-12 10:15:00,13.83,13.88,13.76,13.85,0
2016-08-12 11:15:00,13.85,13.91,13.72,13.73,0
2016-08-12 12:15:00,13.73,13.83,13.65,13.73,0
2016-08-12 13:15:00,13.73,13.78,13.66,13.69,0
2016-08-12 14:15:00,13.69,13.83,13.64,13.78,0
2016-08-12 15:15:00,13.79,13.89,13.76,13.86,0
2016-08-16 09:15:00,13.77,14.42,13.33,14.25,0
2016-08-16 10:15:00,14.25,14.43,14.23,14.36,0
2016-08-16 11:15:00,14.36,14.63,14.35,14.63,0
2016-08-16 12:15:00,14.63,14.64,14.37,14.4,0
2016-08-16 13:15:00,14.41,14.47,14.33,14.38,0
2016-08-16 14:15:00,14.38,14.38,14.11,14.14,0
2016-08-16 15:15:00,14.13,14.33,14.12,14.31,0
2016-08-17 09:15:00,14.18,14.39,12.71,14.28,0
2016-08-17 10:15:00,14.28,14.41,14.23,14.33,0
2016-08-17 11:15:00,14.33,14.41,14.28,14.3,0
2016-08-17 12:15:00,14.3,14.59,14.15,14.51,0
2016-08-17 13:15:00,14.52,14.65,14.42,14.54,0
2016-08-17 14:15:00,14.54,14.84,14.52,14.77,0
2016-08-17 15:15:00,14.77,14.91,14.71,14.79,0
2016-08-18 09:15:00,14.78,14.78,13.96,14.53,0
2016-08-18 10:15:00,14.53,14.56,14.35,14.49,0
2016-08-18 11:15:00,14.49,14.57,14.37,14.51,0
2016-08-18 12:15:00,14.51,14.64,14.44,14.55,0
2016-08-18 13:15:00,14.54,14.68,14.47,14.58,0
2016-08-18 14:15:00,14.6,14.65,14.43,14.54,0
2016-08-18 15:15:00,14.54,14.73,14.47,14.62,0
2016-08-19 09:15:00,14.55,14.71,12.11,14.6,0
2016-08-19 10:15:00,14.6,14.85,14.5,14.73,0
2016-08-19 11:15:00,14.77,14.81,14.44,14.51,0
2016-08-19 12:15:00,14.51,14.8,14.43,14.65,0
2016-08-19 13:15:00,14.65,14.91,14.53,14.55,0
2016-08-19 14:15:00,14.56,14.66,14.44,14.6,0
2016-08-19 15:15:00,14.6,14.63,14.39,14.59,0
2016-08-22 09:15:00,14.54,15.0,13.82,14.77,0
2016-08-22 10:15:00,14.77,14.9,14.67,14.75,0
2016-08-22 11:15:00,14.75,14.79,14.51,14.65,0
2016-08-22 12:15:00,14.64,14.64,14.36,14.41,0
2016-08-22 13:15:00,14.41,14.46,14.2,14.23,0
2016-08-22 14:15:00,14.24,14.4,14.05,14.18,0
2016-08-22 15:15:00,14.18,14.39,14.18,14.28,0
2016-08-23 09:15:00,14.24,14.62,13.06,14.06,0
2016-08-23 10:15:00,14.06,14.32,13.93,13.99,0
2016-08-23 11:15:00,13.98,14.07,13.89,13.97,0
2016-08-23 12:15:00,13.96,14.19,13.8,14.09,0
2016-08-23 13:15:00,14.07,14.51,14.04,14.36,0
2016-08-23 14:15:00,14.37,14.41,13.8,13.91,0
2016-08-23 15:15:00,13.93,13.99,13.77,13.82,0
2016-08-24 09:15:00,13.9,13.96,12.39,13.86,0
2016-08-24 10:15:00,13.83,13.89,13.63,13.73,0
2016-08-24 11:15:00,13.72,13.85,13.66,13.85,0
2016-08-24 12:15:00,13.85,14.04,13.51,13.58,0
2016-08-24 13:15:00,13.58,13.68,13.49,13.53,0
2016-08-24 14:15:00,13.53,13.6,13.43,13.49,0
2016-08-24 15:15:00,13.49,13.55,13.39,13.46,0
2016-08-25 09:15:00,13.49,13.61,10.93,13.14,0
2016-08-25 10:15:00,13.15,13.24,13.02,13.07,0
2016-08-25 11:15:00,13.07,13.15,13.04,13.12,0
2016-08-25 12:15:00,13.12,13.31,13.03,13.23,0
2016-08-25 13:15:00,13.25,13.34,12.95,13.22,0
2016-08-25 14:15:00,13.22,13.52,13.07,13.47,0
2016-08-25 15:15:00,13.47,13.53,13.12,13.21,0
2016-08-26 09:15:00,13.29,13.3,12.44,13.17,0
2016-08-26 10:15:00,13.18,13.38,13.06,13.28,0
2016-08-26 11:15:00,13.28,13.54,13.08,13.49,0
2016-08-26 12:15:00,13.49,13.78,13.36,13.59,0
2016-08-26 13:15:00,13.59,13.89,13.46,13.73,0
2016-08-26 14:15:00,13.74,14.21,13.49,13.52,0
2016-08-26 15:15:00,13.52,13.62,13.34,13.51,0
2016-08-29 09:15:00,13.57,14.01,13.1,13.73,0
2016-08-29 10:15:00,13.73,13.76,13.5,13.57,0
2016-08-29 11:15:00,13.57,13.66,13.49,13.6,0
2016-08-29 12:15:00,13.6,13.74,13.41,13.54,0
2016-08-29 13:15:00,13.51,13.59,13.25,13.37,0
2016-08-29 14:15:00,13.37,13.43,13.06,13.2,0
2016-08-29 15:15:00,13.2,13.25,12.94,12.97,0
2016-08-30 09:15:00,13.17,13.17,12.37,12.62,0
2016-08-30 10:15:00,12.62,12.87,12.56,12.82,0
2016-08-30 11:15:00,12.83,12.85,12.69,12.79,0
2016-08-30 12:15:00,12.79,12.89,12.69,12.76,0
2016-08-30 13:15:00,12.76,13.0,12.76,12.96,0
2016-08-30 14:15:00,12.96,13.1,12.81,13.03,0
2016-08-30 15:15:00,13.04,13.07,12.86,12.86,0
2016-08-31 09:15:00,13.02,13.52,12.25,13.42,0
2016-08-31 10:15:00,13.42,13.43,13.09,13.14,0
2016-08-31 11:15:00,13.14,13.31,13.14,13.28,0
2016-08-31 12:15:00,13.28,13.38,13.19,13.33,0
2016-08-31 13:15:00,13.33,13.54,13.24,13.41,0
2016-08-31 14:15:00,13.4,13.51,13.13,13.2,0
2016-08-31 15:15:00,13.2,13.32,13.15,13.18,0
2016-09-01 09:15:00,13.24,13.68,12.56,13.55,0
2016-09-01 10:15:00,13.55,13.56,13.44,13.53,0
2016-09-01 11:15:00,13.54,13.58,13.42,13.52,0
2016-09-01 12:15:00,13.51,13.55,13.37,13.43,0
2016-09-01 13:15:00,13.42,13.51,13.36,13.38,0
2016-09-01 14:15:00,13.37,13.64,13.33,13.34,0
2016-09-01 15:15:00,13.34,13.34,13.15,13.18,0
2016-09-02 09:15:00,13.34,13.45,12.89,13.37,0
2016-09-02 10:15:00,13.38,13.39,13.27,13.3,0
2016-09-02 11:15:00,13.3,13.33,13.2,13.2,0
2016-09-02 12:15:00,13.2,13.22,13.06,13.08,0
2016-09-02 13:15:00,13.08,13.18,12.87,13.0,0
2016-09-02 14:15:00,13.0,13.11,12.64,12.94,0
2016-09-02 15:15:00,12.93,12.97,12.86,12.88,0
2016-09-06 09:15:00,12.94,13.07,12.36,13.05,0
2016-09-06 10:15:00,13.05,13.14,12.95,13.01,0
2016-09-06 11:15:00,13.01,13.15,13.0,13.1,0
2016-09-06 12:15:00,13.1,13.15,13.05,13.12,0
2016-09-06 13:15:00,13.12,13.18,13.03,13.03,0
2016-09-06 14:15:00,13.03,13.05,12.71,12.74,0
2016-09-06 15:15:00,12.75,12.78,12.66,12.69,0
2016-09-07 09:15:00,12.75,13.33,11.95,13.3,0
2016-09-07 10:15:00,13.3,13.36,13.03,13.14,0
2016-09-07 11:15:00,13.14,13.26,13.0,13.06,0
2016-09-07 12:15:00,13.06,13.25,13.04,13.1,0
2016-09-07 13:15:00,13.1,13.18,13.0,13.08,0
2016-09-07 14:15:00,13.08,13.22,13.03,13.1,0
2016-09-07 15:15:00,13.1,13.18,13.06,13.13,0
2016-09-08 09:15:00,13.15,13.15,12.05,12.97,0
2016-09-08 10:15:00,12.97,13.13,12.94,13.11,0
2016-09-08 11:15:00,13.11,13.16,13.05,13.11,0
2016-09-08 12:15:00,13.11,13.2,13.03,13.11,0
2016-09-08 13:15:00,13.11,13.19,13.06,13.15,0
2016-09-08 14:15:00,13.15,13.23,12.99,13.07,0
2016-09-08 15:15:00,13.07,13.19,13.07,13.12,0
2016-09-09 09:15:00,13.12,13.45,12.64,13.31,0
2016-09-09 10:15:00,13.31,13.38,13.21,13.22,0
2016-09-09 11:15:00,13.22,13.44,13.22,13.38,0
2016-09-09 12:15:00,13.38,13.41,13.1,13.14,0
2016-09-09 13:15:00,13.14,13.24,13.04,13.12,0
2016-09-09 14:15:00,13.11,13.31,13.1,13.26,0
2016-09-09 15:15:00,13.26,13.33,13.16,13.31,0
2016-09-12 09:15:00,13.23,14.79,13.23,14.76,0
2016-09-12 10:15:00,14.76,15.07,14.75,15.0,0
2016-09-12 11:15:00,15.0,15.07,14.85,14.99,0
2016-09-12 12:15:00,14.99,15.23,14.94,15.09,0
2016-09-12 13:15:00,15.09,15.31,15.07,15.13,0
2016-09-12 14:15:00,15.12,15.34,15.1,15.26,0
2016-09-12 15:15:00,15.26,15.31,15.19,15.22,0
2016-09-14 09:15:00,15.24,15.52,14.2,15.43,0
2016-09-14 10:15:00,15.44,15.51,15.25,15.44,0
2016-09-14 11:15:00,15.44,15.47,15.14,15.17,0
2016-09-14 12:15:00,15.17,15.26,14.76,15.24,0
2016-09-14 13:15:00,15.25,15.3,14.94,14.96,0
2016-09-14 14:15:00,14.96,15.09,14.63,14.7,0
2016-09-14 15:15:00,14.7,14.8,14.62,14.66,0
2016-09-15 09:15:00,14.76,14.85,13.61,14.75,0
2016-09-15 10:15:00,14.75,15.06,14.62,14.77,0
2016-09-15 11:15:00,14.78,15.08,14.65,14.95,0
2016-09-15 12:15:00,14.95,15.08,14.77,14.81,0
2016-09-15 13:15:00,14.82,14.89,14.64,14.64,0
2016-09-15 14:15:00,14.64,14.78,14.56,14.73,0
2016-09-15 15:15:00,14.73,14.74,14.59,14.62,0
2016-09-16 09:15:00,14.68,14.68,13.43,14.11,0
2016-09-16 10:15:00,14.11,14.23,14.08,14.18,0
2016-09-16 11:15:00,14.18,14.4,13.97,14.4,0
2016-09-16 12:15:00,14.39,14.44,14.28,14.34,0
2016-09-16 13:15:00,14.34,14.92,14.28,14.81,0
2016-09-16 14:15:00,14.83,14.95,14.51,14.51,0
2016-09-16 15:15:00,14.5,14.57,14.41,14.5,0
2016-09-19 09:15:00,14.58,14.75,13.64,14.59,0
2016-09-19 10:15:00,14.59,14.98,14.38,14.94,0
2016-09-19 11:15:00,14.94,15.05,14.89,14.94,0
2016-09-19 12:15:00,14.94,15.11,14.93,15.02,0
2016-09-19 13:15:00,15.05,15.2,14.92,15.01,0
2016-09-19 14:15:00,15.0,15.07,14.86,14.94,0
2016-09-19 15:15:00,14.94,15.04,14.9,14.97,0
2016-09-20 09:15:00,14.94,15.15,13.77,14.83,0
2016-09-20 10:15:00,14.84,14.93,14.7,14.73,0
2016-09-20 11:15:00,14.73,14.89,14.7,14.74,0
2016-09-20 12:15:00,14.77,14.86,14.65,14.71,0
2016-09-20 13:15:00,14.71,14.98,14.62,14.92,0
2016-09-20 14:15:00,14.91,14.98,14.73,14.78,0
2016-09-20 15:15:00,14.78,14.85,14.65,14.79,0
2016-09-21 09:15:00,14.78,14.8,13.19,14.64,0
2016-09-21 10:15:00,14.64,14.69,14.47,14.59,0
2016-09-21 11:15:00,14.59,14.7,14.53,14.55,0
2016-09-21 12:15:00,14.56,14.71,14.53,14.62,0
2016-09-21 13:15:00,14.62,14.73,14.57,14.62,0
2016-09-21 14:15:00,14.62,14.89,14.61,14.69,0
2016-09-21 15:15:00,14.69,14.95,14.67,14.94,0
2016-09-22 09:15:00,14.81,14.81,12.59,13.84,0
2016-09-22 10:15:00,13.85,13.88,13.5,13.63,0
2016-09-22 11:15:00,13.63,13.91,13.59,13.61,0
2016-09-22 12:15:00,13.61,13.72,13.41,13.53,0
2016-09-22 13:15:00,13.56,13.73,13.42,13.51,0
2016-09-22 14:15:00,13.51,13.64,13.29,13.33,0
2016-09-22 15:15:00,13.33,13.53,13.3,13.53,0
2016-09-23 09:15:00,13.34,13.59,12.03,13.56,0
2016-09-23 10:15:00,13.55,13.59,13.26,13.27,0
2016-09-23 11:15:00,13.28,13.35,13.19,13.26,0
2016-09-23 12:15:00,13.26,13.38,13.24,13.34,0
2016-09-23 13:15:00,13.34,13.43,13.15,13.16,0
2016-09-23 14:15:00,13.16,13.32,12.99,13.28,0
2016-09-23 15:15:00,13.29,13.35,13.24,13.32,0
2016-09-26 09:15:00,13.25,13.74,12.81,13.71,0
2016-09-26 10:15:00,13.71,13.78,13.68,13.73,0
2016-09-26 11:15:00,13.73,13.92,13.7,13.91,0
2016-09-26 12:15:00,13.91,14.08,13.87,14.04,0
2016-09-26 13:15:00,14.04,14.36,13.9,14.13,0
2016-09-26 14:15:00,14.12,14.65,14.11,14.6,0
2016-09-26 15:15:00,14.6,14.79,14.51,14.73,0
2016-09-27 09:15:00,14.57,14.57,13.77,14.18,0
2016-09-27 10:15:00,14.18,14.3,14.14,14.25,0
2016-09-27 11:15:00,14.25,14.26,13.87,13.9,0
2016-09-27 12:15:00,13.9,14.19,13.81,14.1,0
2016-09-27 13:15:00,14.1,14.28,13.99,14.13,0
2016-09-27 14:15:00,14.13,14.44,14.05,14.29,0
2016-09-27 15:15:00,14.29,14.3,14.1,14.18,0
2016-09-28 09:15:00,14.25,14.35,13.49,14.12,0
2016-09-28 10:15:00,14.12,14.28,14.09,14.19,0
2016-09-28 11:15:00,14.19,14.28,14.05,14.27,0
2016-09-28 12:15:00,14.27,14.3,13.94,13.97,0
2016-09-28 13:15:00,13.96,14.08,13.82,13.86,0
2016-09-28 14:15:00,13.87,13.96,13.66,13.8,0
2016-09-28 15:15:00,13.81,13.97,13.72,13.97,0
2016-09-29 09:15:00,13.85,13.85,13.15,13.81,0
2016-09-29 10:15:00,13.81,13.98,13.78,13.84,0
2016-09-29 11:15:00,13.85,14.02,13.83,14.01,0
2016-09-29 12:15:00,14.02,18.69,14.02,18.6,0
2016-09-29 13:15:00,18.62,19.13,17.35,18.89,0
2016-09-29 14:15:00,18.89,19.11,18.08,18.45,0
2016-09-29 15:15:00,18.43,18.45,18.05,18.15,0
2016-09-30 09:15:00,18.45,18.85,17.37,17.53,0
2016-09-30 10:15:00,17.53,17.64,17.08,17.37,0
2016-09-30 11:15:00,17.37,17.69,17.28,17.63,0
2016-09-30 12:15:00,17.64,17.93,17.29,17.58,0
2016-09-30 13:15:00,17.58,17.6,17.2,17.35,0
2016-09-30 14:15:00,17.34,17.35,16.83,17.1,0
2016-09-30 15:15:00,17.1,17.23,17.05,17.09,0
2016-10-03 09:15:00,17.18,17.18,15.66,16.1,0
2016-10-03 10:15:00,16.1,16.14,15.86,16.06,0
2016-10-03 11:15:00,16.06,16.34,16.03,16.2,0
2016-10-03 12:15:00,16.2,16.31,16.02,16.13,0
2016-10-03 13:15:00,16.13,16.15,15.95,16.06,0
2016-10-03 14:15:00,16.06,16.09,15.51,15.6,0
2016-10-03 15:15:00,15.6,15.7,15.55,15.55,0
2016-10-04 09:15:00,15.62,15.69,14.97,15.64,0
2016-10-04 10:15:00,15.64,15.72,15.5,15.56,0
2016-10-04 11:15:00,15.56,15.65,15.44,15.62,0
2016-10-04 12:15:00,15.62,15.68,15.45,15.54,0
2016-10-04 13:15:00,15.53,15.62,15.3,15.56,0
2016-10-04 14:15:00,15.61,15.63,14.9,14.95,0
2016-10-04 15:15:00,14.94,15.03,14.81,14.93,0
2016-10-05 09:15:00,14.99,15.14,13.91,15.03,0
2016-10-05 10:15:00,15.04,15.15,14.83,14.89,0
2016-10-05 11:15:00,14.89,15.07,14.83,14.95,0
2016-10-05 12:15:00,14.96,15.07,14.82,14.9,0
2016-10-05 13:15:00,14.91,15.03,14.69,14.82,0
2016-10-05 14:15:00,14.82,14.9,14.72,14.79,0
2016-10-05 15:15:00,14.79,15.13,14.78,15.07,0
2016-10-06 09:15:00,14.93,15.12,14.33,14.7,0
2016-10-06 10:15:00,14.7,14.76,14.61,14.65,0
2016-10-06 11:15:00,14.65,14.73,14.45,14.47,0
2016-10-06 12:15:00,14.47,14.57,14.34,14.42,0
2016-10-06 13:15:00,14.42,15.01,14.41,14.71,0
2016-10-06 14:15:00,14.71,15.04,14.66,14.77,0
2016-10-06 15:15:00,14.77,14.94,14.72,14.86,0
2016-10-07 09:15:00,14.84,14.96,13.78,14.72,0
2016-10-07 10:15:00,14.72,14.83,14.62,14.7,0
2016-10-07 11:15:00,14.7,14.78,14.57,14.6,0
2016-10-07 12:15:00,14.61,14.89,14.51,14.88,0
2016-10-07 13:15:00,14.88,14.97,14.49,14.62,0
2016-10-07 14:15:00,14.62,14.68,14.39,14.45,0
2016-10-07 15:15:00,14.45,14.77,14.41,14.54,0
2016-10-10 09:15:00,14.49,14.56,13.67,14.29,0
2016-10-10 10:15:00,14.3,14.3,14.16,14.26,0
2016-10-10 11:15:00,14.26,14.35,14.22,14.29,0
2016-10-10 12:15:00,14.29,14.36,14.22,14.27,0
2016-10-10 13:15:00,14.28,14.44,14.26,14.32,0
2016-10-10 14:15:00,14.32,14.56,14.19,14.36,0
2016-10-10 15:15:00,14.36,14.36,14.18,14.21,0
2016-10-13 09:15:00,14.29,15.02,14.29,14.87,0
2016-10-13 10:15:00,14.88,15.13,14.78,15.05,0
2016-10-13 11:15:00,15.06,15.5,15.01,15.46,0
2016-10-13 12:15:00,15.46,15.81,15.26,15.63,0
2016-10-13 13:15:00,15.66,16.0,15.55,15.63,0
2016-10-13 14:15:00,15.62,15.77,15.3,15.32,0
2016-10-13 15:15:00,15.32,15.55,15.27,15.55,0
2016-10-14 09:15:00,15.43,15.43,14.43,15.23,0
2016-10-14 10:15:00,15.23,15.26,15.01,15.19,0
2016-10-14 11:15:00,15.19,15.25,14.96,14.99,0
2016-10-14 12:15:00,14.99,15.1,14.92,14.98,0
2016-10-14 13:15:00,14.98,15.13,14.76,14.97,0
2016-10-14 14:15:00,14.97,15.04,14.72,14.94,0
2016-10-14 15:15:00,14.93,14.98,14.86,14.88,0
2016-10-17 09:15:00,14.89,15.48,14.35,15.37,0
2016-10-17 10:15:00,15.36,15.42,15.28,15.34,0
2016-10-17 11:15:00,15.34,15.79,15.31,15.71,0
2016-10-17 12:15:00,15.72,15.86,15.6,15.73,0
2016-10-17 13:15:00,15.73,15.82,15.69,15.74,0
2016-10-17 14:15:00,15.74,16.05,15.51,15.65,0
2016-10-17 15:15:00,15.64,15.8,15.61,15.76,0
2016-10-18 09:15:00,15.66,15.66,14.3,15.06,0
2016-10-18 10:15:00,15.07,15.27,14.96,15.12,0
2016-10-18 11:15:00,15.12,15.22,14.84,15.04,0
2016-10-18 12:15:00,15.04,15.16,14.46,14.7,0
2016-10-18 13:15:00,14.7,14.8,14.42,14.49,0
2016-10-18 14:15:00,14.49,14.67,14.3,14.52,0
2016-10-18 15:15:00,14.54,14.71,14.48,14.66,0
2016-10-19 09:15:00,14.54,14.62,13.15,14.5,0
2016-10-19 10:15:00,14.5,14.74,14.46,14.66,0
2016-10-19 11:15:00,14.65,14.78,14.55,14.73,0
2016-10-19 12:15:00,14.73,14.95,14.7,14.77,0
2016-10-19 13:15:00,14.77,14.93,14.7,14.78,0
2016-10-19 14:15:00,14.77,14.85,14.56,14.58,0
2016-10-19 15:15:00,14.59,14.72,14.56,14.71,0
2016-10-20 09:15:00,14.61,14.61,12.75,14.33,0
2016-10-20 10:15:00,14.34,14.41,14.24,14.35,0
2016-10-20 11:15:00,14.35,14.5,14.26,14.41,0
2016-10-20 12:15:00,14.41,14.54,14.38,14.41,0
2016-10-20 13:15:00,14.41,14.43,14.14,14.21,0
2016-10-20 14:15:00,14.22,14.31,14.05,14.19,0
2016-10-20 15:15:00,14.19,14.24,14.13,14.16,0
2016-10-21 09:15:00,14.17,14.35,12.43,14.07,0
2016-10-21 10:15:00,14.06,14.32,14.01,14.13,0
2016-10-21 11:15:00,14.14,14.2,13.94,14.08,0
2016-10-21 12:15:00,14.08,14.14,13.95,14.03,0
2016-10-21 13:15:00,14.04,14.07,13.85,13.97,0
2016-10-21 14:15:00,13.97,14.04,13.73,13.79,0
2016-10-21 15:15:00,13.8,13.95,13.77,13.94,0
2016-10-24 09:15:00,13.83,14.32,13.1,14.09,0
2016-10-24 10:15:00,14.07,14.2,14.01,14.17,0
2016-10-24 11:15:00,14.17,14.32,14.08,14.1,0
2016-10-24 12:15:00,14.11,14.17,13.85,13.89,0
2016-10-24 13:15:00,13.88,14.28,13.74,14.23,0
2016-10-24 14:15:00,14.21,14.42,14.19,14.3,0
2016-10-24 15:15:00,14.3,14.45,14.28,14.32,0
2016-10-25 09:15:00,14.33,14.76,12.84,14.69,0
2016-10-25 10:15:00,14.71,14.81,14.49,14.49,0
2016-10-25 11:15:00,14.47,14.55,14.33,14.35,0
2016-10-25 12:15:00,14.35,14.61,14.34,14.58,0
2016-10-25 13:15:00,14.59,14.66,14.47,14.58,0
2016-10-25 14:15:00,14.58,14.66,14.47,14.53,0
2016-10-25 15:15:00,14.53,14.55,14.27,14.3,0
2016-10-26 09:15:00,14.48,14.94,13.75,14.67,0
2016-10-26 10:15:00,14.67,14.69,14.54,14.6,0
2016-10-26 11:15:00,14.61,14.66,14.49,14.51,0
2016-10-26 12:15:00,14.5,14.58,14.4,14.4,0
2016-10-26 13:15:00,14.4,14.55,14.32,14.48,0
2016-10-26 14:15:00,14.48,14.65,14.31,14.47,0
2016-10-26 15:15:00,14.47,14.76,14.44,14.73,0
2016-10-27 09:15:00,14.45,14.8,13.74,14.72,0
2016-10-27 10:15:00,14.73,14.82,14.56,14.6,0
2016-10-27 11:15:00,14.6,14.77,14.58,14.6,0
2016-10-27 12:15:00,14.6,14.6,14.16,14.19,0
2016-10-27 13:15:00,14.19,14.36,14.02,14.31,0
2016-10-27 14:15:00,14.33,14.56,13.95,14.13,0
2016-10-27 15:15:00,14.12,14.26,13.98,14.21,0
2016-10-28 09:15:00,14.09,14.88,13.63,14.53,0
2016-10-28 10:15:00,14.53,14.68,14.27,14.65,0
2016-10-28 11:15:00,14.65,14.79,14.6,14.67,0
2016-10-28 12:15:00,14.65,14.78,14.59,14.66,0
2016-10-28 13:15:00,14.66,14.83,14.63,14.8,0
2016-10-28 14:15:00,14.8,14.81,14.6,14.63,0
2016-10-28 15:15:00,14.63,14.77,14.59,14.59,0
2016-10-30 18:15:00,14.65,15.52,14.47,15.39,0
2016-10-30 19:15:00,15.39,15.62,15.39,15.54,0
2016-11-01 09:15:00,15.49,15.86,14.31,15.72,0
2016-11-01 10:15:00,15.72,15.85,15.69,15.69,0
2016-11-01 11:15:00,15.69,15.7,15.47,15.6,0
2016-11-01 12:15:00,15.61,15.65,15.45,15.6,0
2016-11-01 13:15:00,15.6,15.73,15.5,15.72,0
2016-11-01 14:15:00,15.72,15.89,15.66,15.76,0
2016-11-01 15:15:00,15.76,15.81,15.63,15.64,0
2016-11-02 09:15:00,15.74,17.06,15.12,16.85,0
2016-11-02 10:15:00,16.85,17.06,16.73,16.92,0
2016-11-02 11:15:00,16.92,17.26,16.89,17.03,0
2016-11-02 12:15:00,17.04,17.07,16.76,16.9,0
2016-11-02 13:15:00,16.9,16.91,16.55,16.64,0
2016-11-02 14:15:00,16.64,16.85,16.56,16.84,0
2016-11-02 15:15:00,16.83,16.93,16.79,16.9,0
2016-11-03 09:15:00,16.8,16.8,15.49,16.49,0
2016-11-03 10:15:00,16.49,16.55,16.36,16.41,0
2016-11-03 11:15:00,16.4,16.62,16.37,16.55,0
2016-11-03 12:15:00,16.55,16.55,16.32,16.44,0
2016-11-03 13:15:00,16.44,16.52,16.23,16.42,0
2016-11-03 14:15:00,16.41,16.64,16.29,16.54,0
2016-11-03 15:15:00,16.54,16.54,16.41,16.49,0
2016-11-04 09:15:00,16.47,16.93,14.6,16.78,0
2016-11-04 10:15:00,16.79,17.43,16.79,17.32,0
2016-11-04 11:15:00,17.32,17.4,16.88,16.93,0
2016-11-04 12:15:00,16.93,17.01,16.76,16.95,0
2016-11-04 13:15:00,16.95,17.37,16.93,17.27,0
2016-11-04 14:15:00,17.26,17.37,16.67,16.84,0
2016-11-04 15:15:00,16.84,17.01,16.78,17.01,0
2016-11-07 09:15:00,16.85,16.85,15.22,16.4,0
2016-11-07 10:15:00,16.4,16.57,16.14,16.54,0
2016-11-07 11:15:00,16.54,16.57,16.38,16.38,0
2016-11-07 12:15:00,16.39,16.49,16.3,16.37,0
2016-11-07 13:15:00,16.37,16.46,16.23,16.42,0
2016-11-07 14:15:00,16.42,16.51,16.3,16.41,0
2016-11-07 15:15:00,16.41,16.81,16.41,16.8,0
2016-11-08 09:15:00,16.51,16.81,15.07,16.62,0
2016-11-08 10:15:00,16.62,16.87,16.58,16.86,0
2016-11-08 11:15:00,16.87,16.95,16.81,16.89,0
2016-11-08 12:15:00,16.89,17.01,16.85,16.97,0
2016-11-08 13:15:00,16.97,17.08,16.92,16.92,0
2016-11-08 14:15:00,16.92,16.95,16.23,16.51,0
2016-11-08 15:15:00,16.51,17.38,16.51,17.31,0
2016-11-09 09:15:00,16.77,22.79,16.49,20.04,0
2016-11-09 10:15:00,20.04,21.13,19.87,20.23,0
2016-11-09 11:15:00,20.23,20.37,18.93,20.07,0
2016-11-09 12:15:00,20.07,20.2,18.25,18.32,0
2016-11-09 13:15:00,18.32,18.51,15.92,15.98,0
2016-11-09 14:15:00,15.98,16.75,15.84,16.72,0
2016-11-09 15:15:00,16.72,16.93,16.55,16.93,0
2016-11-10 09:15:00,16.62,16.62,14.24,15.17,0
2016-11-10 10:15:00,15.17,15.4,15.04,15.07,0
2016-11-10 11:15:00,15.06,15.24,14.93,15.1,0
2016-11-10 12:15:00,15.1,15.41,15.02,15.14,0
2016-11-10 13:15:00,15.14,15.43,15.12,15.37,0
2016-11-10 14:15:00,15.37,15.52,15.32,15.41,0
2016-11-10 15:15:00,15.42,15.58,15.41,15.57,0
2016-11-11 09:15:00,15.46,17.26,14.17,17.08,0
2016-11-11 10:15:00,17.07,17.23,16.65,16.93,0
2016-11-11 11:15:00,16.94,17.04,16.69,17.03,0
2016-11-11 12:15:00,17.03,17.71,16.79,16.81,0
2016-11-11 13:15:00,16.81,17.13,16.49,16.92,0
2016-11-11 14:15:00,16.92,17.54,16.71,17.42,0
2016-11-11 15:15:00,17.41,17.66,17.25,17.66,0
2016-11-15 09:15:00,17.37,19.42,16.46,19.42,0
2016-11-15 10:15:00,19.42,19.66,18.43,18.53,0
2016-11-15 11:15:00,18.53,19.97,18.51,19.09,0
2016-11-15 12:15:00,19.1,19.82,19.09,19.22,0
2016-11-15 13:15:00,19.22,19.56,18.78,19.11,0
2016-11-15 14:15:00,19.11,20.25,19.01,20.17,0
2016-11-15 15:15:00,20.16,20.84,20.06,20.75,0
2016-11-16 09:15:00,20.15,20.19,16.91,19.6,0
2016-11-16 10:15:00,19.6,19.6,19.01,19.44,0
2016-11-16 11:15:00,19.44,19.74,19.2,19.31,0
2016-11-16 12:15:00,19.33,19.46,18.74,19.03,0
2016-11-16 13:15:00,19.03,19.74,18.94,19.15,0
2016-11-16 14:15:00,19.16,19.58,18.94,19.58,0
2016-11-16 15:15:00,19.58,19.91,19.57,19.84,0
2016-11-17 09:15:00,19.5,19.5,17.45,19.01,0
2016-11-17 10:15:00,19.01,19.08,18.52,18.57,0
2016-11-17 11:15:00,18.57,18.6,18.18,18.19,0
2016-11-17 12:15:00,18.19,18.44,18.03,18.2,0
2016-11-17 13:15:00,18.2,18.82,18.18,18.34,0
2016-11-17 14:15:00,18.34,19.0,18.05,18.57,0
2016-11-17 15:15:00,18.56,18.67,18.46,18.56,0
2016-11-18 09:15:00,18.71,18.71,15.86,18.16,0
2016-11-18 10:15:00,18.15,18.19,17.82,17.87,0
2016-11-18 11:15:00,17.87,17.95,17.7,17.71,0
2016-11-18 12:15:00,17.72,17.77,17.26,17.32,0
2016-11-18 13:15:00,17.31,17.64,17.15,17.59,0
2016-11-18 14:15:00,17.59,17.93,17.56,17.85,0
2016-11-18 15:15:00,17.85,17.95,17.73,17.92,0
2016-11-21 09:15:00,17.81,18.75,15.72,18.57,0
2016-11-21 10:15:00,18.62,19.77,18.42,19.28,0
2016-11-21 11:15:00,19.27,19.48,18.83,19.0,0
2016-11-21 12:15:00,19.03,19.07,18.64,18.64,0
2016-11-21 13:15:00,18.64,19.24,18.58,19.16,0
2016-11-21 14:15:00,19.16,19.47,18.56,19.37,0
2016-11-21 15:15:00,19.37,19.38,18.73,18.96,0
2016-11-22 09:15:00,19.1,20.13,17.95,19.09,0
2016-11-22 10:15:00,19.08,20.04,18.92,19.78,0
2016-11-22 11:15:00,19.8,20.04,19.17,19.57,0
2016-11-22 12:15:00,19.57,19.63,18.73,18.88,0
2016-11-22 13:15:00,18.88,19.28,18.62,19.02,0
2016-11-22 14:15:00,19.02,19.84,18.06,18.32,0
2016-11-22 15:15:00,18.31,18.76,18.26,18.68,0
2016-11-23 09:15:00,18.47,19.02,16.34,18.98,0
2016-11-23 10:15:00,18.97,19.24,18.31,18.41,0
2016-11-23 11:15:00,18.42,18.97,18.28,18.8,0
2016-11-23 12:15:00,18.8,23.09,18.11,18.25,0
2016-11-23 13:15:00,18.25,19.74,17.56,17.82,0
2016-11-23 14:15:00,17.84,18.09,17.56,18.04,0
2016-11-23 15:15:00,18.04,18.28,17.94,18.18,0
2016-11-24 09:15:00,18.04,18.58,17.3,17.77,0
2016-11-24 10:15:00,17.77,17.92,17.12,17.41,0
2016-11-24 11:15:00,17.41,17.46,16.85,17.13,0
2016-11-24 12:15:00,17.13,17.76,17.09,17.72,0
2016-11-24 13:15:00,17.71,17.87,17.2,17.23,0
2016-11-24 14:15:00,17.23,17.3,16.64,17.29,0
2016-11-24 15:15:00,17.29,17.64,17.1,17.23,0
2016-11-25 09:15:00,17.16,17.5,16.87,17.41,0
2016-11-25 10:15:00,17.4,17.6,17.01,17.17,0
2016-11-25 11:15:00,17.19,17.27,17.0,17.15,0
2016-11-25 12:15:00,17.15,17.33,17.09,17.24,0
2016-11-25 13:15:00,17.24,18.31,17.2,18.23,0
2016-11-25 14:15:00,18.21,18.28,16.99,18.16,0
2016-11-25 15:15:00,18.16,18.87,17.56,17.93,0
2016-11-28 09:15:00,17.61,17.61,16.99,17.26,0
2016-11-28 10:15:00,17.25,17.26,16.82,17.01,0
2016-11-28 11:15:00,17.01,17.17,16.92,17.03,0
2016-11-28 12:15:00,17.04,17.26,16.98,17.14,0
2016-11-28 13:15:00,17.14,17.73,17.13,17.73,0
2016-11-28 14:15:00,17.73,18.61,17.27,18.23,0
2016-11-28 15:15:00,18.23,18.25,17.42,17.43,0
2016-11-29 09:15:00,18.06,18.06,16.65,16.94,0
2016-11-29 10:15:00,16.94,16.94,16.68,16.8,0
2016-11-29 11:15:00,16.8,17.1,16.79,16.81,0
2016-11-29 12:15:00,16.81,16.88,16.53,16.58,0
2016-11-29 13:15:00,16.58,17.58,16.52,17.45,0
2016-11-29 14:15:00,17.46,18.22,17.07,17.66,0
2016-11-29 15:15:00,17.66,18.21,17.27,18.03,0
2016-11-30 09:15:00,17.71,17.71,16.04,16.65,0
2016-11-30 10:15:00,16.64,16.74,16.55,16.68,0
2016-11-30 11:15:00,16.68,16.9,16.53,16.78,0
2016-11-30 12:15:00,16.78,16.89,16.61,16.67,0
2016-11-30 13:15:00,16.67,17.99,16.63,17.56,0
2016-11-30 14:15:00,17.56,17.58,16.28,17.18,0
2016-11-30 15:15:00,17.18,17.24,16.33,16.39,0
2016-12-01 09:15:00,16.85,16.85,14.34,16.62,0
2016-12-01 10:15:00,16.64,16.79,16.49,16.67,0
2016-12-01 11:15:00,16.68,16.81,16.56,16.68,0
2016-12-01 12:15:00,16.68,16.87,16.54,16.56,0
2016-12-01 13:15:00,16.57,16.81,16.5,16.69,0
2016-12-01 14:15:00,16.69,16.85,16.54,16.62,0
2016-12-01 15:15:00,16.63,16.88,16.6,16.78,0
2016-12-02 09:15:00,16.69,17.33,15.83,17.16,0
2016-12-02 10:15:00,17.16,17.48,17.09,17.24,0
2016-12-02 11:15:00,17.23,17.34,17.14,17.19,0
2016-12-02 12:15:00,17.19,17.47,17.13,17.46,0
2016-12-02 13:15:00,17.46,17.48,16.83,17.28,0
2016-12-02 14:15:00,17.28,17.99,17.23,17.94,0
2016-12-02 15:15:00,17.94,18.19,17.74,17.88,0
2016-12-05 09:15:00,17.93,17.93,17.14,17.84,0
2016-12-05 10:15:00,17.84,17.91,17.66,17.77,0
2016-12-05 11:15:00,17.77,18.26,17.72,18.19,0
2016-12-05 12:15:00,18.19,18.29,17.9,17.91,0
2016-12-05 13:15:00,17.9,18.05,17.13,17.41,0
2016-12-05 14:15:00,17.51,17.61,17.27,17.37,0
2016-12-05 15:15:00,17.37,17.38,16.92,17.11,0
2016-12-06 09:15:00,17.29,17.29,14.96,17.04,0
2016-12-06 10:15:00,17.04,17.23,16.88,16.93,0
2016-12-06 11:15:00,16.93,17.03,16.76,16.93,0
2016-12-06 12:15:00,16.93,17.04,16.85,16.88,0
2016-12-06 13:15:00,16.88,17.02,16.63,16.66,0
2016-12-06 14:15:00,16.66,17.35,16.51,17.34,0
2016-12-06 15:15:00,17.34,17.36,16.8,16.83,0
2016-12-07 09:15:00,17.11,17.11,15.9,16.77,0
2016-12-07 10:15:00,16.77,16.83,16.62,16.65,0
2016-12-07 11:15:00,16.65,16.78,16.65,16.72,0
2016-12-07 12:15:00,16.72,16.74,16.5,16.54,0
2016-12-07 13:15:00,16.55,16.56,16.32,16.49,0
2016-12-07 14:15:00,16.49,17.11,16.43,16.92,0
2016-12-07 15:15:00,16.91,17.04,16.51,16.56,0
2016-12-08 09:15:00,16.85,16.85,15.14,15.62,0
2016-12-08 10:15:00,15.62,15.73,15.53,15.54,0
2016-12-08 11:15:00,15.55,15.63,15.53,15.57,0
2016-12-08 12:15:00,15.57,15.61,15.36,15.44,0
2016-12-08 13:15:00,15.45,15.48,15.3,15.43,0
2016-12-08 14:15:00,15.43,15.56,15.39,15.53,0
2016-12-08 15:15:00,15.53,15.7,15.53,15.67,0
2016-12-09 09:15:00,15.53,15.64,14.56,15.33,0
2016-12-09 10:15:00,15.33,15.46,15.32,15.35,0
2016-12-09 11:15:00,15.35,15.38,15.16,15.27,0
2016-12-09 12:15:00,15.27,15.33,15.12,15.23,0
2016-12-09 13:15:00,15.22,15.27,15.13,15.17,0
2016-12-09 14:15:00,15.17,15.3,14.91,15.13,0
2016-12-09 15:15:00,15.13,15.34,14.94,15.24,0
2016-12-12 09:15:00,15.07,16.04,14.22,16.02,0
2016-12-12 10:15:00,16.02,16.13,15.87,15.93,0
2016-12-12 11:15:00,15.93,15.98,15.79,15.8,0
2016-12-12 12:15:00,15.79,16.04,15.73,16.0,0
2016-12-12 13:15:00,16.0,16.21,15.95,16.09,0
2016-12-12 14:15:00,16.09,16.3,16.02,16.23,0
2016-12-12 15:15:00,16.23,16.31,16.08,16.08,0
2016-12-13 09:15:00,16.19,16.48,13.76,16.26,0
2016-12-13 10:15:00,16.26,16.48,16.23,16.3,0
2016-12-13 11:15:00,16.3,16.4,16.18,16.25,0
2016-12-13 12:15:00,16.25,16.34,16.2,16.26,0
2016-12-13 13:15:00,16.26,16.33,16.04,16.11,0
2016-12-13 14:15:00,16.11,16.15,15.77,15.93,0
2016-12-13 15:15:00,15.93,16.01,15.91,15.99,0
2016-12-14 09:15:00,15.92,16.39,14.6,16.2,0
2016-12-14 10:15:00,16.2,16.42,16.13,16.34,0
2016-12-14 11:15:00,16.34,16.36,16.06,16.21,0
2016-12-14 12:15:00,16.21,16.53,16.15,16.45,0
2016-12-14 13:15:00,16.45,16.51,16.22,16.33,0
2016-12-14 14:15:00,16.33,16.66,16.21,16.66,0
2016-12-14 15:15:00,16.66,16.67,16.53,16.56,0
2016-12-15 09:15:00,16.59,16.59,15.26,15.53,0
2016-12-15 10:15:00,15.53,15.66,15.41,15.65,0
2016-12-15 11:15:00,15.66,16.13,15.6,15.71,0
2016-12-15 12:15:00,15.71,15.82,15.58,15.6,0
2016-12-15 13:15:00,15.61,15.82,15.44,15.69,0
2016-12-15 14:15:00,15.69,15.73,15.49,15.72,0
2016-12-15 15:15:00,15.71,15.76,15.48,15.48,0
2016-12-16 09:15:00,15.66,15.66,13.45,15.41,0
2016-12-16 10:15:00,15.41,15.52,15.36,15.41,0
2016-12-16 11:15:00,15.41,15.55,15.35,15.52,0
2016-12-16 12:15:00,15.52,15.57,15.25,15.3,0
2016-12-16 13:15:00,15.3,15.39,15.16,15.24,0
2016-12-16 14:15:00,15.24,15.33,15.14,15.26,0
2016-12-16 15:15:00,15.26,15.31,15.13,15.14,0
2016-12-19 09:15:00,15.25,15.59,13.25,14.97,0
2016-12-19 10:15:00,14.97,15.05,14.86,14.86,0
2016-12-19 11:15:00,14.86,14.88,14.71,14.81,0
2016-12-19 12:15:00,14.81,14.86,14.72,14.81,0
2016-12-19 13:15:00,14.8,14.88,14.67,14.68,0
2016-12-19 14:15:00,14.69,14.81,14.6,14.79,0
2016-12-19 15:15:00,14.79,15.14,14.79,14.96,0
2016-12-20 09:15:00,14.84,14.84,13.4,14.36,0
2016-12-20 10:15:00,14.35,14.48,14.27,14.41,0
2016-12-20 11:15:00,14.41,14.83,14.4,14.66,0
2016-12-20 12:15:00,14.67,14.88,14.49,14.87,0
2016-12-20 13:15:00,14.87,14.93,14.54,14.69,0
2016-12-20 14:15:00,14.68,14.73,14.35,14.58,0
2016-12-20 15:15:00,14.58,14.66,14.32,14.4,0
2016-12-21 09:15:00,14.54,14.54,13.34,14.31,0
2016-12-21 10:15:00,14.31,14.5,14.19,14.37,0
2016-12-21 11:15:00,14.38,14.4,14.28,14.33,0
2016-12-21 12:15:00,14.34,14.65,14.17,14.64,0
2016-12-21 13:15:00,14.66,14.71,14.29,14.43,0
2016-12-21 14:15:00,14.42,14.86,14.4,14.71,0
2016-12-21 15:15:00,14.73,14.81,14.57,14.63,0
2016-12-22 09:15:00,14.71,15.46,13.85,15.33,0
2016-12-22 10:15:00,15.33,15.41,15.08,15.37,0
2016-12-22 11:15:00,15.37,15.63,15.1,15.33,0
2016-12-22 12:15:00,15.36,15.66,15.28,15.55,0
2016-12-22 13:15:00,15.56,15.7,15.29,15.52,0
2016-12-22 14:15:00,15.52,15.7,15.36,15.52,0
2016-12-22 15:15:00,15.52,15.64,15.45,15.64,0
2016-12-23 09:15:00,15.55,15.78,12.61,15.62,0
2016-12-23 10:15:00,15.63,15.72,15.4,15.5,0
2016-12-23 11:15:00,15.49,15.59,15.22,15.34,0
2016-12-23 12:15:00,15.34,15.41,15.05,15.2,0
2016-12-23 13:15:00,15.19,15.25,14.96,15.22,0
2016-12-23 14:15:00,15.23,15.34,14.92,15.18,0
2016-12-23 15:15:00,15.19,15.2,15.01,15.02,0
2016-12-26 09:15:00,15.13,16.91,13.44,16.42,0
2016-12-26 10:15:00,16.42,16.56,16.33,16.45,0
2016-12-26 11:15:00,16.45,16.8,16.42,16.79,0
2016-12-26 12:15:00,16.78,16.84,16.42,16.52,0
2016-12-26 13:15:00,16.52,16.56,16.18,16.47,0
2016-12-26 14:15:00,16.47,16.71,16.31,16.65,0
2016-12-26 15:15:00,16.65,16.7,16.48,16.5,0
2016-12-27 09:15:00,16.6,16.76,15.72,16.42,0
2016-12-27 10:15:00,16.41,16.42,15.95,15.96,0
2016-12-27 11:15:00,15.96,16.09,15.75,15.81,0
2016-12-27 12:15:00,15.81,15.82,15.4,15.49,0
2016-12-27 13:15:00,15.49,15.67,15.36,15.46,0
2016-12-27 14:15:00,15.44,15.51,14.95,15.05,0
2016-12-27 15:15:00,15.04,15.32,14.97,15.28,0
2016-12-28 09:15:00,15.08,15.43,14.26,15.17,0
2016-12-28 10:15:00,15.16,15.2,15.0,15.08,0
2016-12-28 11:15:00,15.07,15.16,15.03,15.09,0
2016-12-28 12:15:00,15.11,15.19,14.88,14.96,0
2016-12-28 13:15:00,14.96,15.31,14.9,15.28,0
2016-12-28 14:15:00,15.29,15.63,15.24,15.53,0
2016-12-28 15:15:00,15.53,15.62,15.42,15.55,0
2016-12-29 09:15:00,15.54,15.76,14.66,15.65,0
2016-12-29 10:15:00,15.65,15.94,15.6,15.93,0
2016-12-29 11:15:00,15.93,16.08,15.88,16.04,0
2016-12-29 12:15:00,16.03,16.03,15.57,15.62,0
2016-12-29 13:15:00,15.62,15.75,15.49,15.65,0
2016-12-29 14:15:00,15.64,15.76,15.12,15.12,0
2016-12-29 15:15:00,15.12,15.43,15.11,15.34,0
2016-12-30 09:15:00,15.28,15.46,14.54,15.08,0
2016-12-30 10:15:00,15.06,15.32,15.01,15.3,0
2016-12-30 11:15:00,15.3,15.31,15.14,15.22,0
2016-12-30 12:15:00,15.22,15.38,15.18,15.27,0
2016-12-30 13:15:00,15.28,15.51,15.27,15.38,0
2016-12-30 14:15:00,15.38,15.51,15.21,15.42,0
2016-12-30 15:15:00,15.42,15.58,15.42,15.45,0
2017-01-02 09:15:00,15.47,16.15,14.68,16.1,0
2017-01-02 10:15:00,16.1,16.27,16.07,16.21,0
2017-01-02 11:15:00,16.22,16.38,16.14,16.26,0
2017-01-02 12:15:00,16.26,16.29,16.13,16.17,0
2017-01-02 13:15:00,16.17,16.22,15.74,15.84,0
2017-01-02 14:15:00,15.84,15.9,15.62,15.88,0
2017-01-02 15:15:00,15.87,15.92,15.78,15.8,0
2017-01-03 09:15:00,15.83,16.42,14.98,15.89,0
2017-01-03 10:15:00,15.89,15.99,15.52,15.57,0
2017-01-03 11:15:00,15.56,15.77,15.46,15.77,0
2017-01-03 12:15:00,15.77,15.8,15.67,15.75,0
2017-01-03 13:15:00,15.75,16.01,15.68,15.95,0
2017-01-03 14:15:00,15.96,16.0,15.61,15.99,0
2017-01-03 15:15:00,15.98,16.01,15.95,16.01,0
2017-01-04 09:15:00,15.96,16.1,14.9,15.9,0
2017-01-04 10:15:00,15.9,16.06,15.89,15.97,0
2017-01-04 11:15:00,15.98,16.09,15.89,16.09,0
2017-01-04 12:15:00,16.1,16.1,15.91,15.99,0
2017-01-04 13:15:00,15.99,16.08,15.91,15.95,0
2017-01-04 14:15:00,15.95,16.04,15.85,15.93,0
2017-01-04 15:15:00,15.93,15.95,15.77,15.79,0
2017-01-05 09:15:00,15.89,15.89,14.45,15.25,0
2017-01-05 10:15:00,15.25,15.47,15.24,15.36,0
2017-01-05 11:15:00,15.36,15.37,15.04,15.1,0
2017-01-05 12:15:00,15.1,15.34,15.08,15.24,0
2017-01-05 13:15:00,15.24,15.27,15.09,15.14,0
2017-01-05 14:15:00,15.14,15.17,15.0,15.02,0
2017-01-05 15:15:00,15.02,15.07,14.99,14.99,0
2017-01-06 09:15:00,15.05,15.05,14.19,14.77,0
2017-01-06 10:15:00,14.77,15.09,14.75,15.01,0
2017-01-06 11:15:00,15.02,15.03,14.79,14.82,0
2017-01-06 12:15:00,14.82,14.93,14.77,14.89,0
2017-01-06 13:15:00,14.89,14.98,14.75,14.8,0
2017-01-06 14:15:00,14.79,15.01,14.77,14.96,0
2017-01-06 15:15:00,14.96,15.0,14.85,14.9,0
2017-01-09 09:15:00,14.91,15.64,14.02,15.51,0
2017-01-09 10:15:00,15.51,15.54,15.38,15.44,0
2017-01-09 11:15:00,15.44,15.46,15.25,15.31,0
2017-01-09 12:15:00,15.31,15.36,15.26,15.34,0
2017-01-09 13:15:00,15.35,15.45,15.29,15.34,0
2017-01-09 14:15:00,15.34,15.52,15.32,15.5,0
2017-01-09 15:15:00,15.5,15.58,15.44,15.45,0
2017-01-10 09:15:00,15.48,15.48,14.63,15.22,0
2017-01-10 10:15:00,15.22,15.25,15.13,15.24,0
2017-01-10 11:15:00,15.24,15.26,15.1,15.16,0
2017-01-10 12:15:00,15.15,15.24,15.13,15.18,0
2017-01-10 13:15:00,15.18,15.25,15.03,15.23,0
2017-01-10 14:15:00,15.23,15.29,15.18,15.23,0
2017-01-10 15:15:00,15.23,15.23,15.08,15.09,0
2017-01-11 09:15:00,15.2,15.2,13.54,14.73,0
2017-01-11 10:15:00,14.73,14.82,14.69,14.79,0
2017-01-11 11:15:00,14.79,14.86,14.73,14.77,0
2017-01-11 12:15:00,14.78,14.84,14.62,14.64,0
2017-01-11 13:15:00,14.64,14.74,14.61,14.69,0
2017-01-11 14:15:00,14.69,14.89,14.6,14.86,0
2017-01-11 15:15:00,14.86,14.87,14.72,14.81,0
2017-01-12 09:15:00,14.81,14.81,13.46,14.66,0
2017-01-12 10:15:00,14.66,14.74,14.61,14.68,0
2017-01-12 11:15:00,14.68,14.74,14.61,14.64,0
2017-01-12 12:15:00,14.64,14.69,14.57,14.61,0
2017-01-12 13:15:00,14.62,14.87,14.6,14.8,0
2017-01-12 14:15:00,14.81,14.82,14.53,14.61,0
2017-01-12 15:15:00,14.61,14.67,14.58,14.65,0
2017-01-13 09:15:00,14.61,14.65,13.39,14.59,0
2017-01-13 10:15:00,14.59,14.65,14.38,14.41,0
2017-01-13 11:15:00,14.42,14.44,14.26,14.4,0
2017-01-13 12:15:00,14.4,14.45,14.34,14.4,0
2017-01-13 13:15:00,14.4,14.49,14.31,14.47,0
2017-01-13 14:15:00,14.46,14.57,14.22,14.39,0
2017-01-13 15:15:00,14.4,14.45,14.33,14.36,0
2017-01-16 09:15:00,14.38,15.11,13.43,14.96,0
2017-01-16 10:15:00,14.96,15.09,14.82,15.07,0
2017-01-16 11:15:00,15.07,15.14,15.0,15.08,0
2017-01-16 12:15:00,15.08,15.1,14.94,15.03,0
2017-01-16 13:15:00,15.03,15.06,14.87,14.96,0
2017-01-16 14:15:00,14.95,15.1,14.87,15.05,0
2017-01-16 15:15:00,15.04,15.25,15.02,15.22,0
2017-01-17 09:15:00,15.07,15.19,13.98,15.12,0
2017-01-17 10:15:00,15.12,15.43,15.12,15.35,0
2017-01-17 11:15:00,15.35,15.62,15.33,15.54,0
2017-01-17 12:15:00,15.54,15.54,15.3,15.47,0
2017-01-17 13:15:00,15.47,15.61,15.46,15.54,0
2017-01-17 14:15:00,15.54,15.59,15.31,15.38,0
2017-01-17 15:15:00,15.38,15.53,15.38,15.47,0
2017-01-18 09:15:00,15.39,15.39,13.61,15.16,0
2017-01-18 10:15:00,15.17,15.23,15.09,15.13,0
2017-01-18 11:15:00,15.13,15.24,15.07,15.2,0
2017-01-18 12:15:00,15.22,15.32,15.12,15.22,0
2017-01-18 13:15:00,15.22,15.38,15.13,15.26,0
2017-01-18 14:15:00,15.26,15.39,15.1,15.15,0
2017-01-18 15:15:00,15.17,15.24,15.15,15.21,0
2017-01-19 09:15:00,15.18,15.26,14.04,15.1,0
2017-01-19 10:15:00,15.12,15.24,15.06,15.18,0
2017-01-19 11:15:00,15.19,15.28,15.08,15.09,0
2017-01-19 12:15:00,15.09,15.21,15.05,15.07,0
2017-01-19 13:15:00,15.07,15.14,14.95,15.01,0
2017-01-19 14:15:00,15.02,15.09,14.92,15.0,0
2017-01-19 15:15:00,15.0,15.12,14.99,15.06,0
2017-01-20 09:15:00,15.02,15.27,13.85,15.16,0
2017-01-20 10:15:00,15.16,15.28,15.1,15.23,0
2017-01-20 11:15:00,15.23,15.26,15.07,15.18,0
2017-01-20 12:15:00,15.18,15.66,15.15,15.34,0
2017-01-20 13:15:00,15.34,15.76,15.33,15.69,0
2017-01-20 14:15:00,15.69,15.87,15.65,15.81,0
2017-01-20 15:15:00,15.82,15.87,15.7,15.8,0
2017-01-23 09:15:00,15.79,16.37,15.66,15.9,0
2017-01-23 10:15:00,15.9,15.95,15.55,15.92,0
2017-01-23 11:15:00,15.92,16.08,15.7,15.73,0
2017-01-23 12:15:00,15.72,16.0,15.65,15.82,0
2017-01-23 13:15:00,15.82,16.07,15.7,15.89,0
2017-01-23 14:15:00,15.9,16.22,15.5,16.06,0
2017-01-23 15:15:00,16.07,16.11,15.99,16.05,0
2017-01-24 09:15:00,15.91,15.96,14.39,15.56,0
2017-01-24 10:15:00,15.56,15.7,15.45,15.56,0
2017-01-24 11:15:00,15.57,15.78,15.53,15.62,0
2017-01-24 12:15:00,15.62,15.69,15.4,15.48,0
2017-01-24 13:15:00,15.48,15.61,15.4,15.43,0
2017-01-24 14:15:00,15.42,15.55,15.22,15.27,0
2017-01-24 15:15:00,15.27,15.38,15.25,15.3,0
2017-01-25 09:15:00,15.29,15.29,14.41,15.15,0
2017-01-25 10:15:00,15.14,15.17,14.68,14.75,0
2017-01-25 11:15:00,14.75,14.77,14.59,14.67,0
2017-01-25 12:15:00,14.67,14.76,14.56,14.62,0
2017-01-25 13:15:00,14.62,15.04,14.56,14.92,0
2017-01-25 14:15:00,14.91,15.22,14.81,15.22,0
2017-01-25 15:15:00,15.23,15.43,15.2,15.22,0
2017-01-27 09:15:00,15.17,15.83,14.93,15.73,0
2017-01-27 10:15:00,15.73,15.86,15.53,15.85,0
2017-01-27 11:15:00,15.83,15.95,15.75,15.92,0
2017-01-27 12:15:00,15.92,16.12,15.85,15.95,0
2017-01-27 13:15:00,15.94,16.05,15.9,16.02,0
2017-01-27 14:15:00,16.02,16.13,15.96,15.97,0
2017-01-27 15:15:00,15.97,16.03,15.83,15.88,0
2017-01-30 09:15:00,16.01,16.59,15.53,16.21,0
2017-01-30 10:15:00,16.21,16.5,16.19,16.35,0
2017-01-30 11:15:00,16.34,16.56,16.29,16.54,0
2017-01-30 12:15:00,16.53,16.55,16.43,16.52,0
2017-01-30 13:15:00,16.52,16.65,16.4,16.61,0
2017-01-30 14:15:00,16.61,16.86,16.55,16.69,0
2017-01-30 15:15:00,16.69,16.69,16.57,16.62,0
2017-01-31 09:15:00,16.67,16.79,15.71,16.63,0
2017-01-31 10:15:00,16.63,16.95,16.62,16.93,0
2017-01-31 11:15:00,16.93,17.09,16.88,17.0,0
2017-01-31 12:15:00,17.0,17.08,16.58,16.82,0
2017-01-31 13:15:00,16.83,17.02,16.81,16.88,0
2017-01-31 14:15:00,16.88,16.98,16.71,16.78,0
2017-01-31 15:15:00,16.78,16.9,16.75,16.83,0
2017-02-01 09:15:00,16.83,17.25,15.56,17.23,0
2017-02-01 10:15:00,17.23,17.43,16.9,16.99,0
2017-02-01 11:15:00,16.99,17.04,16.71,16.76,0
2017-02-01 12:15:00,16.76,16.82,14.0,14.56,0
2017-02-01 13:15:00,14.57,14.74,13.86,14.01,0
2017-02-01 14:15:00,14.0,14.17,13.8,14.05,0
2017-02-01 15:15:00,14.04,14.08,13.9,14.02,0
2017-02-02 09:15:00,13.97,13.97,12.64,13.72,0
2017-02-02 10:15:00,13.72,13.82,13.68,13.7,0
2017-02-02 11:15:00,13.7,13.92,13.67,13.81,0
2017-02-02 12:15:00,13.81,13.86,13.7,13.8,0
2017-02-02 13:15:00,13.8,13.85,13.55,13.65,0
2017-02-02 14:15:00,13.65,13.68,13.48,13.48,0
2017-02-02 15:15:00,13.49,13.71,13.34,13.63,0
2017-02-03 09:15:00,13.52,13.6,11.78,13.52,0
2017-02-03 10:15:00,13.52,13.54,13.29,13.34,0
2017-02-03 11:15:00,13.34,13.47,13.33,13.47,0
2017-02-03 12:15:00,13.47,13.52,13.38,13.48,0
2017-02-03 13:15:00,13.48,13.51,13.13,13.14,0
2017-02-03 14:15:00,13.14,13.27,13.06,13.09,0
2017-02-03 15:15:00,13.09,13.23,13.01,13.01,0
2017-02-06 09:15:00,13.13,13.61,11.06,13.41,0
2017-02-06 10:15:00,13.41,13.46,13.27,13.44,0
2017-02-06 11:15:00,13.44,13.49,13.37,13.43,0
2017-02-06 12:15:00,13.43,13.51,13.34,13.39,0
2017-02-06 13:15:00,13.39,13.53,13.32,13.38,0
2017-02-06 14:15:00,13.38,13.47,13.34,13.44,0
2017-02-06 15:15:00,13.44,13.47,13.32,13.37,0
2017-02-07 09:15:00,13.4,13.6,12.24,13.57,0
2017-02-07 10:15:00,13.57,13.61,13.51,13.6,0
2017-02-07 11:15:00,13.6,13.64,13.55,13.61,0
2017-02-07 12:15:00,13.61,13.64,13.56,13.59,0
2017-02-07 13:15:00,13.59,13.72,13.5,13.64,0
2017-02-07 14:15:00,13.65,13.71,13.47,13.54,0
2017-02-07 15:15:00,13.54,13.55,13.44,13.49,0
2017-02-08 09:15:00,13.51,13.57,11.44,13.41,0
2017-02-08 10:15:00,13.42,13.5,13.38,13.46,0
2017-02-08 11:15:00,13.46,13.65,13.41,13.63,0
2017-02-08 12:15:00,13.63,13.7,13.58,13.65,0
2017-02-08 13:15:00,13.65,13.68,13.52,13.64,0
2017-02-08 14:15:00,13.64,13.76,13.23,13.31,0
2017-02-08 15:15:00,13.3,13.38,13.21,13.3,0
2017-02-09 09:15:00,13.35,13.35,11.4,13.17,0
2017-02-09 10:15:00,13.18,13.74,13.17,13.59,0
2017-02-09 11:15:00,13.59,13.78,13.44,13.51,0
2017-02-09 12:15:00,13.51,13.52,13.22,13.32,0
2017-02-09 13:15:00,13.32,13.43,13.11,13.35,0
2017-02-09 14:15:00,13.35,13.4,13.18,13.24,0
2017-02-09 15:15:00,13.24,13.29,13.16,13.19,0
2017-02-10 09:15:00,13.24,13.31,11.37,13.29,0
2017-02-10 10:15:00,13.29,13.32,13.23,13.31,0
2017-02-10 11:15:00,13.3,13.33,13.24,13.26,0
2017-02-10 12:15:00,13.26,13.31,13.18,13.2,0
2017-02-10 13:15:00,13.2,13.3,13.15,13.2,0
2017-02-10 14:15:00,13.19,13.22,13.1,13.2,0
2017-02-10 15:15:00,13.2,13.23,13.13,13.21,0
2017-02-13 09:15:00,13.18,13.58,11.57,13.37,0
2017-02-13 10:15:00,13.37,13.43,13.27,13.38,0
2017-02-13 11:15:00,13.38,13.68,13.35,13.51,0
2017-02-13 12:15:00,13.51,13.73,13.49,13.58,0
2017-02-13 13:15:00,13.58,13.72,13.45,13.55,0
2017-02-13 14:15:00,13.55,13.75,13.53,13.69,0
2017-02-13 15:15:00,13.69,13.76,13.57,13.59,0
2017-02-14 09:15:00,13.69,13.82,12.1,13.72,0
2017-02-14 10:15:00,13.72,13.82,13.69,13.78,0
2017-02-14 11:15:00,13.78,13.93,13.74,13.89,0
2017-02-14 12:15:00,13.89,14.01,13.86,13.9,0
2017-02-14 13:15:00,13.9,13.98,13.83,13.94,0
2017-02-14 14:15:00,13.93,13.97,13.7,13.84,0
2017-02-14 15:15:00,13.84,13.85,13.78,13.85,0
2017-02-15 09:15:00,13.8,14.03,11.73,14.0,0
2017-02-15 10:15:00,13.99,14.25,13.97,14.25,0
2017-02-15 11:15:00,14.24,14.46,14.14,14.3,0
2017-02-15 12:15:00,14.3,14.44,14.29,14.36,0
2017-02-15 13:15:00,14.37,14.44,14.15,14.25,0
2017-02-15 14:15:00,14.25,14.32,14.15,14.25,0
2017-02-15 15:15:00,14.25,14.34,13.99,14.05,0
2017-02-16 09:15:00,14.21,14.21,12.11,14.02,0
2017-02-16 10:15:00,14.02,14.03,13.79,13.88,0
2017-02-16 11:15:00,13.88,14.03,13.81,13.85,0
2017-02-16 12:15:00,13.85,13.88,13.71,13.76,0
2017-02-16 13:15:00,13.76,13.81,13.62,13.77,0
2017-02-16 14:15:00,13.77,13.82,13.62,13.69,0
2017-02-16 15:15:00,13.69,13.85,13.65,13.73,0
2017-02-17 09:15:00,13.73,13.77,12.59,13.61,0
2017-02-17 10:15:00,13.6,13.62,13.34,13.38,0
2017-02-17 11:15:00,13.38,13.44,13.23,13.28,0
2017-02-17 12:15:00,13.28,13.58,13.23,13.52,0
2017-02-17 13:15:00,13.52,13.61,13.35,13.45,0
2017-02-17 14:15:00,13.46,13.54,13.28,13.49,0
2017-02-17 15:15:00,13.5,13.57,13.43,13.57,0
2017-02-20 09:15:00,13.43,13.83,12.41,13.76,0
2017-02-20 10:15:00,13.76,13.85,13.67,13.68,0
2017-02-20 11:15:00,13.68,13.71,13.58,13.65,0
2017-02-20 12:15:00,13.63,13.68,13.48,13.52,0
2017-02-20 13:15:00,13.52,13.76,13.5,13.7,0
2017-02-20 14:15:00,13.69,13.73,13.55,13.59,0
2017-02-20 15:15:00,13.59,13.74,13.55,13.72,0
2017-02-21 09:15:00,13.61,14.28,12.4,14.25,0
2017-02-21 10:15:00,14.24,14.27,13.92,14.1,0
2017-02-21 11:15:00,13.8,13.82,13.69,13.72,0
2017-02-21 12:15:00,13.72,13.82,13.62,13.73,0
2017-02-21 13:15:00,13.72,13.74,13.57,13.6,0
2017-02-21 14:15:00,13.6,13.65,13.29,13.55,0
2017-02-21 15:15:00,13.57,13.67,13.48,13.6,0
2017-02-22 09:15:00,13.53,14.04,12.72,13.5,0
2017-02-22 10:15:00,13.5,13.73,13.43,13.62,0
2017-02-22 11:15:00,13.63,13.79,13.54,13.64,0
2017-02-22 12:15:00,13.64,13.9,13.64,13.76,0
2017-02-22 13:15:00,13.77,13.95,13.73,13.79,0
2017-02-22 14:15:00,13.78,13.84,13.57,13.68,0
2017-02-22 15:15:00,13.67,13.84,13.63,13.84,0
2017-02-23 09:15:00,13.7,13.85,12.92,13.68,0
2017-02-23 10:15:00,13.66,13.7,13.33,13.53,0
2017-02-23 11:15:00,13.53,13.57,13.24,13.37,0
2017-02-23 12:15:00,13.37,13.54,13.18,13.47,0
2017-02-23 13:15:00,13.47,13.76,13.34,13.36,0
2017-02-23 14:15:00,13.37,13.45,13.11,13.37,0
2017-02-23 15:15:00,13.37,13.96,13.28,13.74,0
2017-02-27 09:15:00,13.4,14.27,13.4,13.84,0
2017-02-27 10:15:00,13.84,13.91,13.76,13.8,0
2017-02-27 11:15:00,13.8,13.88,13.71,13.84,0
2017-02-27 12:15:00,13.84,13.93,13.67,13.81,0
2017-02-27 13:15:00,13.81,13.9,13.68,13.71,0
2017-02-27 14:15:00,13.71,13.84,13.59,13.63,0
2017-02-27 15:15:00,13.62,13.72,13.55,13.7,0
2017-02-28 09:15:00,13.68,13.81,13.17,13.77,0
2017-02-28 10:15:00,13.76,13.79,13.58,13.74,0
2017-02-28 11:15:00,13.74,13.81,13.65,13.81,0
2017-02-28 12:15:00,13.81,13.85,13.73,13.84,0
2017-02-28 13:15:00,13.84,14.03,13.73,13.75,0
2017-02-28 14:15:00,13.75,13.83,13.68,13.76,0
2017-02-28 15:15:00,13.76,13.9,13.75,13.86,0
2017-03-01 09:15:00,13.79,13.8,13.32,13.79,0
2017-03-01 10:15:00,13.79,13.8,13.69,13.69,0
2017-03-01 11:15:00,13.69,13.77,13.68,13.68,0
2017-03-01 12:15:00,13.69,13.74,13.55,13.72,0
2017-03-01 13:15:00,13.72,13.75,13.43,13.51,0
2017-03-01 14:15:00,13.51,13.65,13.42,13.61,0
2017-03-01 15:15:00,13.61,13.7,13.55,13.63,0
2017-03-02 09:15:00,13.58,13.62,13.03,13.47,0
2017-03-02 10:15:00,13.47,13.49,13.25,13.28,0
2017-03-02 11:15:00,13.28,13.37,13.16,13.26,0
2017-03-02 12:15:00,13.26,13.49,13.26,13.44,0
2017-03-02 13:15:00,13.45,13.53,13.28,13.33,0
2017-03-02 14:15:00,13.32,13.47,13.2,13.37,0
2017-03-02 15:15:00,13.38,13.53,13.3,13.52,0
2017-03-03 09:15:00,13.36,13.53,12.57,13.47,0
2017-03-03 10:15:00,13.46,13.54,13.4,13.51,0
2017-03-03 11:15:00,13.51,13.58,13.43,13.57,0
2017-03-03 12:15:00,13.57,13.6,13.43,13.5,0
2017-03-03 13:15:00,13.5,13.53,13.41,13.47,0
2017-03-03 14:15:00,13.47,13.56,13.36,13.38,0
2017-03-03 15:15:00,13.38,13.38,13.19,13.29,0
2017-03-06 09:15:00,13.36,13.68,12.81,13.56,0
2017-03-06 10:15:00,13.55,13.62,13.52,13.55,0
2017-03-06 11:15:00,13.55,13.61,13.47,13.48,0
2017-03-06 12:15:00,13.48,13.66,13.42,13.59,0
2017-03-06 13:15:00,13.59,13.63,13.51,13.56,0
2017-03-06 14:15:00,13.56,13.65,13.49,13.63,0
2017-03-06 15:15:00,13.62,13.73,13.62,13.62,0
2017-03-07 09:15:00,13.35,13.9,13.09,13.88,0
2017-03-07 10:15:00,13.88,13.96,13.82,13.85,0
2017-03-07 11:15:00,13.85,14.0,13.84,13.97,0
2017-03-07 12:15:00,13.97,13.99,13.91,13.92,0
2017-03-07 13:15:00,13.92,13.97,13.87,13.95,0
2017-03-07 14:15:00,13.95,14.01,13.83,13.87,0
2017-03-07 15:15:00,13.88,13.92,13.82,13.82,0
2017-03-08 09:15:00,13.64,14.14,12.69,13.97,0
2017-03-08 10:15:00,13.97,14.24,13.96,14.14,0
2017-03-08 11:15:00,14.14,14.29,14.07,14.16,0
2017-03-08 12:15:00,14.16,14.2,13.97,14.09,0
2017-03-08 13:15:00,14.09,14.12,13.88,14.03,0
2017-03-08 14:15:00,14.03,14.09,13.9,14.06,0
2017-03-08 15:15:00,14.06,14.13,14.06,14.12,0
2017-03-09 09:15:00,14.08,14.52,12.6,14.52,0
2017-03-09 10:15:00,14.51,14.78,14.49,14.75,0
2017-03-09 11:15:00,14.75,14.78,14.61,14.63,0
2017-03-09 12:15:00,14.63,14.65,14.51,14.54,0
2017-03-09 13:15:00,14.54,14.6,14.44,14.49,0
2017-03-09 14:15:00,14.49,14.51,14.22,14.38,0
2017-03-09 15:15:00,14.39,14.49,14.37,14.42,0
2017-03-10 09:15:00,14.39,14.39,13.58,13.83,0
2017-03-10 10:15:00,13.83,13.83,13.73,13.77,0
2017-03-10 11:15:00,13.77,13.86,13.75,13.79,0
2017-03-10 12:15:00,13.79,13.82,13.73,13.79,0
2017-03-10 13:15:00,13.79,13.98,13.72,13.89,0
2017-03-10 14:15:00,13.9,13.97,13.73,13.95,0
2017-03-10 15:15:00,13.95,14.19,13.93,14.19,0
2017-03-14 09:15:00,13.96,13.96,11.09,12.48,0
2017-03-14 10:15:00,12.48,12.53,12.34,12.38,0
2017-03-14 11:15:00,12.39,12.45,12.34,12.37,0
2017-03-14 12:15:00,12.37,12.48,12.36,12.42,0
2017-03-14 13:15:00,12.42,12.46,12.18,12.3,0
2017-03-14 14:15:00,12.3,12.47,12.27,12.44,0
2017-03-14 15:15:00,12.44,12.48,12.37,12.44,0
2017-03-15 09:15:00,12.4,12.52,11.2,12.32,0
2017-03-15 10:15:00,12.32,12.46,12.29,12.42,0
2017-03-15 11:15:00,12.42,12.46,12.34,12.41,0
2017-03-15 12:15:00,12.41,12.44,12.34,12.38,0
2017-03-15 13:15:00,12.38,12.42,12.25,12.3,0
2017-03-15 14:15:00,12.3,12.46,12.25,12.41,0
2017-03-15 15:15:00,12.41,12.53,12.38,12.44,0
2017-03-16 09:15:00,12.42,12.42,11.34,12.12,0
2017-03-16 10:15:00,12.13,12.13,12.01,12.08,0
2017-03-16 11:15:00,12.08,12.12,12.05,12.07,0
2017-03-16 12:15:00,12.08,12.12,11.96,11.99,0
2017-03-16 13:15:00,11.99,12.06,11.91,11.96,0
2017-03-16 14:15:00,11.97,11.97,11.84,11.9,0
2017-03-16 15:15:00,11.9,11.98,11.88,11.89,0
2017-03-17 09:15:00,11.91,11.98,10.39,11.88,0
2017-03-17 10:15:00,11.88,12.04,11.87,12.0,0
2017-03-17 11:15:00,12.0,12.11,11.97,12.04,0
2017-03-17 12:15:00,12.04,12.08,11.96,12.02,0
2017-03-17 13:15:00,12.02,12.03,11.9,11.97,0
2017-03-17 14:15:00,11.97,12.02,11.82,11.83,0
2017-03-17 15:15:00,11.83,11.89,11.81,11.86,0
2017-03-20 09:15:00,11.85,12.31,11.44,12.21,0
2017-03-20 10:15:00,12.22,12.31,12.11,12.17,0
2017-03-20 11:15:00,12.17,12.26,12.08,12.14,0
2017-03-20 12:15:00,12.14,12.16,12.01,12.07,0
2017-03-20 13:15:00,12.03,12.17,12.02,12.05,0
2017-03-20 14:15:00,12.05,12.12,11.93,12.01,0
2017-03-20 15:15:00,12.01,12.11,11.93,11.98,0
2017-03-21 09:15:00,12.02,12.16,11.03,11.85,0
2017-03-21 10:15:00,11.84,12.0,11.82,11.91,0
2017-03-21 11:15:00,11.9,12.03,11.83,11.94,0
2017-03-21 12:15:00,11.94,11.98,11.81,11.95,0
2017-03-21 13:15:00,11.94,12.03,11.85,11.95,0
2017-03-21 14:15:00,11.95,12.06,11.86,11.94,0
2017-03-21 15:15:00,11.91,12.07,11.85,11.96,0
2017-03-22 09:15:00,11.94,12.32,11.58,12.27,0
2017-03-22 10:15:00,12.27,12.31,12.18,12.25,0
2017-03-22 11:15:00,12.25,12.26,12.13,12.2,0
2017-03-22 12:15:00,12.21,12.26,11.95,12.05,0
2017-03-22 13:15:00,12.04,12.11,11.98,12.06,0
2017-03-22 14:15:00,12.06,12.36,12.03,12.28,0
2017-03-22 15:15:00,12.27,12.33,12.21,12.29,0
2017-03-23 09:15:00,12.27,12.27,11.24,12.09,0
2017-03-23 10:15:00,12.09,12.18,12.04,12.11,0
2017-03-23 11:15:00,12.11,12.16,12.08,12.12,0
2017-03-23 12:15:00,12.12,12.14,12.02,12.07,0
2017-03-23 13:15:00,12.07,12.14,12.0,12.01,0
2017-03-23 14:15:00,12.01,12.03,11.77,11.79,0
2017-03-23 15:15:00,11.79,11.89,11.75,11.83,0
2017-03-24 09:15:00,11.84,11.87,10.71,11.82,0
2017-03-24 10:15:00,11.82,11.87,11.72,11.78,0
2017-03-24 11:15:00,11.78,11.85,11.71,11.79,0
2017-03-24 12:15:00,11.79,11.86,11.66,11.78,0
2017-03-24 13:15:00,11.78,11.87,11.72,11.84,0
2017-03-24 14:15:00,11.84,12.0,11.77,11.97,0
2017-03-24 15:15:00,11.94,12.1,11.94,12.01,0
2017-03-27 09:15:00,11.98,12.51,11.34,12.46,0
2017-03-27 10:15:00,12.46,12.57,12.27,12.37,0
2017-03-27 11:15:00,12.36,12.5,12.33,12.39,0
2017-03-27 12:15:00,12.39,12.52,12.29,12.4,0
2017-03-27 13:15:00,12.4,12.49,12.31,12.36,0
2017-03-27 14:15:00,12.36,12.5,12.27,12.44,0
2017-03-27 15:15:00,12.44,12.57,12.39,12.53,0
2017-03-28 09:15:00,12.44,12.44,11.46,12.18,0
2017-03-28 10:15:00,12.18,12.22,12.05,12.06,0
2017-03-28 11:15:00,12.06,12.2,12.05,12.17,0
2017-03-28 12:15:00,12.17,12.25,12.14,12.18,0
2017-03-28 13:15:00,12.18,12.23,12.06,12.12,0
2017-03-28 14:15:00,12.12,12.15,12.01,12.15,0
2017-03-28 15:15:00,12.15,12.24,12.12,12.19,0
2017-03-29 09:15:00,12.12,12.24,11.45,12.06,0
2017-03-29 10:15:00,12.06,12.1,11.98,12.01,0
2017-03-29 11:15:00,12.01,12.22,12.0,12.16,0
2017-03-29 12:15:00,12.16,12.21,12.08,12.13,0
2017-03-29 13:15:00,12.13,12.19,12.06,12.08,0
2017-03-29 14:15:00,12.08,12.14,12.0,12.11,0
2017-03-29 15:15:00,12.11,12.16,12.04,12.1,0
2017-03-30 09:15:00,12.09,12.45,11.75,11.79,0
2017-03-30 10:15:00,11.78,11.89,11.77,11.85,0
2017-03-30 11:15:00,11.85,12.01,11.83,12.0,0
2017-03-30 12:15:00,12.0,12.08,11.96,12.03,0
2017-03-30 13:15:00,12.03,12.18,11.9,12.13,0
2017-03-30 14:15:00,12.12,12.28,12.05,12.15,0
2017-03-30 15:15:00,12.16,12.19,12.03,12.05,0
2017-03-31 09:15:00,12.15,12.3,11.49,12.19,0
2017-03-31 10:15:00,12.2,12.23,12.11,12.18,0
2017-03-31 11:15:00,12.17,12.33,12.16,12.31,0
2017-03-31 12:15:00,12.31,12.36,12.28,12.35,0
2017-03-31 13:15:00,12.35,12.4,12.25,12.27,0
2017-03-31 14:15:00,12.28,12.42,12.28,12.4,0
2017-03-31 15:15:00,12.4,12.51,12.39,12.51,0
2017-04-03 09:15:00,12.42,12.76,11.56,12.4,0
2017-04-03 10:15:00,12.4,12.44,12.24,12.26,0
2017-04-03 11:15:00,12.26,12.27,11.98,12.01,0
2017-04-03 12:15:00,12.01,12.05,11.88,11.9,0
2017-04-03 13:15:00,11.9,11.94,11.68,11.69,0
2017-04-03 14:15:00,11.69,11.69,11.44,11.5,0
2017-04-03 15:15:00,11.5,11.58,11.41,11.51,0
2017-04-05 09:15:00,11.49,11.89,10.89,11.66,0
2017-04-05 10:15:00,11.67,11.7,11.57,11.6,0
2017-04-05 11:15:00,11.61,11.71,11.55,11.71,0
2017-04-05 12:15:00,11.71,11.71,11.57,11.58,0
2017-04-05 13:15:00,11.58,11.59,11.48,11.57,0
2017-04-05 14:15:00,11.57,11.6,11.49,11.54,0
2017-04-05 15:15:00,11.54,11.61,11.54,11.58,0
2017-04-06 09:15:00,11.55,11.66,11.03,11.63,0
2017-04-06 10:15:00,11.63,11.77,11.6,11.69,0
2017-04-06 11:15:00,11.69,11.74,11.57,11.64,0
2017-04-06 12:15:00,11.64,11.7,11.57,11.59,0
2017-04-06 13:15:00,11.59,11.68,11.57,11.58,0
2017-04-06 14:15:00,11.58,11.61,11.15,11.23,0
2017-04-06 15:15:00,11.23,11.4,11.21,11.27,0
2017-04-07 09:15:00,11.29,11.58,10.31,11.47,0
2017-04-07 10:15:00,11.47,11.55,11.44,11.54,0
2017-04-07 11:15:00,11.54,11.58,11.46,11.51,0
2017-04-07 12:15:00,11.51,11.62,11.43,11.44,0
2017-04-07 13:15:00,11.42,11.48,11.33,11.43,0
2017-04-07 14:15:00,11.43,11.81,11.42,11.72,0
2017-04-07 15:15:00,11.72,11.75,11.63,11.63,0
2017-04-10 09:15:00,11.69,11.92,11.24,11.78,0
2017-04-10 10:15:00,11.77,11.91,11.66,11.71,0
2017-04-10 11:15:00,11.71,11.83,11.68,11.77,0
2017-04-10 12:15:00,11.77,11.81,11.68,11.7,0
2017-04-10 13:15:00,11.7,11.72,11.5,11.5,0
2017-04-10 14:15:00,11.51,11.63,11.31,11.62,0
2017-04-10 15:15:00,11.61,11.73,11.61,11.68,0
2017-04-11 09:15:00,11.62,11.83,10.24,11.68,0
2017-04-11 10:15:00,11.68,11.71,11.48,11.58,0
2017-04-11 11:15:00,11.59,11.66,11.52,11.58,0
2017-04-11 12:15:00,11.58,11.58,11.46,11.47,0
2017-04-11 13:15:00,11.48,11.52,11.3,11.45,0
2017-04-11 14:15:00,11.45,11.48,11.35,11.41,0
2017-04-11 15:15:00,11.41,11.48,11.35,11.36,0
2017-04-12 09:15:00,11.4,12.02,10.79,11.93,0
2017-04-12 10:15:00,11.93,12.07,11.83,11.85,0
2017-04-12 11:15:00,11.86,11.96,11.56,11.73,0
2017-04-12 12:15:00,11.73,11.74,11.4,11.55,0
2017-04-12 13:15:00,11.54,11.69,11.44,11.62,0
2017-04-12 14:15:00,11.62,11.74,11.53,11.59,0
2017-04-12 15:15:00,11.59,11.73,11.59,11.66,0
2017-04-13 09:15:00,11.63,11.78,10.59,11.56,0
2017-04-13 10:15:00,11.56,11.61,11.44,11.48,0
2017-04-13 11:15:00,11.48,11.5,11.35,11.41,0
2017-04-13 12:15:00,11.43,11.59,11.39,11.44,0
2017-04-13 13:15:00,11.44,11.59,11.43,11.52,0
2017-04-13 14:15:00,11.52,11.68,11.49,11.57,0
2017-04-13 15:15:00,11.56,11.74,11.53,11.67,0
2017-04-17 09:15:00,11.58,12.21,10.69,11.98,0
2017-04-17 10:15:00,11.98,12.17,11.85,12.02,0
2017-04-17 11:15:00,12.03,12.17,11.97,12.11,0
2017-04-17 12:15:00,12.11,12.18,11.83,11.94,0
2017-04-17 13:15:00,11.94,11.99,11.8,11.87,0
2017-04-17 14:15:00,11.86,11.95,11.79,11.92,0
2017-04-17 15:15:00,11.92,11.98,11.83,11.98,0
2017-04-18 09:15:00,11.89,11.89,10.76,11.65,0
2017-04-18 10:15:00,11.65,11.75,11.64,11.7,0
2017-04-18 11:15:00,11.71,11.76,11.65,11.68,0
2017-04-18 12:15:00,11.67,11.84,11.61,11.77,0
2017-04-18 13:15:00,11.78,12.01,11.67,11.73,0
2017-04-18 14:15:00,11.73,12.45,11.64,12.41,0
2017-04-18 15:15:00,12.4,12.59,12.32,12.58,0
2017-04-19 09:15:00,12.38,12.49,10.75,12.46,0
2017-04-19 10:15:00,12.42,12.52,12.28,12.3,0
2017-04-19 11:15:00,12.3,12.46,12.26,12.33,0
2017-04-19 12:15:00,12.33,12.44,12.24,12.38,0
2017-04-19 13:15:00,12.38,12.44,12.28,12.36,0
2017-04-19 14:15:00,12.36,12.42,12.19,12.23,0
2017-04-19 15:15:00,12.24,12.28,12.09,12.09,0
2017-04-20 09:15:00,12.22,12.22,10.86,11.84,0
2017-04-20 10:15:00,11.84,11.98,11.7,11.79,0
2017-04-20 11:15:00,11.79,11.94,11.72,11.78,0
2017-04-20 12:15:00,11.78,11.82,11.64,11.66,0
2017-04-20 13:15:00,11.66,11.75,11.53,11.6,0
2017-04-20 14:15:00,11.58,11.73,11.54,11.54,0
2017-04-20 15:15:00,11.55,11.57,11.48,11.54,0
2017-04-21 09:15:00,11.56,11.56,10.56,11.35,0
2017-04-21 10:15:00,11.36,11.44,11.12,11.2,0
2017-04-21 11:15:00,11.2,11.37,11.15,11.32,0
2017-04-21 12:15:00,11.32,11.62,11.29,11.61,0
2017-04-21 13:15:00,11.61,11.74,11.37,11.64,0
2017-04-21 14:15:00,11.63,11.69,11.36,11.4,0
2017-04-21 15:15:00,11.41,11.59,11.34,11.59,0
2017-04-24 09:15:00,11.42,11.53,10.97,11.46,0
2017-04-24 10:15:00,11.46,11.58,11.43,11.52,0
2017-04-24 11:15:00,11.52,11.59,11.43,11.57,0
2017-04-24 12:15:00,11.56,11.7,11.37,11.66,0
2017-04-24 13:15:00,11.64,11.74,11.43,11.52,0
2017-04-24 14:15:00,11.51,11.67,11.48,11.61,0
2017-04-24 15:15:00,11.61,11.86,11.6,11.8,0
2017-04-25 09:15:00,11.63,11.63,10.97,11.49,0
2017-04-25 10:15:00,11.49,11.53,11.31,11.38,0
2017-04-25 11:15:00,11.38,11.49,11.34,11.44,0
2017-04-25 12:15:00,11.44,11.48,11.33,11.46,0
2017-04-25 13:15:00,11.46,11.49,11.28,11.31,0
2017-04-25 14:15:00,11.3,11.31,11.07,11.14,0
2017-04-25 15:15:00,11.14,11.39,11.09,11.36,0
2017-04-26 09:15:00,11.16,11.43,9.92,11.4,0
2017-04-26 10:15:00,11.4,11.43,11.2,11.3,0
2017-04-26 11:15:00,11.31,11.54,11.25,11.49,0
2017-04-26 12:15:00,11.49,11.6,11.46,11.54,0
2017-04-26 13:15:00,11.54,11.66,11.45,11.57,0
2017-04-26 14:15:00,11.58,11.78,11.4,11.72,0
2017-04-26 15:15:00,11.72,11.87,11.69,11.75,0
2017-04-27 09:15:00,11.74,11.74,10.36,11.35,0
2017-04-27 10:15:00,11.36,11.49,11.26,11.41,0
2017-04-27 11:15:00,11.41,11.44,11.26,11.29,0
2017-04-27 12:15:00,11.29,11.3,11.06,11.26,0
2017-04-27 13:15:00,11.27,11.37,11.2,11.27,0
2017-04-27 14:15:00,11.27,11.31,11.02,11.17,0
2017-04-27 15:15:00,11.17,11.18,10.84,10.88,0
2017-04-28 09:15:00,11.07,11.07,10.63,10.96,0
2017-04-28 10:15:00,10.96,10.98,10.74,10.82,0
2017-04-28 11:15:00,10.82,10.86,10.64,10.86,0
2017-04-28 12:15:00,10.86,10.86,10.61,10.74,0
2017-04-28 13:15:00,10.74,10.75,10.53,10.73,0
2017-04-28 14:15:00,10.73,10.92,10.68,10.9,0
2017-04-28 15:15:00,10.9,10.93,10.79,10.88,0
2017-05-02 09:15:00,10.86,11.21,10.35,11.13,0
2017-05-02 10:15:00,11.13,11.64,11.13,11.62,0
2017-05-02 11:15:00,11.62,11.81,11.4,11.41,0
2017-05-02 12:15:00,11.41,11.6,11.35,11.52,0
2017-05-02 13:15:00,11.52,11.58,11.36,11.51,0
2017-05-02 14:15:00,11.5,11.61,11.39,11.48,0
2017-05-02 15:15:00,11.48,11.48,11.38,11.43,0
2017-05-03 09:15:00,11.45,11.61,9.95,11.53,0
2017-05-03 10:15:00,11.52,11.54,11.45,11.53,0
2017-05-03 11:15:00,11.53,11.66,11.48,11.58,0
2017-05-03 12:15:00,11.58,11.65,11.51,11.57,0
2017-05-03 13:15:00,11.57,11.6,11.47,11.53,0
2017-05-03 14:15:00,11.53,11.66,11.49,11.53,0
2017-05-03 15:15:00,11.53,11.58,11.47,11.53,0
2017-05-04 09:15:00,11.53,11.78,10.61,11.56,0
2017-05-04 10:15:00,11.56,11.63,11.51,11.56,0
2017-05-04 11:15:00,11.56,11.59,11.5,11.54,0
2017-05-04 12:15:00,11.54,11.61,11.47,11.49,0
2017-05-04 13:15:00,11.49,11.51,11.25,11.25,0
2017-05-04 14:15:00,11.25,11.36,11.23,11.35,0
2017-05-04 15:15:00,11.35,11.48,11.29,11.42,0
2017-05-05 09:15:00,11.33,11.7,10.45,11.67,0
2017-05-05 10:15:00,11.67,11.78,11.66,11.75,0
2017-05-05 11:15:00,11.76,12.08,11.71,11.93,0
2017-05-05 12:15:00,11.93,12.05,11.88,12.05,0
2017-05-05 13:15:00,12.06,12.15,11.84,11.97,0
2017-05-05 14:15:00,11.99,12.16,11.84,12.06,0
2017-05-05 15:15:00,12.06,12.1,11.98,12.02,0
2017-05-08 09:15:00,11.99,11.99,10.61,11.73,0
2017-05-08 10:15:00,11.73,11.82,11.63,11.7,0
2017-05-08 11:15:00,11.7,11.87,11.67,11.81,0
2017-05-08 12:15:00,11.81,11.98,11.79,11.84,0
2017-05-08 13:15:00,11.84,11.84,11.62,11.74,0
2017-05-08 14:15:00,11.74,11.76,11.56,11.66,0
2017-05-08 15:15:00,11.66,11.73,11.6,11.65,0
2017-05-09 09:15:00,11.67,11.67,10.54,11.22,0
2017-05-09 10:15:00,11.22,11.37,11.16,11.31,0
2017-05-09 11:15:00,11.32,11.36,11.24,11.27,0
2017-05-09 12:15:00,11.27,11.29,11.07,11.08,0
2017-05-09 13:15:00,11.07,11.15,11.02,11.12,0
2017-05-09 14:15:00,11.12,11.21,10.99,11.2,0
2017-05-09 15:15:00,11.2,11.23,11.06,11.21,0
2017-05-10 09:15:00,11.11,11.11,9.96,10.75,0
2017-05-10 10:15:00,10.75,11.0,10.72,10.93,0
2017-05-10 11:15:00,10.93,10.96,10.86,10.92,0
2017-05-10 12:15:00,10.92,11.05,10.89,10.98,0
2017-05-10 13:15:00,10.98,11.03,10.94,11.0,0
2017-05-10 14:15:00,11.0,11.01,10.83,10.93,0
2017-05-10 15:15:00,10.93,11.1,10.91,11.02,0
2017-05-11 09:15:00,10.95,11.26,9.9,11.08,0
2017-05-11 10:15:00,11.07,11.09,10.52,10.53,0
2017-05-11 11:15:00,10.54,10.75,10.47,10.68,0
2017-05-11 12:15:00,10.68,10.86,10.67,10.82,0
2017-05-11 13:15:00,10.81,10.87,10.68,10.74,0
2017-05-11 14:15:00,10.74,10.88,10.69,10.84,0
2017-05-11 15:15:00,10.84,10.89,10.79,10.86,0
2017-05-12 09:15:00,10.84,10.84,9.47,10.41,0
2017-05-12 10:15:00,10.42,10.62,10.41,10.51,0
2017-05-12 11:15:00,10.51,10.61,10.49,10.58,0
2017-05-12 12:15:00,10.58,10.71,10.56,10.69,0
2017-05-12 13:15:00,10.69,10.72,10.55,10.59,0
2017-05-12 14:15:00,10.59,10.69,10.53,10.63,0
2017-05-12 15:15:00,10.63,10.68,10.59,10.64,0
2017-05-15 09:15:00,10.63,10.63,8.84,10.5,0
2017-05-15 10:15:00,10.51,10.58,10.45,10.56,0
2017-05-15 11:15:00,10.56,10.66,10.52,10.56,0
2017-05-15 12:15:00,10.56,10.61,10.47,10.5,0
2017-05-15 13:15:00,10.5,10.57,10.46,10.52,0
2017-05-15 14:15:00,10.52,10.65,10.48,10.64,0
2017-05-15 15:15:00,10.64,11.14,10.62,10.66,0
2017-05-16 09:15:00,10.68,10.72,9.07,10.71,0
2017-05-16 10:15:00,10.72,11.01,10.66,10.94,0
2017-05-16 11:15:00,10.96,11.02,10.81,10.81,0
2017-05-16 12:15:00,10.81,10.89,10.74,10.79,0
2017-05-16 13:15:00,10.79,10.87,10.7,10.84,0
2017-05-16 14:15:00,10.85,10.9,10.43,10.57,0
2017-05-16 15:15:00,10.57,10.7,10.54,10.68,0
2017-05-17 09:15:00,10.56,10.65,9.25,10.6,0
2017-05-17 10:15:00,10.58,10.66,10.47,10.53,0
2017-05-17 11:15:00,10.53,10.66,10.47,10.61,0
2017-05-17 12:15:00,10.61,10.71,10.53,10.58,0
2017-05-17 13:15:00,10.58,10.69,10.53,10.66,0
2017-05-17 14:15:00,10.67,10.81,10.57,10.67,0
2017-05-17 15:15:00,10.67,10.7,10.59,10.67,0
2017-05-18 09:15:00,10.64,10.98,9.82,10.92,0
2017-05-18 10:15:00,10.92,12.75,10.8,11.53,0
2017-05-18 11:15:00,11.53,11.71,11.1,11.41,0
2017-05-18 12:15:00,11.41,11.6,11.41,11.54,0
2017-05-18 13:15:00,11.54,11.69,11.44,11.65,0
2017-05-18 14:15:00,11.66,11.81,11.38,11.71,0
2017-05-18 15:15:00,11.72,12.0,11.71,11.97,0
2017-05-19 09:15:00,11.79,11.79,10.4,11.08,0
2017-05-19 10:15:00,11.08,11.27,10.96,11.22,0
2017-05-19 11:15:00,11.22,11.83,11.21,11.75,0
2017-05-19 12:15:00,11.75,11.9,11.51,11.65,0
2017-05-19 13:15:00,11.66,11.76,11.42,11.47,0
2017-05-19 14:15:00,11.47,11.57,11.27,11.36,0
2017-05-19 15:15:00,11.36,11.36,11.19,11.21,0
2017-05-22 09:15:00,11.3,11.85,10.2,11.71,0
2017-05-22 10:15:00,11.71,11.72,11.23,11.27,0
2017-05-22 11:15:00,11.27,11.34,11.21,11.33,0
2017-05-22 12:15:00,11.33,11.51,11.3,11.5,0
2017-05-22 13:15:00,11.51,11.54,11.08,11.16,0
2017-05-22 14:15:00,11.16,11.25,11.08,11.23,0
2017-05-22 15:15:00,11.23,11.34,11.19,11.29,0
2017-05-23 09:15:00,11.2,12.19,9.87,11.91,0
2017-05-23 10:15:00,11.92,11.99,11.63,11.8,0
2017-05-23 11:15:00,11.8,11.88,11.65,11.74,0
2017-05-23 12:15:00,11.74,11.9,11.46,11.52,0
2017-05-23 13:15:00,11.52,11.63,11.32,11.5,0
2017-05-23 14:15:00,11.49,12.57,11.43,12.3,0
2017-05-23 15:15:00,12.3,12.77,12.25,12.55,0
2017-05-24 09:15:00,12.2,12.79,10.45,11.8,0
2017-05-24 10:15:00,11.8,11.87,11.23,11.25,0
2017-05-24 11:15:00,11.24,11.39,11.13,11.22,0
2017-05-24 12:15:00,11.23,12.27,11.14,12.18,0
2017-05-24 13:15:00,12.19,12.63,11.79,12.56,0
2017-05-24 14:15:00,12.56,12.69,11.79,11.9,0
2017-05-24 15:15:00,11.9,11.92,11.6,11.71,0
2017-05-25 09:15:00,11.83,11.92,10.74,11.21,0
2017-05-25 10:15:00,11.2,11.28,10.63,10.8,0
2017-05-25 11:15:00,10.82,10.92,10.58,10.61,0
2017-05-25 12:15:00,10.62,10.75,10.34,10.38,0
2017-05-25 13:15:00,10.36,10.53,10.28,10.45,0
2017-05-25 14:15:00,10.43,10.63,10.19,10.38,0
2017-05-25 15:15:00,10.38,10.77,10.34,10.47,0
2017-05-26 09:15:00,10.45,10.81,9.89,10.46,0
2017-05-26 10:15:00,10.46,10.91,10.42,10.83,0
2017-05-26 11:15:00,10.83,11.11,10.74,10.91,0
2017-05-26 12:15:00,10.91,11.0,10.6,10.79,0
2017-05-26 13:15:00,10.79,11.06,10.57,10.97,0
2017-05-26 14:15:00,10.97,11.04,10.71,10.89,0
2017-05-26 15:15:00,10.9,11.19,10.82,11.1,0
2017-05-29 09:15:00,10.86,11.83,10.26,11.79,0
2017-05-29 10:15:00,11.79,11.88,11.51,11.75,0
2017-05-29 11:15:00,11.75,11.84,11.44,11.56,0
2017-05-29 12:15:00,11.56,11.71,11.4,11.6,0
2017-05-29 13:15:00,11.6,11.78,11.54,11.54,0
2017-05-29 14:15:00,11.52,11.86,11.5,11.81,0
2017-05-29 15:15:00,11.84,11.86,11.77,11.83,0
2017-05-30 09:15:00,11.79,12.0,10.86,11.92,0
2017-05-30 10:15:00,11.93,12.27,11.83,11.85,0
2017-05-30 11:15:00,11.85,11.92,11.82,11.91,0
2017-05-30 12:15:00,11.91,12.12,11.9,12.06,0
2017-05-30 13:15:00,12.05,12.12,11.89,11.96,0
2017-05-30 14:15:00,11.96,12.0,11.75,11.78,0
2017-05-30 15:15:00,11.78,11.81,11.63,11.71,0
2017-05-31 09:15:00,11.77,12.25,11.02,12.11,0
2017-05-31 10:15:00,12.11,12.19,11.96,12.04,0
2017-05-31 11:15:00,12.04,12.1,11.92,12.0,0
2017-05-31 12:15:00,12.0,12.04,11.95,11.98,0
2017-05-31 13:15:00,11.98,12.0,11.82,11.86,0
2017-05-31 14:15:00,11.85,11.89,11.57,11.81,0
2017-05-31 15:15:00,11.81,11.82,11.64,11.67,0
2017-06-01 09:15:00,11.76,11.76,10.61,11.6,0
2017-06-01 10:15:00,11.6,11.91,11.45,11.63,0
2017-06-01 11:15:00,11.63,11.72,11.54,11.6,0
2017-06-01 12:15:00,11.6,11.77,11.52,11.57,0
2017-06-01 13:15:00,11.56,11.61,11.29,11.36,0
2017-06-01 14:15:00,11.35,11.42,11.2,11.31,0
2017-06-01 15:15:00,11.31,11.33,11.2,11.2,0
2017-06-02 09:15:00,11.31,11.31,10.31,10.98,0
2017-06-02 10:15:00,10.98,11.21,10.9,11.08,0
2017-06-02 11:15:00,11.08,11.09,10.92,10.93,0
2017-06-02 12:15:00,10.93,11.02,10.89,10.93,0
2017-06-02 13:15:00,10.93,10.96,10.84,10.92,0
2017-06-02 14:15:00,10.92,10.92,10.76,10.84,0
2017-06-02 15:15:00,10.84,10.87,10.7,10.78,0
2017-06-05 09:15:00,10.81,11.1,10.05,11.02,0
2017-06-05 10:15:00,11.02,11.04,10.89,10.92,0
2017-06-05 11:15:00,10.92,10.97,10.84,10.95,0
2017-06-05 12:15:00,10.95,11.04,10.84,10.99,0
2017-06-05 13:15:00,10.99,11.01,10.89,10.92,0
2017-06-05 14:15:00,10.92,11.14,10.87,11.05,0
2017-06-05 15:15:00,11.05,11.07,10.95,10.96,0
2017-06-06 09:15:00,11.02,11.32,9.49,11.27,0
2017-06-06 10:15:00,11.27,11.28,11.11,11.17,0
2017-06-06 11:15:00,11.17,11.19,11.11,11.17,0
2017-06-06 12:15:00,11.17,11.3,11.08,11.24,0
2017-06-06 13:15:00,11.24,11.27,11.09,11.12,0
2017-06-06 14:15:00,11.12,11.25,11.08,11.14,0
2017-06-06 15:15:00,11.14,11.17,11.06,11.09,0
2017-06-07 09:15:00,11.13,11.13,10.22,10.9,0
2017-06-07 10:15:00,10.88,10.96,10.84,10.91,0
2017-06-07 11:15:00,10.91,11.04,10.9,11.0,0
2017-06-07 12:15:00,11.01,11.19,10.99,11.14,0
2017-06-07 13:15:00,11.14,11.17,11.02,11.1,0
2017-06-07 14:15:00,11.09,11.11,10.82,10.89,0
2017-06-07 15:15:00,10.89,10.93,10.81,10.81,0
2017-06-08 09:15:00,10.89,11.09,9.53,10.91,0
2017-06-08 10:15:00,10.91,11.1,10.88,10.93,0
2017-06-08 11:15:00,10.93,11.06,10.84,11.05,0
2017-06-08 12:15:00,11.06,11.1,10.9,10.91,0
2017-06-08 13:15:00,10.91,11.04,10.9,10.98,0
2017-06-08 14:15:00,10.98,11.11,10.94,11.05,0
2017-06-08 15:15:00,11.04,11.13,11.02,11.03,0
2017-06-09 09:15:00,11.07,11.23,10.28,11.1,0
2017-06-09 10:15:00,11.11,11.12,10.91,10.98,0
2017-06-09 11:15:00,10.98,11.02,10.84,10.85,0
2017-06-09 12:15:00,10.85,10.95,10.8,10.82,0
2017-06-09 13:15:00,10.82,10.97,10.78,10.91,0
2017-06-09 14:15:00,10.91,10.98,10.7,10.86,0
2017-06-09 15:15:00,10.87,10.99,10.82,10.88,0
2017-06-12 09:15:00,10.86,11.5,10.35,11.41,0
2017-06-12 10:15:00,11.4,11.42,11.29,11.36,0
2017-06-12 11:15:00,11.36,11.45,11.32,11.34,0
2017-06-12 12:15:00,11.34,11.35,11.2,11.23,0
2017-06-12 13:15:00,11.24,11.38,11.19,11.33,0
2017-06-12 14:15:00,11.33,11.5,11.26,11.48,0
2017-06-12 15:15:00,11.48,11.5,11.4,11.48,0
2017-06-13 09:15:00,11.42,11.42,9.9,11.16,0
2017-06-13 10:15:00,11.16,11.21,11.09,11.14,0
2017-06-13 11:15:00,11.14,11.15,11.04,11.11,0
2017-06-13 12:15:00,11.11,11.16,11.0,11.09,0
2017-06-13 13:15:00,11.08,11.12,10.95,11.1,0
2017-06-13 14:15:00,11.09,11.39,11.03,11.26,0
2017-06-13 15:15:00,11.29,11.46,11.25,11.44,0
2017-06-14 09:15:00,11.34,11.49,10.44,11.39,0
2017-06-14 10:15:00,11.39,11.46,11.34,11.39,0
2017-06-14 11:15:00,11.39,11.53,11.33,11.4,0
2017-06-14 12:15:00,11.4,11.46,11.23,11.44,0
2017-06-14 13:15:00,11.43,11.45,11.14,11.19,0
2017-06-14 14:15:00,11.19,11.22,11.09,11.19,0
2017-06-14 15:15:00,11.19,11.25,11.15,11.16,0
2017-06-15 09:15:00,11.18,11.25,9.89,11.09,0
2017-06-15 10:15:00,11.09,11.16,10.99,11.11,0
2017-06-15 11:15:00,11.11,11.17,10.98,11.13,0
2017-06-15 12:15:00,11.13,11.32,11.07,11.28,0
2017-06-15 13:15:00,11.28,11.34,11.15,11.31,0
2017-06-15 14:15:00,11.31,11.42,11.22,11.37,0
2017-06-15 15:15:00,11.37,11.43,11.25,11.27,0
2017-06-16 09:15:00,11.33,11.33,9.71,11.08,0
2017-06-16 10:15:00,11.08,11.09,10.96,11.01,0
2017-06-16 11:15:00,11.02,11.15,10.98,11.01,0
2017-06-16 12:15:00,11.01,11.04,10.93,11.01,0
2017-06-16 13:15:00,11.01,11.02,10.89,10.93,0
2017-06-16 14:15:00,10.92,11.01,10.81,10.92,0
2017-06-16 15:15:00,10.92,10.96,10.88,10.93,0
2017-06-19 09:15:00,10.92,10.92,9.74,10.73,0
2017-06-19 10:15:00,10.73,10.85,10.65,10.84,0
2017-06-19 11:15:00,10.84,10.85,10.69,10.75,0
2017-06-19 12:15:00,10.73,10.82,10.69,10.79,0
2017-06-19 13:15:00,10.79,10.81,10.6,10.63,0
2017-06-19 14:15:00,10.63,10.69,10.5,10.65,0
2017-06-19 15:15:00,10.65,10.71,10.58,10.65,0
2017-06-20 09:15:00,10.63,10.87,9.82,10.8,0
2017-06-20 10:15:00,10.79,10.87,10.71,10.76,0
2017-06-20 11:15:00,10.76,10.79,10.61,10.62,0
2017-06-20 12:15:00,10.62,10.79,10.61,10.65,0
2017-06-20 13:15:00,10.65,10.8,10.64,10.72,0
2017-06-20 14:15:00,10.72,10.81,10.62,10.65,0
2017-06-20 15:15:00,10.65,10.69,10.6,10.64,0
2017-06-21 09:15:00,10.66,10.88,9.78,10.83,0
2017-06-21 10:15:00,10.83,10.83,10.71,10.79,0
2017-06-21 11:15:00,10.79,10.9,10.77,10.78,0
2017-06-21 12:15:00,10.79,10.87,10.77,10.82,0
2017-06-21 13:15:00,10.83,11.0,10.76,10.85,0
2017-06-21 14:15:00,10.85,10.94,10.69,10.87,0
2017-06-21 15:15:00,10.86,11.06,10.85,10.96,0
2017-06-22 09:15:00,10.92,11.03,10.07,10.77,0
2017-06-22 10:15:00,10.77,10.83,10.65,10.75,0
2017-06-22 11:15:00,10.74,10.76,10.56,10.67,0
2017-06-22 12:15:00,10.67,10.82,10.62,10.69,0
2017-06-22 13:15:00,10.69,10.9,10.69,10.88,0
2017-06-22 14:15:00,10.89,11.23,10.84,11.17,0
2017-06-22 15:15:00,11.18,11.42,11.15,11.42,0
2017-06-23 09:15:00,11.21,11.73,8.76,11.59,0
2017-06-23 10:15:00,11.6,11.73,11.49,11.62,0
2017-06-23 11:15:00,11.62,11.78,11.56,11.62,0
2017-06-23 12:15:00,11.62,11.69,11.52,11.61,0
2017-06-23 13:15:00,11.61,11.76,11.5,11.59,0
2017-06-23 14:15:00,11.59,11.63,11.44,11.59,0
2017-06-23 15:15:00,11.59,11.68,11.5,11.64,0
2017-06-27 09:15:00,11.56,12.85,10.93,12.66,0
2017-06-27 10:15:00,12.66,12.69,12.46,12.53,0
2017-06-27 11:15:00,12.54,12.59,12.23,12.33,0
2017-06-27 12:15:00,12.33,12.63,12.33,12.59,0
2017-06-27 13:15:00,12.58,12.86,12.54,12.82,0
2017-06-27 14:15:00,12.82,12.87,12.43,12.48,0
2017-06-27 15:15:00,12.47,12.5,12.35,12.5,0
2017-06-28 09:15:00,12.51,12.76,11.09,12.61,0
2017-06-28 10:15:00,12.6,12.65,12.16,12.2,0
2017-06-28 11:15:00,12.2,12.21,11.97,12.14,0
2017-06-28 12:15:00,12.13,12.23,12.09,12.15,0
2017-06-28 13:15:00,12.15,12.32,12.08,12.09,0
2017-06-28 14:15:00,12.09,12.15,11.91,11.96,0
2017-06-28 15:15:00,11.97,12.1,11.81,11.97,0
2017-06-29 09:15:00,11.99,11.99,10.6,11.41,0
2017-06-29 10:15:00,11.4,11.49,11.3,11.34,0
2017-06-29 11:15:00,11.35,11.36,10.97,11.03,0
2017-06-29 12:15:00,11.03,11.55,11.02,11.49,0
2017-06-29 13:15:00,11.48,11.75,11.45,11.62,0
2017-06-29 14:15:00,11.62,11.65,11.28,11.52,0
2017-06-29 15:15:00,11.52,11.55,11.24,11.28,0
2017-06-30 09:15:00,11.38,12.1,11.08,11.66,0
2017-06-30 10:15:00,11.66,11.8,11.57,11.68,0
2017-06-30 11:15:00,11.68,11.82,11.67,11.77,0
2017-06-30 12:15:00,11.77,11.9,11.66,11.77,0
2017-06-30 13:15:00,11.77,11.88,11.75,11.79,0
2017-06-30 14:15:00,11.79,11.88,11.67,11.78,0
2017-06-30 15:15:00,11.78,11.78,11.57,11.7,0
2017-07-03 09:15:00,11.73,11.75,10.46,11.53,0
2017-07-03 10:15:00,11.53,11.55,11.16,11.2,0
2017-07-03 11:15:00,11.2,11.3,11.16,11.29,0
2017-07-03 12:15:00,11.29,11.31,11.11,11.14,0
2017-07-03 13:15:00,11.14,11.29,11.1,11.19,0
2017-07-03 14:15:00,11.19,11.26,11.05,11.23,0
2017-07-03 15:15:00,11.23,11.28,11.15,11.23,0
2017-07-04 09:15:00,11.2,11.4,10.42,11.38,0
2017-07-04 10:15:00,11.36,11.65,11.33,11.42,0
2017-07-04 11:15:00,11.42,11.56,11.36,11.52,0
2017-07-04 12:15:00,11.52,11.64,11.32,11.35,0
2017-07-04 13:15:00,11.35,11.39,11.25,11.29,0
2017-07-04 14:15:00,11.29,11.34,11.13,11.32,0
2017-07-04 15:15:00,11.33,11.37,11.2,11.22,0
2017-07-05 09:15:00,11.28,11.42,10.45,11.17,0
2017-07-05 10:15:00,11.17,11.21,11.06,11.08,0
2017-07-05 11:15:00,11.08,11.24,11.08,11.22,0
2017-07-05 12:15:00,11.22,11.27,11.14,11.18,0
2017-07-05 13:15:00,11.19,11.3,11.14,11.2,0
2017-07-05 14:15:00,11.21,11.25,11.14,11.17,0
2017-07-05 15:15:00,11.17,11.18,11.09,11.14,0
2017-07-06 09:15:00,11.15,11.18,10.29,11.08,0
2017-07-06 10:15:00,11.08,11.09,10.94,11.02,0
2017-07-06 11:15:00,11.02,11.1,10.97,11.08,0
2017-07-06 12:15:00,11.08,11.09,10.96,10.98,0
2017-07-06 13:15:00,10.98,11.03,10.85,10.88,0
2017-07-06 14:15:00,10.88,11.05,10.76,10.95,0
2017-07-06 15:15:00,10.96,11.05,10.92,10.95,0
2017-07-07 09:15:00,10.98,11.13,9.62,11.05,0
2017-07-07 10:15:00,11.05,11.07,10.94,10.97,0
2017-07-07 11:15:00,10.97,10.97,10.84,10.88,0
2017-07-07 12:15:00,10.88,11.01,10.85,10.95,0
2017-07-07 13:15:00,10.95,10.97,10.77,10.88,0
2017-07-07 14:15:00,10.88,10.93,10.81,10.9,0
2017-07-07 15:15:00,10.9,10.91,10.75,10.76,0
2017-07-10 09:15:00,10.87,10.95,9.57,10.94,0
2017-07-10 10:15:00,10.94,10.94,10.94,10.94,0
2017-07-10 11:15:00,10.94,10.94,10.94,10.94,0
2017-07-10 12:15:00,10.94,11.09,10.9,10.91,0
2017-07-10 13:15:00,10.91,10.96,10.66,10.67,0
2017-07-10 14:15:00,10.67,10.96,10.6,10.95,0
2017-07-10 15:15:00,10.95,11.0,10.9,11.0,0
2017-07-11 09:15:00,10.91,11.08,9.9,10.97,0
2017-07-11 10:15:00,10.97,10.99,10.78,10.92,0
2017-07-11 11:15:00,10.92,10.95,10.78,10.86,0
2017-07-11 12:15:00,10.85,10.9,10.78,10.81,0
2017-07-11 13:15:00,10.81,10.88,10.75,10.78,0
2017-07-11 14:15:00,10.78,10.95,10.78,10.93,0
2017-07-11 15:15:00,10.93,10.94,10.88,10.92,0
2017-07-12 09:15:00,10.89,11.24,9.67,11.23,0
2017-07-12 10:15:00,11.23,11.25,11.06,11.11,0
2017-07-12 11:15:00,11.11,11.3,11.08,11.21,0
2017-07-12 12:15:00,11.21,11.25,11.12,11.16,0
2017-07-12 13:15:00,11.16,11.2,11.04,11.1,0
2017-07-12 14:15:00,11.1,11.12,11.03,11.04,0
2017-07-12 15:15:00,11.04,11.16,10.98,11.15,0
2017-07-13 09:15:00,11.05,11.17,9.86,11.1,0
2017-07-13 10:15:00,11.11,11.14,11.02,11.04,0
2017-07-13 11:15:00,11.04,11.34,11.03,11.33,0
2017-07-13 12:15:00,11.34,11.38,11.19,11.26,0
2017-07-13 13:15:00,11.26,11.32,11.17,11.2,0
2017-07-13 14:15:00,11.2,11.31,11.1,11.28,0
2017-07-13 15:15:00,11.28,11.4,11.25,11.33,0
2017-07-14 09:15:00,11.25,11.42,10.07,11.35,0
2017-07-14 10:15:00,11.35,11.48,11.32,11.39,0
2017-07-14 11:15:00,11.39,11.44,11.25,11.29,0
2017-07-14 12:15:00,11.3,11.38,11.22,11.28,0
2017-07-14 13:15:00,11.28,11.35,11.13,11.16,0
2017-07-14 14:15:00,11.15,11.25,11.06,11.21,0
2017-07-14 15:15:00,11.2,11.27,11.11,11.12,0
2017-07-17 09:15:00,11.17,11.56,10.48,11.45,0
2017-07-17 10:15:00,11.45,11.53,11.34,11.42,0
2017-07-17 11:15:00,11.42,11.57,11.37,11.55,0
2017-07-17 12:15:00,11.55,11.55,11.27,11.34,0
2017-07-17 13:15:00,11.34,11.41,11.26,11.35,0
2017-07-17 14:15:00,11.35,11.48,11.3,11.45,0
2017-07-17 15:15:00,11.45,11.52,11.41,11.47,0
2017-07-18 09:15:00,11.46,11.79,10.29,11.57,0
2017-07-18 10:15:00,11.57,11.64,11.44,11.46,0
2017-07-18 11:15:00,11.46,11.55,11.33,11.45,0
2017-07-18 12:15:00,11.44,11.55,11.39,11.41,0
2017-07-18 13:15:00,11.41,11.42,11.25,11.33,0
2017-07-18 14:15:00,11.33,11.62,11.29,11.47,0
2017-07-18 15:15:00,11.47,11.7,11.44,11.63,0
2017-07-19 09:15:00,11.49,11.69,9.08,11.36,0
2017-07-19 10:15:00,11.36,11.41,11.28,11.32,0
2017-07-19 11:15:00,11.32,11.42,11.27,11.34,0
2017-07-19 12:15:00,11.35,11.42,11.3,11.38,0
2017-07-19 13:15:00,11.38,11.44,11.35,11.4,0
2017-07-19 14:15:00,11.4,11.42,11.2,11.27,0
2017-07-19 15:15:00,11.26,11.29,11.18,11.29,0
2017-07-20 09:15:00,11.26,11.42,10.37,11.31,0
2017-07-20 10:15:00,11.31,11.4,11.25,11.36,0
2017-07-20 11:15:00,11.36,11.44,11.34,11.38,0
2017-07-20 12:15:00,11.39,11.57,11.33,11.49,0
2017-07-20 13:15:00,11.48,11.52,11.37,11.43,0
2017-07-20 14:15:00,11.45,11.53,11.23,11.35,0
2017-07-20 15:15:00,11.35,11.41,11.27,11.37,0
2017-07-21 09:15:00,11.32,11.72,9.01,11.05,0
2017-07-21 10:15:00,11.04,11.12,11.0,11.05,0
2017-07-21 11:15:00,11.05,11.12,10.95,11.1,0
2017-07-21 12:15:00,11.1,11.47,11.01,11.43,0
2017-07-21 13:15:00,11.43,11.43,11.11,11.12,0
2017-07-21 14:15:00,11.12,11.15,10.93,11.05,0
2017-07-21 15:15:00,11.05,11.14,11.05,11.1,0
2017-07-24 09:15:00,11.09,11.8,10.36,10.9,0
2017-07-24 10:15:00,10.91,11.13,10.9,11.07,0
2017-07-24 11:15:00,11.07,11.22,11.07,11.2,0
2017-07-24 12:15:00,11.2,11.22,11.13,11.18,0
2017-07-24 13:15:00,11.19,11.23,11.03,11.06,0
2017-07-24 14:15:00,11.05,11.37,11.01,11.3,0
2017-07-24 15:15:00,11.3,11.41,11.25,11.37,0
2017-07-25 09:15:00,11.31,11.51,10.24,11.12,0
2017-07-25 10:15:00,11.12,11.22,10.76,10.9,0
2017-07-25 11:15:00,10.91,11.04,10.81,10.97,0
2017-07-25 12:15:00,10.96,11.12,10.88,11.02,0
2017-07-25 13:15:00,11.02,11.07,10.81,10.85,0
2017-07-25 14:15:00,10.85,11.06,10.75,10.84,0
2017-07-25 15:15:00,10.84,11.22,10.76,11.13,0
2017-07-26 09:15:00,10.91,11.78,10.91,11.28,0
2017-07-26 10:15:00,11.28,11.39,10.97,11.37,0
2017-07-26 11:15:00,11.37,11.43,11.29,11.4,0
2017-07-26 12:15:00,11.4,11.48,11.31,11.33,0
2017-07-26 13:15:00,11.33,11.48,11.19,11.26,0
2017-07-26 14:15:00,11.26,11.38,11.18,11.2,0
2017-07-26 15:15:00,11.2,11.21,10.91,11.06,0
2017-07-27 09:15:00,11.17,11.92,10.81,11.3,0
2017-07-27 10:15:00,11.3,11.37,10.98,11.06,0
2017-07-27 11:15:00,11.06,11.3,10.89,11.28,0
2017-07-27 12:15:00,11.29,11.4,11.04,11.14,0
2017-07-27 13:15:00,11.18,11.39,11.04,11.08,0
2017-07-27 14:15:00,11.08,11.4,10.94,11.37,0
2017-07-27 15:15:00,11.38,11.38,11.08,11.25,0
2017-07-28 09:15:00,11.22,12.02,11.11,11.26,0
2017-07-28 10:15:00,11.26,11.31,11.04,11.26,0
2017-07-28 11:15:00,11.26,11.41,11.21,11.39,0
2017-07-28 12:15:00,11.39,11.51,11.3,11.39,0
2017-07-28 13:15:00,11.39,11.43,11.2,11.32,0
2017-07-28 14:15:00,11.32,11.39,11.02,11.24,0
2017-07-28 15:15:00,11.23,11.29,10.98,11.15,0
2017-07-31 09:15:00,11.14,11.9,11.14,11.63,0
2017-07-31 10:15:00,11.62,11.66,11.5,11.57,0
2017-07-31 11:15:00,11.55,11.59,11.45,11.56,0
2017-07-31 12:15:00,11.56,11.63,11.49,11.55,0
2017-07-31 13:15:00,11.55,11.93,11.53,11.84,0
2017-07-31 14:15:00,11.83,12.03,11.77,11.93,0
2017-07-31 15:15:00,11.93,11.97,11.86,11.95,0
2017-08-01 09:15:00,11.9,12.15,11.59,12.06,0
2017-08-01 10:15:00,12.06,12.36,12.06,12.31,0
2017-08-01 11:15:00,12.31,12.39,12.14,12.17,0
2017-08-01 12:15:00,12.17,12.18,12.07,12.16,0
2017-08-01 13:15:00,12.15,12.17,11.94,11.95,0
2017-08-01 14:15:00,11.94,12.08,11.88,11.92,0
2017-08-01 15:15:00,11.92,11.93,11.82,11.88,0
2017-08-02 09:15:00,11.91,12.1,10.92,12.03,0
2017-08-02 10:15:00,12.03,12.11,11.94,12.03,0
2017-08-02 11:15:00,12.03,12.04,11.95,12.03,0
2017-08-02 12:15:00,12.03,12.06,11.97,12.05,0
2017-08-02 13:15:00,12.05,12.06,11.84,11.95,0
2017-08-02 14:15:00,11.94,12.13,11.66,11.89,0
2017-08-02 15:15:00,11.89,12.17,11.86,12.15,0
2017-08-03 09:15:00,11.94,12.23,11.21,12.0,0
2017-08-03 10:15:00,12.0,12.04,11.79,11.87,0
2017-08-03 11:15:00,11.87,11.92,11.7,11.73,0
2017-08-03 12:15:00,11.73,11.77,11.56,11.57,0
2017-08-03 13:15:00,11.57,11.76,11.53,11.61,0
2017-08-03 14:15:00,11.61,11.75,11.56,11.61,0
2017-08-03 15:15:00,11.6,11.76,11.55,11.73,0
2017-08-04 09:15:00,11.64,11.75,10.75,11.49,0
2017-08-04 10:15:00,11.49,11.67,11.44,11.56,0
2017-08-04 11:15:00,11.56,11.65,11.46,11.57,0
2017-08-04 12:15:00,11.57,11.61,11.45,11.53,0
2017-08-04 13:15:00,11.53,11.54,11.31,11.37,0
2017-08-04 14:15:00,11.37,11.53,11.14,11.4,0
2017-08-04 15:15:00,11.41,11.5,11.33,11.34,0
2017-08-07 09:15:00,11.39,11.93,10.64,11.86,0
2017-08-07 10:15:00,11.86,11.91,11.79,11.87,0
2017-08-07 11:15:00,11.87,11.88,11.73,11.77,0
2017-08-07 12:15:00,11.77,11.79,11.64,11.66,0
2017-08-07 13:15:00,11.66,11.75,11.64,11.69,0
2017-08-07 14:15:00,11.7,11.95,11.65,11.93,0
2017-08-07 15:15:00,11.93,12.0,11.81,11.83,0
2017-08-08 09:15:00,11.9,12.7,10.49,12.67,0
2017-08-08 10:15:00,12.67,13.05,12.32,12.61,0
2017-08-08 11:15:00,12.6,12.61,12.28,12.47,0
2017-08-08 12:15:00,12.47,12.67,12.34,12.65,0
2017-08-08 13:15:00,12.65,12.68,12.39,12.58,0
2017-08-08 14:15:00,12.59,12.89,12.55,12.87,0
2017-08-08 15:15:00,12.87,12.89,12.51,12.71,0
2017-08-09 09:15:00,12.77,13.19,10.52,12.96,0
2017-08-09 10:15:00,12.96,13.12,12.86,13.09,0
2017-08-09 11:15:00,13.09,13.2,13.03,13.08,0
2017-08-09 12:15:00,13.08,13.17,12.91,13.16,0
2017-08-09 13:15:00,13.16,13.43,13.15,13.26,0
2017-08-09 14:15:00,13.25,13.48,13.03,13.48,0
2017-08-09 15:15:00,13.48,13.68,13.44,13.64,0
2017-08-10 09:15:00,13.45,14.0,12.23,13.94,0
2017-08-10 10:15:00,13.94,13.95,13.08,13.09,0
2017-08-10 11:15:00,13.09,13.51,13.09,13.48,0
2017-08-10 12:15:00,13.48,13.64,13.42,13.43,0
2017-08-10 13:15:00,13.43,13.61,13.36,13.48,0
2017-08-10 14:15:00,13.48,14.17,13.47,13.89,0
2017-08-10 15:15:00,13.89,13.89,13.64,13.83,0
2017-08-11 09:15:00,13.8,15.19,11.67,14.94,0
2017-08-11 10:15:00,14.94,14.94,14.45,14.59,0
2017-08-11 11:15:00,14.59,14.86,14.42,14.7,0
2017-08-11 12:15:00,14.69,15.19,14.69,14.93,0
2017-08-11 13:15:00,14.94,15.54,14.88,15.35,0
2017-08-11 14:15:00,15.36,15.45,14.98,15.03,0
2017-08-11 15:15:00,15.03,15.52,14.91,15.48,0
2017-08-14 09:15:00,15.2,15.2,11.86,14.76,0
2017-08-14 10:15:00,14.76,14.86,14.56,14.71,0
2017-08-14 11:15:00,14.71,14.72,13.94,14.02,0
2017-08-14 12:15:00,14.02,14.69,14.0,14.1,0
2017-08-14 13:15:00,14.1,14.62,14.05,14.16,0
2017-08-14 14:15:00,14.16,14.29,14.04,14.26,0
2017-08-14 15:15:00,14.26,14.74,14.26,14.48,0
2017-08-16 09:15:00,14.38,14.7,12.62,14.5,0
2017-08-16 10:15:00,14.5,14.5,14.27,14.36,0
2017-08-16 11:15:00,14.36,14.44,14.3,14.35,0
2017-08-16 12:15:00,14.35,14.35,13.96,13.98,0
2017-08-16 13:15:00,13.98,14.1,13.81,13.99,0
2017-08-16 14:15:00,13.98,14.33,13.97,14.3,0
2017-08-16 15:15:00,14.3,14.36,14.23,14.28,0
2017-08-17 09:15:00,14.24,14.56,10.79,14.1,0
2017-08-17 10:15:00,14.1,14.58,14.04,14.48,0
2017-08-17 11:15:00,14.48,14.59,14.42,14.54,0
2017-08-17 12:15:00,14.54,14.62,14.26,14.51,0
2017-08-17 13:15:00,14.51,14.62,14.34,14.46,0
2017-08-17 14:15:00,14.47,14.5,14.17,14.46,0
2017-08-17 15:15:00,14.46,14.46,14.21,14.32,0
2017-08-18 09:15:00,14.34,14.89,11.17,14.68,0
2017-08-18 10:15:00,14.68,14.72,14.37,14.49,0
2017-08-18 11:15:00,14.49,14.58,14.31,14.41,0
2017-08-18 12:15:00,14.41,14.75,14.4,14.75,0
2017-08-18 13:15:00,14.75,14.75,14.4,14.48,0
2017-08-18 14:15:00,14.48,14.86,14.38,14.6,0
2017-08-18 15:15:00,14.6,14.64,14.08,14.28,0
2017-08-21 09:15:00,14.57,14.57,13.15,14.16,0
2017-08-21 10:15:00,14.15,14.53,14.14,14.32,0
2017-08-21 11:15:00,14.31,14.57,14.29,14.49,0
2017-08-21 12:15:00,14.49,14.63,14.37,14.56,0
2017-08-21 13:15:00,14.56,14.71,14.39,14.62,0
2017-08-21 14:15:00,14.62,14.86,14.48,14.85,0
2017-08-21 15:15:00,14.85,14.97,14.77,14.78,0
2017-08-22 09:15:00,14.82,14.82,11.16,14.37,0
2017-08-22 10:15:00,14.38,14.5,14.22,14.25,0
2017-08-22 11:15:00,14.26,14.32,13.96,14.03,0
2017-08-22 12:15:00,14.03,14.21,14.0,14.04,0
2017-08-22 13:15:00,14.03,14.23,13.84,14.23,0
2017-08-22 14:15:00,14.23,14.27,14.0,14.11,0
2017-08-22 15:15:00,14.11,14.21,13.96,14.0,0
2017-08-23 09:15:00,14.11,14.11,12.26,13.64,0
2017-08-23 10:15:00,13.64,13.7,13.56,13.62,0
2017-08-23 11:15:00,13.61,13.7,13.55,13.6,0
2017-08-23 12:15:00,13.58,13.68,13.5,13.61,0
2017-08-23 13:15:00,13.61,13.76,13.59,13.6,0
2017-08-23 14:15:00,13.6,13.66,13.09,13.18,0
2017-08-23 15:15:00,13.18,13.26,13.08,13.24,0
2017-08-24 09:15:00,13.18,13.2,11.94,12.92,0
2017-08-24 10:15:00,12.93,12.98,12.82,12.86,0
2017-08-24 11:15:00,12.86,12.9,12.71,12.75,0
2017-08-24 12:15:00,12.74,12.76,12.63,12.7,0
2017-08-24 13:15:00,12.7,12.86,12.67,12.8,0
2017-08-24 14:15:00,12.8,12.89,12.48,12.56,0
2017-08-24 15:15:00,12.56,12.69,12.43,12.44,0
2017-08-28 09:15:00,12.57,13.68,11.37,12.68,0
2017-08-28 10:15:00,12.68,12.72,12.4,12.43,0
2017-08-28 11:15:00,12.43,12.62,12.37,12.39,0
2017-08-28 12:15:00,12.4,12.61,12.34,12.57,0
2017-08-28 13:15:00,12.57,12.8,12.51,12.73,0
2017-08-28 14:15:00,12.74,12.8,12.58,12.69,0
2017-08-28 15:15:00,12.68,12.7,12.55,12.67,0
2017-08-29 09:15:00,12.64,13.39,12.28,13.31,0
2017-08-29 10:15:00,13.31,13.42,13.03,13.17,0
2017-08-29 11:15:00,13.17,13.19,12.92,13.03,0
2017-08-29 12:15:00,13.04,13.27,12.91,13.2,0
2017-08-29 13:15:00,13.2,13.85,13.19,13.62,0
2017-08-29 14:15:00,13.61,13.66,13.42,13.58,0
2017-08-29 15:15:00,13.58,13.71,13.47,13.71,0
2017-08-30 09:15:00,13.54,13.54,11.75,12.8,0
2017-08-30 10:15:00,12.8,13.01,12.76,12.77,0
2017-08-30 11:15:00,12.77,13.02,12.68,12.83,0
2017-08-30 12:15:00,12.83,13.03,12.77,13.03,0
2017-08-30 13:15:00,13.03,14.13,12.71,12.88,0
2017-08-30 14:15:00,12.87,13.07,12.64,12.9,0
2017-08-30 15:15:00,12.89,12.92,12.65,12.69,0
2017-08-31 09:15:00,12.89,13.7,11.79,12.34,0
2017-08-31 10:15:00,12.34,12.55,12.32,12.45,0
2017-08-31 11:15:00,12.45,12.47,11.97,11.98,0
2017-08-31 12:15:00,11.99,12.1,11.94,12.03,0
2017-08-31 13:15:00,12.03,12.28,12.02,12.11,0
2017-08-31 14:15:00,12.11,12.16,11.9,11.99,0
2017-08-31 15:15:00,11.99,12.05,11.79,11.84,0
2017-09-01 09:15:00,11.95,12.16,10.53,11.91,0
2017-09-01 10:15:00,11.91,12.07,11.88,11.99,0
2017-09-01 11:15:00,11.99,12.05,11.82,11.92,0
2017-09-01 12:15:00,11.92,12.01,11.85,11.93,0
2017-09-01 13:15:00,11.93,12.0,11.73,11.77,0
2017-09-01 14:15:00,11.77,11.98,11.61,11.73,0
2017-09-01 15:15:00,11.73,11.76,11.62,11.76,0
2017-09-04 09:15:00,11.68,12.7,11.49,12.63,0
2017-09-04 10:15:00,12.63,12.79,12.59,12.7,0
2017-09-04 11:15:00,12.7,13.96,12.69,13.72,0
2017-09-04 12:15:00,13.72,13.96,13.22,13.25,0
2017-09-04 13:15:00,13.25,13.61,13.15,13.32,0
2017-09-04 14:15:00,13.32,13.34,12.98,13.18,0
2017-09-04 15:15:00,13.18,13.34,13.15,13.34,0
2017-09-05 09:15:00,13.17,13.22,12.48,12.95,0
2017-09-05 10:15:00,12.95,12.96,12.83,12.87,0
2017-09-05 11:15:00,12.87,13.13,12.83,13.13,0
2017-09-05 12:15:00,13.13,13.44,12.99,13.03,0
2017-09-05 13:15:00,13.03,13.12,12.83,12.88,0
2017-09-05 14:15:00,12.88,12.93,12.77,12.88,0
2017-09-05 15:15:00,12.88,12.97,12.87,12.93,0
2017-09-06 09:15:00,12.89,13.5,12.04,13.34,0
2017-09-06 10:15:00,13.34,13.39,13.18,13.21,0
2017-09-06 11:15:00,13.21,13.3,13.11,13.22,0
2017-09-06 12:15:00,13.22,13.35,13.06,13.17,0
2017-09-06 13:15:00,13.17,13.21,13.03,13.09,0
2017-09-06 14:15:00,13.09,13.19,12.99,13.14,0
2017-09-06 15:15:00,13.14,13.18,13.11,13.14,0
2017-09-07 09:15:00,13.12,13.12,11.18,12.71,0
2017-09-07 10:15:00,12.71,12.95,12.69,12.88,0
2017-09-07 11:15:00,12.88,13.13,12.87,13.0,0
2017-09-07 12:15:00,13.0,13.05,12.85,12.89,0
2017-09-07 13:15:00,12.89,13.12,12.76,12.85,0
2017-09-07 14:15:00,12.84,13.12,12.81,13.03,0
2017-09-07 15:15:00,13.02,13.09,12.92,12.93,0
2017-09-08 09:15:00,13.01,13.1,11.77,12.69,0
2017-09-08 10:15:00,12.69,12.97,12.66,12.84,0
2017-09-08 11:15:00,12.84,12.86,12.71,12.76,0
2017-09-08 12:15:00,12.76,12.98,12.73,12.9,0
2017-09-08 13:15:00,12.9,12.92,12.75,12.87,0
2017-09-08 14:15:00,12.88,12.98,12.72,12.95,0
2017-09-08 15:15:00,12.95,13.05,12.8,13.04,0
2017-09-11 09:15:00,12.96,12.96,11.55,12.49,0
2017-09-11 10:15:00,12.49,12.52,12.43,12.44,0
2017-09-11 11:15:00,12.44,12.46,12.1,12.2,0
2017-09-11 12:15:00,12.2,12.25,12.16,12.21,0
2017-09-11 13:15:00,12.21,12.38,12.07,12.13,0
2017-09-11 14:15:00,12.13,12.42,12.06,12.36,0
2017-09-11 15:15:00,12.36,12.44,12.32,12.37,0
2017-09-12 09:15:00,12.36,12.36,11.52,12.01,0
2017-09-12 10:15:00,12.0,12.06,11.8,11.93,0
2017-09-12 11:15:00,11.92,11.95,11.81,11.94,0
2017-09-12 12:15:00,11.94,11.96,11.84,11.93,0
2017-09-12 13:15:00,11.93,11.94,11.72,11.72,0
2017-09-12 14:15:00,11.71,11.84,11.6,11.82,0
2017-09-12 15:15:00,11.82,11.84,11.72,11.74,0
2017-09-13 09:15:00,11.76,11.77,10.68,11.5,0
2017-09-13 10:15:00,11.5,11.69,11.48,11.62,0
2017-09-13 11:15:00,11.62,11.7,11.56,11.62,0
2017-09-13 12:15:00,11.62,11.66,11.48,11.52,0
2017-09-13 13:15:00,11.52,11.62,11.46,11.56,0
2017-09-13 14:15:00,11.56,11.87,11.53,11.78,0
2017-09-13 15:15:00,11.78,11.81,11.61,11.67,0
2017-09-14 09:15:00,11.76,11.76,10.36,11.64,0
2017-09-14 10:15:00,11.65,11.79,11.56,11.75,0
2017-09-14 11:15:00,11.75,11.88,11.66,11.82,0
2017-09-14 12:15:00,11.8,11.86,11.67,11.73,0
2017-09-14 13:15:00,11.73,11.82,11.65,11.69,0
2017-09-14 14:15:00,11.69,11.71,11.42,11.45,0
2017-09-14 15:15:00,11.44,11.47,11.38,11.4,0
2017-09-15 09:15:00,11.47,11.91,10.02,11.87,0
2017-09-15 10:15:00,11.87,11.9,11.68,11.87,0
2017-09-15 11:15:00,11.87,12.02,11.87,11.95,0
2017-09-15 12:15:00,11.95,11.97,11.87,11.93,0
2017-09-15 13:15:00,11.93,11.98,11.75,11.8,0
2017-09-15 14:15:00,11.8,11.81,11.56,11.68,0
2017-09-15 15:15:00,11.68,11.74,11.6,11.64,0
2017-09-18 09:15:00,11.68,11.68,10.84,11.37,0
2017-09-18 10:15:00,11.37,11.44,11.31,11.31,0
2017-09-18 11:15:00,11.31,11.54,11.24,11.5,0
2017-09-18 12:15:00,11.49,11.59,11.44,11.5,0
2017-09-18 13:15:00,11.51,11.59,11.38,11.4,0
2017-09-18 14:15:00,11.42,11.53,11.35,11.48,0
2017-09-18 15:15:00,11.48,11.49,11.38,11.38,0
2017-09-19 09:15:00,11.44,11.54,10.4,11.51,0
2017-09-19 10:15:00,11.51,11.63,11.46,11.56,0
2017-09-19 11:15:00,11.56,11.63,11.5,11.54,0
2017-09-19 12:15:00,11.54,11.63,11.5,11.56,0
2017-09-19 13:15:00,11.56,11.64,11.36,11.41,0
2017-09-19 14:15:00,11.42,11.54,11.36,11.5,0
2017-09-19 15:15:00,11.5,11.5,11.41,11.44,0
2017-09-20 09:15:00,11.47,11.58,10.12,11.55,0
2017-09-20 10:15:00,11.55,11.81,11.5,11.78,0
2017-09-20 11:15:00,11.77,11.88,11.72,11.77,0
2017-09-20 12:15:00,11.77,11.82,11.7,11.77,0
2017-09-20 13:15:00,11.78,11.8,11.57,11.63,0
2017-09-20 14:15:00,11.63,11.68,11.47,11.62,0
2017-09-20 15:15:00,11.62,11.72,11.59,11.65,0
2017-09-21 09:15:00,11.63,12.12,9.26,11.86,0
2017-09-21 10:15:00,11.86,12.18,11.84,11.94,0
2017-09-21 11:15:00,11.95,12.01,11.9,11.99,0
2017-09-21 12:15:00,11.98,12.01,11.84,11.92,0
2017-09-21 13:15:00,11.92,11.95,11.72,11.79,0
2017-09-21 14:15:00,11.79,11.79,11.53,11.7,0
2017-09-21 15:15:00,11.69,11.71,11.47,11.48,0
2017-09-22 09:15:00,11.63,12.84,11.01,12.48,0
2017-09-22 10:15:00,12.48,12.55,12.3,12.48,0
2017-09-22 11:15:00,12.48,12.56,12.35,12.48,0
2017-09-22 12:15:00,12.48,12.6,12.25,12.29,0
2017-09-22 13:15:00,12.29,12.62,12.26,12.51,0
2017-09-22 14:15:00,12.51,12.91,12.37,12.88,0
2017-09-22 15:15:00,12.88,12.99,12.75,12.95,0
2017-09-25 09:15:00,12.81,13.63,11.51,13.57,0
2017-09-25 10:15:00,13.58,13.84,13.18,13.64,0
2017-09-25 11:15:00,13.64,13.73,13.32,13.42,0
2017-09-25 12:15:00,13.43,13.58,13.29,13.36,0
2017-09-25 13:15:00,13.36,13.53,13.3,13.36,0
2017-09-25 14:15:00,13.38,13.44,13.16,13.31,0
2017-09-25 15:15:00,13.31,13.4,13.26,13.33,0
2017-09-26 09:15:00,13.34,13.63,12.67,13.48,0
2017-09-26 10:15:00,13.48,13.57,13.27,13.32,0
2017-09-26 11:15:00,13.32,13.32,12.63,12.74,0
2017-09-26 12:15:00,12.74,13.04,12.73,12.96,0
2017-09-26 13:15:00,12.97,13.0,12.66,12.73,0
2017-09-26 14:15:00,12.73,12.96,12.66,12.9,0
2017-09-26 15:15:00,12.91,13.19,12.88,13.14,0
2017-09-27 09:15:00,12.93,13.22,11.77,13.21,0
2017-09-27 10:15:00,13.22,13.58,13.18,13.19,0
2017-09-27 11:15:00,13.19,13.36,13.11,13.28,0
2017-09-27 12:15:00,13.28,13.6,13.24,13.51,0
2017-09-27 13:15:00,13.51,13.54,13.27,13.47,0
2017-09-27 14:15:00,13.48,14.17,13.43,14.0,0
2017-09-27 15:15:00,14.03,14.13,13.63,13.72,0
2017-09-28 09:15:00,13.86,13.97,12.94,13.16,0
2017-09-28 10:15:00,13.16,13.22,12.83,13.01,0
2017-09-28 11:15:00,13.01,13.13,12.82,13.07,0
2017-09-28 12:15:00,13.07,13.7,13.02,13.66,0
2017-09-28 13:15:00,13.67,13.69,13.14,13.21,0
2017-09-28 14:15:00,13.22,13.36,13.01,13.24,0
2017-09-28 15:15:00,13.24,13.37,12.93,13.1,0
2017-09-29 09:15:00,13.17,13.17,11.91,12.46,0
2017-09-29 10:15:00,12.46,12.46,12.29,12.37,0
2017-09-29 11:15:00,12.36,12.44,12.24,12.28,0
2017-09-29 12:15:00,12.28,12.3,12.14,12.15,0
2017-09-29 13:15:00,12.15,12.25,12.08,12.12,0
2017-09-29 14:15:00,12.12,12.56,12.12,12.55,0
2017-09-29 15:15:00,12.55,12.57,12.41,12.54,0
2017-10-03 09:15:00,12.49,12.87,11.44,12.75,0
2017-10-03 10:15:00,12.75,12.8,12.49,12.5,0
2017-10-03 11:15:00,12.5,12.59,12.45,12.59,0
2017-10-03 12:15:00,12.59,12.67,12.41,12.52,0
2017-10-03 13:15:00,12.52,12.67,12.47,12.57,0
2017-10-03 14:15:00,12.57,12.58,12.36,12.48,0
2017-10-03 15:15:00,12.5,12.51,12.37,12.37,0
2017-10-04 09:15:00,12.46,12.58,11.58,12.04,0
2017-10-04 10:15:00,12.05,12.15,11.93,12.03,0
2017-10-04 11:15:00,12.03,12.2,11.99,12.15,0
2017-10-04 12:15:00,12.15,12.16,12.0,12.06,0
2017-10-04 13:15:00,12.06,12.13,12.01,12.07,0
2017-10-04 14:15:00,12.07,12.09,11.67,11.89,0
2017-10-04 15:15:00,11.89,11.91,11.64,11.66,0
2017-10-05 09:15:00,11.8,11.9,10.59,11.6,0
2017-10-05 10:15:00,11.6,11.86,11.58,11.74,0
2017-10-05 11:15:00,11.73,11.84,11.68,11.79,0
2017-10-05 12:15:00,11.79,11.82,11.62,11.67,0
2017-10-05 13:15:00,11.67,11.76,11.6,11.67,0
2017-10-05 14:15:00,11.67,11.82,11.54,11.81,0
2017-10-05 15:15:00,11.81,11.82,11.62,11.65,0
2017-10-06 09:15:00,11.71,11.71,10.75,11.13,0
2017-10-06 10:15:00,11.13,11.28,11.1,11.2,0
2017-10-06 11:15:00,11.2,11.25,11.15,11.23,0
2017-10-06 12:15:00,11.23,11.25,11.18,11.22,0
2017-10-06 13:15:00,11.22,11.28,11.07,11.24,0
2017-10-06 14:15:00,11.23,11.26,11.03,11.07,0
2017-10-06 15:15:00,11.07,11.2,11.06,11.07,0
2017-10-09 09:15:00,11.12,11.57,10.41,11.38,0
2017-10-09 10:15:00,11.38,11.5,11.33,11.44,0
2017-10-09 11:15:00,11.44,11.5,11.36,11.44,0
2017-10-09 12:15:00,11.43,11.48,11.37,11.42,0
2017-10-09 13:15:00,11.43,11.45,11.33,11.37,0
2017-10-09 14:15:00,11.37,11.43,11.23,11.39,0
2017-10-09 15:15:00,11.4,11.44,11.3,11.42,0
2017-10-10 09:15:00,11.39,11.45,10.75,11.32,0
2017-10-10 10:15:00,11.32,11.38,11.16,11.19,0
2017-10-10 11:15:00,11.19,11.22,11.1,11.18,0
2017-10-10 12:15:00,11.17,11.23,11.14,11.19,0
2017-10-10 13:15:00,11.19,11.28,11.13,11.19,0
2017-10-10 14:15:00,11.19,11.2,11.07,11.13,0
2017-10-10 15:15:00,11.13,11.14,11.03,11.09,0
2017-10-11 09:15:00,11.11,11.11,10.19,10.81,0
2017-10-11 10:15:00,10.81,10.83,10.69,10.76,0
2017-10-11 11:15:00,10.76,10.86,10.74,10.8,0
2017-10-11 12:15:00,10.8,10.93,10.78,10.91,0
2017-10-11 13:15:00,10.91,11.64,10.87,11.39,0
2017-10-11 14:15:00,11.4,12.18,11.4,11.75,0
2017-10-11 15:15:00,11.75,11.84,11.7,11.82,0
2017-10-12 09:15:00,11.73,11.73,10.46,11.31,0
2017-10-12 10:15:00,11.31,11.35,11.09,11.2,0
2017-10-12 11:15:00,11.2,11.25,11.06,11.1,0
2017-10-12 12:15:00,11.1,11.2,11.03,11.19,0
2017-10-12 13:15:00,11.19,11.23,10.98,10.98,0
2017-10-12 14:15:00,10.98,11.11,10.85,11.07,0
2017-10-12 15:15:00,11.07,11.19,10.96,11.16,0
2017-10-13 09:15:00,11.04,11.07,10.09,10.94,0
2017-10-13 10:15:00,10.94,11.12,10.85,11.06,0
2017-10-13 11:15:00,11.06,11.07,10.89,11.06,0
2017-10-13 12:15:00,11.06,11.18,11.04,11.1,0
2017-10-13 13:15:00,11.1,11.21,11.06,11.15,0
2017-10-13 14:15:00,11.16,11.31,11.13,11.26,0
2017-10-13 15:15:00,11.26,11.35,11.2,11.29,0
2017-10-16 09:15:00,11.26,11.44,10.03,11.31,0
2017-10-16 10:15:00,11.31,11.58,11.26,11.51,0
2017-10-16 11:15:00,11.51,11.57,11.12,11.17,0
2017-10-16 12:15:00,11.17,11.33,11.15,11.23,0
2017-10-16 13:15:00,11.23,11.33,11.16,11.26,0
2017-10-16 14:15:00,11.26,11.37,11.17,11.32,0
2017-10-16 15:15:00,11.32,11.45,11.27,11.4,0
2017-10-17 09:15:00,11.31,11.73,10.11,11.54,0
2017-10-17 10:15:00,11.63,11.65,11.47,11.55,0
2017-10-17 11:15:00,11.55,11.62,11.51,11.59,0
2017-10-17 12:15:00,11.59,11.68,11.54,11.59,0
2017-10-17 13:15:00,11.59,11.69,11.55,11.61,0
2017-10-17 14:15:00,11.61,11.69,11.52,11.64,0
2017-10-17 15:15:00,11.64,11.67,11.54,11.58,0
2017-10-18 09:15:00,11.61,11.75,10.13,11.53,0
2017-10-18 10:15:00,11.54,11.67,11.5,11.55,0
2017-10-18 11:15:00,11.54,11.6,11.46,11.52,0
2017-10-18 12:15:00,11.52,11.61,11.44,11.51,0
2017-10-18 13:15:00,11.52,11.58,11.43,11.55,0
2017-10-18 14:15:00,11.55,11.62,11.42,11.52,0
2017-10-18 15:15:00,11.52,11.58,11.47,11.51,0
2017-10-19 18:15:00,11.54,12.42,10.83,12.35,0
2017-10-19 19:15:00,12.35,12.81,12.26,12.75,0
2017-10-23 09:15:00,12.4,12.8,10.88,12.62,0
2017-10-23 10:15:00,12.62,12.68,12.42,12.54,0
2017-10-23 11:15:00,12.54,12.87,12.46,12.77,0
2017-10-23 12:15:00,12.78,12.94,12.55,12.79,0
2017-10-23 13:15:00,12.79,12.82,12.4,12.5,0
2017-10-23 14:15:00,12.5,12.58,12.22,12.24,0
2017-10-23 15:15:00,12.24,12.37,12.23,12.37,0
2017-10-24 09:15:00,12.33,12.47,11.36,11.96,0
2017-10-24 10:15:00,11.96,12.13,11.79,11.99,0
2017-10-24 11:15:00,11.99,12.3,11.86,12.04,0
2017-10-24 12:15:00,12.04,12.04,11.55,11.61,0
2017-10-24 13:15:00,11.61,12.07,11.58,11.68,0
2017-10-24 14:15:00,11.67,11.81,11.5,11.5,0
2017-10-24 15:15:00,11.51,11.67,11.45,11.61,0
2017-10-25 09:15:00,11.59,12.49,11.19,11.59,0
2017-10-25 10:15:00,11.6,11.81,11.36,11.49,0
2017-10-25 11:15:00,11.47,11.59,11.33,11.47,0
2017-10-25 12:15:00,11.47,11.74,11.33,11.47,0
2017-10-25 13:15:00,11.46,11.94,11.46,11.94,0
2017-10-25 14:15:00,11.94,12.02,11.67,11.79,0
2017-10-25 15:15:00,11.78,11.87,11.67,11.78,0
2017-10-26 09:15:00,11.76,12.65,11.51,11.62,0
2017-10-26 10:15:00,11.62,11.66,11.29,11.4,0
2017-10-26 11:15:00,11.4,11.58,11.36,11.51,0
2017-10-26 12:15:00,11.51,11.63,11.42,11.52,0
2017-10-26 13:15:00,11.52,11.81,11.51,11.69,0
2017-10-26 14:15:00,11.69,11.72,11.38,11.69,0
2017-10-26 15:15:00,11.69,11.76,11.54,11.6,0
2017-10-27 09:15:00,11.62,12.15,11.62,11.65,0
2017-10-27 10:15:00,11.65,11.66,11.44,11.53,0
2017-10-27 11:15:00,11.53,11.61,11.27,11.4,0
2017-10-27 12:15:00,11.41,11.53,11.29,11.35,0
2017-10-27 13:15:00,11.36,11.47,11.19,11.29,0
2017-10-27 14:15:00,11.29,11.62,11.25,11.59,0
2017-10-27 15:15:00,11.59,11.63,11.43,11.47,0
2017-10-30 09:15:00,11.48,12.26,11.48,11.97,0
2017-10-30 10:15:00,11.97,12.16,11.96,12.15,0
2017-10-30 11:15:00,12.15,12.2,12.0,12.13,0
2017-10-30 12:15:00,12.13,12.19,12.0,12.07,0
2017-10-30 13:15:00,12.07,12.13,11.95,11.97,0
2017-10-30 14:15:00,11.96,12.19,11.91,12.16,0
2017-10-30 15:15:00,12.15,12.2,12.08,12.1,0
2017-10-31 09:15:00,12.11,12.47,11.53,12.37,0
2017-10-31 10:15:00,12.37,12.41,12.26,12.29,0
2017-10-31 11:15:00,12.29,12.35,12.24,12.32,0
2017-10-31 12:15:00,12.32,12.44,12.25,12.3,0
2017-10-31 13:15:00,12.3,12.46,12.28,12.4,0
2017-10-31 14:15:00,12.4,12.53,12.33,12.48,0
2017-10-31 15:15:00,12.48,12.52,12.32,12.37,0
2017-11-01 09:15:00,12.44,12.44,11.79,12.09,0
2017-11-01 10:15:00,12.09,12.18,12.05,12.1,0
2017-11-01 11:15:00,12.1,12.14,12.05,12.09,0
2017-11-01 12:15:00,12.09,12.1,11.87,12.02,0
2017-11-01 13:15:00,12.03,12.16,11.99,12.04,0
2017-11-01 14:15:00,12.04,12.16,11.97,12.15,0
2017-11-01 15:15:00,12.16,12.33,12.1,12.27,0
2017-11-02 09:15:00,12.14,12.37,11.41,12.05,0
2017-11-02 10:15:00,12.05,12.08,11.88,11.92,0
2017-11-02 11:15:00,11.92,11.99,11.85,11.94,0
2017-11-02 12:15:00,11.95,12.03,11.85,11.97,0
2017-11-02 13:15:00,11.97,12.02,11.8,11.82,0
2017-11-02 14:15:00,11.82,12.07,11.74,12.0,0
2017-11-02 15:15:00,12.01,12.07,11.96,11.99,0
2017-11-03 09:15:00,12.01,12.3,11.07,12.04,0
2017-11-03 10:15:00,12.04,12.07,11.93,11.94,0
2017-11-03 11:15:00,11.93,12.06,11.92,12.01,0
2017-11-03 12:15:00,12.01,12.18,11.96,11.97,0
2017-11-03 13:15:00,11.98,12.03,11.83,11.88,0
2017-11-03 14:15:00,11.88,11.96,11.71,11.9,0
2017-11-03 15:15:00,11.9,11.97,11.85,11.92,0
2017-11-06 09:15:00,11.91,12.71,11.37,12.63,0
2017-11-06 10:15:00,12.63,12.7,12.52,12.66,0
2017-11-06 11:15:00,12.66,12.76,12.64,12.73,0
2017-11-06 12:15:00,12.72,12.75,12.43,12.47,0
2017-11-06 13:15:00,12.48,12.55,12.4,12.52,0
2017-11-06 14:15:00,12.52,13.03,12.5,13.0,0
2017-11-06 15:15:00,13.01,13.26,12.99,13.23,0
2017-11-07 09:15:00,13.02,13.58,11.68,13.57,0
2017-11-07 10:15:00,13.56,13.66,13.13,13.25,0
2017-11-07 11:15:00,13.25,13.41,13.2,13.25,0
2017-11-07 12:15:00,13.25,13.6,12.86,13.55,0
2017-11-07 13:15:00,13.55,13.68,13.14,13.48,0
2017-11-07 14:15:00,13.49,13.62,12.91,13.23,0
2017-11-07 15:15:00,13.23,13.4,13.23,13.37,0
2017-11-08 09:15:00,13.24,13.55,11.24,13.4,0
2017-11-08 10:15:00,13.39,13.45,13.16,13.3,0
2017-11-08 11:15:00,13.31,13.71,13.13,13.68,0
2017-11-08 12:15:00,13.69,13.77,13.6,13.66,0
2017-11-08 13:15:00,13.66,13.72,13.15,13.56,0
2017-11-08 14:15:00,13.58,13.86,13.55,13.55,0
2017-11-08 15:15:00,13.56,13.56,13.39,13.49,0
2017-11-09 09:15:00,13.61,13.61,11.08,12.77,0
2017-11-09 10:15:00,12.77,13.06,12.7,12.98,0
2017-11-09 11:15:00,12.98,13.07,12.84,13.01,0
2017-11-09 12:15:00,13.02,13.72,12.93,13.46,0
2017-11-09 13:15:00,13.46,13.64,13.41,13.57,0
2017-11-09 14:15:00,13.58,13.58,13.28,13.29,0
2017-11-09 15:15:00,13.29,13.32,12.6,12.62,0
2017-11-10 09:15:00,13.27,13.63,11.17,13.02,0
2017-11-10 10:15:00,13.02,13.09,12.93,13.01,0
2017-11-10 11:15:00,13.01,13.1,12.95,13.0,0
2017-11-10 12:15:00,13.0,13.06,12.9,12.93,0
2017-11-10 13:15:00,12.93,13.59,12.74,12.83,0
2017-11-10 14:15:00,12.82,13.82,12.8,13.34,0
2017-11-10 15:15:00,13.33,13.51,13.28,13.47,0
2017-11-13 09:15:00,13.48,14.38,11.17,14.21,0
2017-11-13 10:15:00,14.2,14.27,13.64,13.73,0
2017-11-13 11:15:00,13.73,14.35,13.69,14.01,0
2017-11-13 12:15:00,14.01,14.04,13.66,13.69,0
2017-11-13 13:15:00,13.69,14.04,13.65,13.91,0
2017-11-13 14:15:00,13.91,14.11,13.68,14.09,0
2017-11-13 15:15:00,14.09,14.13,13.87,13.89,0
2017-11-14 09:15:00,14.05,14.4,12.46,14.35,0
2017-11-14 10:15:00,14.35,14.38,14.16,14.26,0
2017-11-14 11:15:00,14.26,14.47,14.24,14.31,0
2017-11-14 12:15:00,14.31,14.53,14.25,14.42,0
2017-11-14 13:15:00,14.42,14.74,14.23,14.6,0
2017-11-14 14:15:00,14.61,14.72,13.94,14.24,0
2017-11-14 15:15:00,14.23,14.27,14.0,14.05,0
2017-11-15 09:15:00,14.17,14.17,11.58,13.38,0
2017-11-15 10:15:00,13.38,14.36,13.34,14.27,0
2017-11-15 11:15:00,14.27,14.3,14.09,14.14,0
2017-11-15 12:15:00,14.14,14.26,13.29,13.35,0
2017-11-15 13:15:00,13.35,13.55,13.32,13.53,0
2017-11-15 14:15:00,13.53,14.58,13.51,14.48,0
2017-11-15 15:15:00,14.48,14.51,13.51,13.61,0
2017-11-16 09:15:00,14.27,14.27,11.07,13.33,0
2017-11-16 10:15:00,13.33,13.53,13.31,13.4,0
2017-11-16 11:15:00,13.42,13.43,13.04,13.1,0
2017-11-16 12:15:00,13.1,13.85,12.98,13.85,0
2017-11-16 13:15:00,13.86,13.95,13.02,13.82,0
2017-11-16 14:15:00,13.82,13.95,13.45,13.51,0
2017-11-16 15:15:00,13.52,13.58,13.33,13.36,0
2017-11-17 09:15:00,13.46,13.46,11.63,12.89,0
2017-11-17 10:15:00,12.88,13.07,12.86,13.01,0
2017-11-17 11:15:00,13.02,13.82,13.0,13.47,0
2017-11-17 12:15:00,13.48,13.51,13.07,13.43,0
2017-11-17 13:15:00,13.43,13.48,13.34,13.41,0
2017-11-17 14:15:00,13.41,13.76,13.32,13.66,0
2017-11-17 15:15:00,13.66,13.85,13.58,13.79,0
2017-11-20 09:15:00,13.71,13.71,11.12,13.47,0
2017-11-20 10:15:00,13.47,13.52,13.32,13.38,0
2017-11-20 11:15:00,13.38,13.53,13.34,13.48,0
2017-11-20 12:15:00,13.49,13.6,13.44,13.5,0
2017-11-20 13:15:00,13.5,15.61,13.42,13.48,0
2017-11-20 14:15:00,13.49,13.53,13.36,13.46,0
2017-11-20 15:15:00,13.46,13.48,13.37,13.44,0
2017-11-21 09:15:00,13.43,13.53,11.01,13.42,0
2017-11-21 10:15:00,13.42,13.46,13.32,13.38,0
2017-11-21 11:15:00,13.38,13.41,13.22,13.27,0
2017-11-21 12:15:00,13.27,13.29,13.2,13.22,0
2017-11-21 13:15:00,13.22,13.35,13.22,13.3,0
2017-11-21 14:15:00,13.3,13.7,13.3,13.67,0
2017-11-21 15:15:00,13.67,13.93,13.63,13.89,0
2017-11-22 09:15:00,13.72,14.11,12.19,14.05,0
2017-11-22 10:15:00,14.07,14.28,13.92,14.08,0
2017-11-22 11:15:00,14.07,14.12,13.84,13.94,0
2017-11-22 12:15:00,13.95,14.22,13.93,14.15,0
2017-11-22 13:15:00,14.15,14.34,13.95,14.15,0
2017-11-22 14:15:00,14.15,14.18,13.96,14.04,0
2017-11-22 15:15:00,14.04,14.08,14.0,14.03,0
2017-11-23 09:15:00,14.04,14.04,12.82,13.9,0
2017-11-23 10:15:00,13.9,13.99,13.88,13.92,0
2017-11-23 11:15:00,13.92,14.13,13.87,14.04,0
2017-11-23 12:15:00,14.04,14.46,14.02,14.32,0
2017-11-23 13:15:00,14.32,14.46,13.99,14.13,0
2017-11-23 14:15:00,14.13,14.15,13.68,13.73,0
2017-11-23 15:15:00,13.72,13.93,13.65,13.88,0
2017-11-24 09:15:00,13.87,13.99,12.49,13.52,0
2017-11-24 10:15:00,13.53,13.75,13.4,13.7,0
2017-11-24 11:15:00,13.7,13.88,13.47,13.76,0
2017-11-24 12:15:00,13.75,13.91,13.46,13.56,0
2017-11-24 13:15:00,13.56,13.61,13.38,13.51,0
2017-11-24 14:15:00,13.51,13.67,13.41,13.64,0
2017-11-24 15:15:00,13.64,13.65,13.31,13.33,0
2017-11-27 09:15:00,13.51,13.9,11.53,13.63,0
2017-11-27 10:15:00,13.63,13.69,13.49,13.67,0
2017-11-27 11:15:00,13.67,13.68,13.41,13.45,0
2017-11-27 12:15:00,13.45,13.5,13.33,13.38,0
2017-11-27 13:15:00,13.38,13.64,13.12,13.32,0
2017-11-27 14:15:00,13.33,13.35,12.97,13.03,0
2017-11-27 15:15:00,13.04,13.1,12.9,13.1,0
2017-11-28 09:15:00,13.03,13.36,12.04,13.19,0
2017-11-28 10:15:00,13.19,13.29,13.1,13.12,0
2017-11-28 11:15:00,13.12,13.2,13.05,13.15,0
2017-11-28 12:15:00,13.15,13.2,13.01,13.06,0
2017-11-28 13:15:00,13.06,13.28,12.89,13.23,0
2017-11-28 14:15:00,13.23,13.31,13.0,13.16,0
2017-11-28 15:15:00,13.16,13.3,13.1,13.29,0
2017-11-29 09:15:00,13.15,13.21,12.26,13.04,0
2017-11-29 10:15:00,13.04,13.05,12.92,12.94,0
2017-11-29 11:15:00,12.94,12.96,12.76,12.85,0
2017-11-29 12:15:00,12.86,12.96,12.77,12.96,0
2017-11-29 13:15:00,12.96,13.29,12.92,13.17,0
2017-11-29 14:15:00,13.17,13.2,12.94,12.99,0
2017-11-29 15:15:00,12.99,13.26,12.96,13.19,0
2017-11-30 09:15:00,13.06,13.39,11.97,13.07,0
2017-11-30 10:15:00,13.06,13.19,12.87,12.98,0
2017-11-30 11:15:00,12.98,13.22,12.89,13.18,0
2017-11-30 12:15:00,13.18,13.38,13.17,13.36,0
2017-11-30 13:15:00,13.36,13.39,12.99,13.03,0
2017-11-30 14:15:00,13.03,13.81,13.02,13.38,0
2017-11-30 15:15:00,13.38,13.91,13.33,13.53,0
2017-12-01 09:15:00,13.55,13.64,12.62,13.45,0
2017-12-01 10:15:00,13.45,14.2,13.29,14.16,0
2017-12-01 11:15:00,14.15,14.49,14.01,14.14,0
2017-12-01 12:15:00,14.14,14.44,14.06,14.23,0
2017-12-01 13:15:00,14.23,14.5,14.18,14.42,0
2017-12-01 14:15:00,14.42,14.84,14.4,14.75,0
2017-12-01 15:15:00,14.75,15.0,14.62,14.99,0
2017-12-04 09:15:00,14.8,15.26,14.14,15.13,0
2017-12-04 10:15:00,15.13,15.18,14.77,15.11,0
2017-12-04 11:15:00,15.11,15.13,14.88,14.94,0
2017-12-04 12:15:00,14.94,15.01,14.81,14.95,0
2017-12-04 13:15:00,14.95,15.19,14.7,14.89,0
2017-12-04 14:15:00,14.89,14.95,14.78,14.91,0
2017-12-04 15:15:00,14.9,14.94,14.75,14.86,0
2017-12-05 09:15:00,14.86,15.29,13.55,15.04,0
2017-12-05 10:15:00,15.04,15.04,14.8,14.99,0
2017-12-05 11:15:00,15.0,15.09,14.94,14.95,0
2017-12-05 12:15:00,14.95,15.25,14.91,15.19,0
2017-12-05 13:15:00,15.19,15.34,14.94,14.95,0
2017-12-05 14:15:00,14.95,15.07,14.8,15.07,0
2017-12-05 15:15:00,15.07,15.07,14.95,14.98,0
2017-12-06 09:15:00,15.01,15.12,13.55,15.01,0
2017-12-06 10:15:00,15.01,15.06,14.69,14.73,0
2017-12-06 11:15:00,14.74,15.05,14.74,14.87,0
2017-12-06 12:15:00,14.87,14.97,14.84,14.95,0
2017-12-06 13:15:00,14.95,15.11,14.9,14.99,0
2017-12-06 14:15:00,14.99,15.26,14.81,15.17,0
2017-12-06 15:15:00,15.17,15.19,14.92,15.05,0
2017-12-07 09:15:00,15.09,15.09,13.92,14.83,0
2017-12-07 10:15:00,14.83,14.86,14.51,14.64,0
2017-12-07 11:15:00,14.64,14.89,14.62,14.7,0
2017-12-07 12:15:00,14.7,14.76,14.55,14.67,0
2017-12-07 13:15:00,14.67,14.68,14.5,14.54,0
2017-12-07 14:15:00,14.54,14.57,14.25,14.26,0
2017-12-07 15:15:00,14.26,14.26,14.04,14.09,0
2017-12-08 09:15:00,14.27,14.27,12.91,13.86,0
2017-12-08 10:15:00,13.86,13.92,13.74,13.8,0
2017-12-08 11:15:00,13.8,14.24,13.75,13.89,0
2017-12-08 12:15:00,13.89,14.0,13.85,13.96,0
2017-12-08 13:15:00,13.96,14.0,13.77,13.79,0
2017-12-08 14:15:00,13.79,13.96,13.62,13.7,0
2017-12-08 15:15:00,13.7,13.73,13.59,13.68,0
2017-12-11 09:15:00,13.67,14.49,12.16,13.99,0
2017-12-11 10:15:00,13.99,14.25,13.95,14.13,0
2017-12-11 11:15:00,14.13,14.34,14.12,14.32,0
2017-12-11 12:15:00,14.32,14.36,14.2,14.27,0
2017-12-11 13:15:00,14.27,14.32,14.08,14.16,0
2017-12-11 14:15:00,14.16,14.23,14.07,14.16,0
2017-12-11 15:15:00,14.17,14.2,14.03,14.04,0
2017-12-12 09:15:00,14.15,14.56,12.16,14.53,0
2017-12-12 10:15:00,14.53,14.6,14.42,14.54,0
2017-12-12 11:15:00,14.53,15.31,14.5,15.3,0
2017-12-12 12:15:00,15.3,15.37,14.76,14.82,0
2017-12-12 13:15:00,14.83,15.03,14.7,15.0,0
2017-12-12 14:15:00,15.0,15.36,14.95,15.26,0
2017-12-12 15:15:00,15.26,15.32,15.14,15.32,0
2017-12-13 09:15:00,15.26,15.5,12.7,15.4,0
2017-12-13 10:15:00,15.4,15.43,14.66,14.7,0
2017-12-13 11:15:00,14.71,14.8,14.61,14.74,0
2017-12-13 12:15:00,14.74,14.94,14.71,14.89,0
2017-12-13 13:15:00,14.89,15.62,14.86,15.62,0
2017-12-13 14:15:00,15.62,16.31,15.43,16.01,0
2017-12-13 15:15:00,16.01,16.02,15.56,15.69,0
2017-12-14 09:15:00,15.95,16.31,12.8,16.09,0
2017-12-14 10:15:00,16.09,16.64,16.03,16.64,0
2017-12-14 11:15:00,16.64,17.09,16.55,17.07,0
2017-12-14 12:15:00,17.07,17.39,16.75,16.81,0
2017-12-14 13:15:00,16.82,17.09,16.6,16.65,0
2017-12-14 14:15:00,16.65,16.82,16.31,16.39,0
2017-12-14 15:15:00,16.39,16.42,16.22,16.35,0
2017-12-15 09:15:00,16.41,16.41,13.4,14.39,0
2017-12-15 10:15:00,14.39,14.5,14.31,14.36,0
2017-12-15 11:15:00,14.36,14.47,14.24,14.36,0
2017-12-15 12:15:00,14.36,14.49,14.24,14.48,0
2017-12-15 13:15:00,14.48,14.65,14.39,14.57,0
2017-12-15 14:15:00,14.56,14.99,14.51,14.99,0
2017-12-15 15:15:00,14.99,15.17,14.92,15.05,0
2017-12-18 09:15:00,14.94,18.26,13.33,13.51,0
2017-12-18 10:15:00,13.49,13.59,13.11,13.25,0
2017-12-18 11:15:00,13.25,13.38,12.99,13.02,0
2017-12-18 12:15:00,13.0,13.12,12.83,12.95,0
2017-12-18 13:15:00,12.96,13.05,12.82,13.02,0
2017-12-18 14:15:00,13.02,13.29,12.89,13.06,0
2017-12-18 15:15:00,13.06,13.15,12.93,13.11,0
2017-12-19 09:15:00,13.12,13.12,12.16,12.63,0
2017-12-19 10:15:00,12.63,12.64,12.44,12.57,0
2017-12-19 11:15:00,12.56,12.64,12.45,12.56,0
2017-12-19 12:15:00,12.56,12.67,12.47,12.66,0
2017-12-19 13:15:00,12.66,12.67,12.43,12.5,0
2017-12-19 14:15:00,12.5,12.53,12.1,12.17,0
2017-12-19 15:15:00,12.17,12.23,12.08,12.16,0
2017-12-20 09:15:00,12.19,12.42,11.2,12.22,0
2017-12-20 10:15:00,12.22,12.25,11.98,12.03,0
2017-12-20 11:15:00,12.03,12.2,11.96,12.18,0
2017-12-20 12:15:00,12.18,12.28,12.0,12.1,0
2017-12-20 13:15:00,12.11,12.18,11.99,12.16,0
2017-12-20 14:15:00,12.16,12.27,11.98,12.24,0
2017-12-20 15:15:00,12.23,12.26,12.14,12.23,0
2017-12-21 09:15:00,12.19,12.24,10.16,12.14,0
2017-12-21 10:15:00,12.14,12.22,12.1,12.17,0
2017-12-21 11:15:00,12.17,12.2,12.08,12.11,0
2017-12-21 12:15:00,12.1,12.19,12.06,12.12,0
2017-12-21 13:15:00,12.12,12.2,12.08,12.14,0
2017-12-21 14:15:00,12.14,12.18,12.04,12.13,0
2017-12-21 15:15:00,12.13,12.14,12.03,12.03,0
2017-12-22 09:15:00,12.09,12.13,10.73,11.81,0
2017-12-22 10:15:00,11.8,11.83,11.7,11.79,0
2017-12-22 11:15:00,11.79,11.87,11.76,11.76,0
2017-12-22 12:15:00,11.76,11.83,11.72,11.76,0
2017-12-22 13:15:00,11.76,11.79,11.67,11.73,0
2017-12-22 14:15:00,11.73,11.81,11.52,11.54,0
2017-12-22 15:15:00,11.54,11.63,11.52,11.6,0
2017-12-26 09:15:00,11.59,12.25,10.32,12.12,0
2017-12-26 10:15:00,12.12,12.13,11.93,11.98,0
2017-12-26 11:15:00,11.99,12.11,11.92,12.11,0
2017-12-26 12:15:00,12.11,12.26,12.05,12.17,0
2017-12-26 13:15:00,12.16,12.2,12.07,12.12,0
2017-12-26 14:15:00,12.12,12.12,11.94,12.0,0
2017-12-26 15:15:00,12.0,12.24,11.99,12.18,0
2017-12-27 09:15:00,12.05,12.35,11.51,12.34,0
2017-12-27 10:15:00,12.34,12.36,12.21,12.31,0
2017-12-27 11:15:00,12.3,12.31,12.2,12.27,0
2017-12-27 12:15:00,12.27,12.33,12.21,12.24,0
2017-12-27 13:15:00,12.24,12.35,12.19,12.23,0
2017-12-27 14:15:00,12.24,12.74,12.22,12.43,0
2017-12-27 15:15:00,12.44,12.61,12.43,12.55,0
2017-12-28 09:15:00,12.49,12.69,11.33,12.41,0
2017-12-28 10:15:00,12.41,12.61,12.39,12.44,0
2017-12-28 11:15:00,12.45,12.48,12.22,12.33,0
2017-12-28 12:15:00,12.33,12.47,12.27,12.38,0
2017-12-28 13:15:00,12.38,12.44,12.23,12.38,0
2017-12-28 14:15:00,12.38,12.53,12.19,12.24,0
2017-12-28 15:15:00,12.25,12.38,12.19,12.25,0
2017-12-29 09:15:00,12.3,12.55,11.48,12.45,0
2017-12-29 10:15:00,12.45,12.49,12.3,12.42,0
2017-12-29 11:15:00,12.41,12.54,12.33,12.52,0
2017-12-29 12:15:00,12.52,12.61,12.5,12.59,0
2017-12-29 13:15:00,12.59,12.76,12.58,12.66,0
2017-12-29 14:15:00,12.66,12.71,12.61,12.64,0
2017-12-29 15:15:00,12.63,12.75,12.61,12.72,0
2018-01-01 09:15:00,12.67,13.61,12.55,13.55,0
2018-01-01 10:15:00,13.55,13.61,13.47,13.5,0
2018-01-01 11:15:00,13.5,13.54,13.44,13.49,0
2018-01-01 12:15:00,13.49,13.52,13.46,13.48,0
2018-01-01 13:15:00,13.48,13.52,13.33,13.36,0
2018-01-01 14:15:00,13.36,13.45,13.29,13.33,0
2018-01-01 15:15:00,13.34,13.44,13.26,13.39,0
2018-01-02 09:15:00,13.35,13.84,12.61,13.68,0
2018-01-02 10:15:00,13.68,13.76,13.5,13.66,0
2018-01-02 11:15:00,13.66,13.72,13.64,13.65,0
2018-01-02 12:15:00,13.65,13.72,13.54,13.69,0
2018-01-02 13:15:00,13.69,13.8,13.61,13.75,0
2018-01-02 14:15:00,13.75,13.83,13.6,13.7,0
2018-01-02 15:15:00,13.69,13.74,13.62,13.7,0
2018-01-03 09:15:00,13.69,13.69,12.77,13.39,0
2018-01-03 10:15:00,13.39,13.5,13.36,13.49,0
2018-01-03 11:15:00,13.49,13.59,13.41,13.58,0
2018-01-03 12:15:00,13.58,13.72,13.5,13.63,0
2018-01-03 13:15:00,13.63,13.68,13.48,13.51,0
2018-01-03 14:15:00,13.51,13.71,13.47,13.65,0
2018-01-03 15:15:00,13.65,13.67,13.55,13.56,0
2018-01-04 09:15:00,13.62,13.79,12.18,13.73,0
2018-01-04 10:15:00,13.74,13.77,13.63,13.66,0
2018-01-04 11:15:00,13.66,13.68,13.44,13.46,0
2018-01-04 12:15:00,13.47,13.6,13.44,13.5,0
2018-01-04 13:15:00,13.5,13.57,13.37,13.48,0
2018-01-04 14:15:00,13.48,13.53,13.39,13.44,0
2018-01-04 15:15:00,13.44,13.47,13.29,13.31,0
2018-01-05 09:15:00,13.42,13.42,12.42,13.17,0
2018-01-05 10:15:00,13.17,13.19,13.09,13.14,0
2018-01-05 11:15:00,13.14,13.28,13.11,13.2,0
2018-01-05 12:15:00,13.2,13.26,13.13,13.14,0
2018-01-05 13:15:00,13.14,13.18,13.01,13.09,0
2018-01-05 14:15:00,13.09,13.22,13.06,13.15,0
2018-01-05 15:15:00,13.16,13.17,12.95,12.98,0
2018-01-08 09:15:00,13.11,13.56,11.81,13.51,0
2018-01-08 10:15:00,13.5,13.64,13.45,13.63,0
2018-01-08 11:15:00,13.63,13.76,13.62,13.73,0
2018-01-08 12:15:00,13.73,13.8,13.7,13.76,0
2018-01-08 13:15:00,13.76,13.86,13.73,13.8,0
2018-01-08 14:15:00,13.8,13.81,13.66,13.74,0
2018-01-08 15:15:00,13.73,13.81,13.72,13.81,0
2018-01-09 09:15:00,13.74,14.13,12.25,13.96,0
2018-01-09 10:15:00,13.97,14.04,13.91,13.97,0
2018-01-09 11:15:00,13.97,14.06,13.93,14.01,0
2018-01-09 12:15:00,14.01,14.07,13.96,14.02,0
2018-01-09 13:15:00,14.02,14.13,13.92,13.95,0
2018-01-09 14:15:00,13.95,13.97,13.76,13.86,0
2018-01-09 15:15:00,13.86,13.93,13.82,13.9,0
2018-01-10 09:15:00,13.85,14.12,12.52,14.06,0
2018-01-10 10:15:00,14.06,14.2,14.02,14.12,0
2018-01-10 11:15:00,14.11,14.23,14.11,14.14,0
2018-01-10 12:15:00,14.14,14.16,13.99,14.06,0
2018-01-10 13:15:00,14.06,14.14,14.01,14.06,0
2018-01-10 14:15:00,14.05,14.16,14.0,14.04,0
2018-01-10 15:15:00,14.04,14.09,14.0,14.02,0
2018-01-11 09:15:00,14.04,14.28,12.99,14.12,0
2018-01-11 10:15:00,14.12,14.21,14.09,14.19,0
2018-01-11 11:15:00,14.18,14.22,14.09,14.12,0
2018-01-11 12:15:00,14.12,14.12,13.89,13.96,0
2018-01-11 13:15:00,13.95,14.09,13.92,13.97,0
2018-01-11 14:15:00,13.97,14.07,13.87,14.03,0
2018-01-11 15:15:00,14.03,14.08,13.94,13.97,0
2018-01-12 09:15:00,14.01,14.01,11.92,13.87,0
2018-01-12 10:15:00,13.87,13.94,13.82,13.9,0
2018-01-12 11:15:00,13.9,13.97,13.83,13.95,0
2018-01-12 12:15:00,13.95,14.55,13.95,14.23,0
2018-01-12 13:15:00,14.23,14.27,14.01,14.05,0
2018-01-12 14:15:00,14.06,14.08,13.72,13.73,0
2018-01-12 15:15:00,13.73,13.75,13.65,13.69,0
2018-01-15 09:15:00,13.73,14.19,11.81,14.14,0
2018-01-15 10:15:00,14.14,14.37,14.11,14.27,0
2018-01-15 11:15:00,14.27,14.41,14.25,14.4,0
2018-01-15 12:15:00,14.4,14.48,14.35,14.38,0
2018-01-15 13:15:00,14.38,14.42,14.27,14.32,0
2018-01-15 14:15:00,14.32,14.37,14.2,14.31,0
2018-01-15 15:15:00,14.31,14.36,14.22,14.24,0
2018-01-16 09:15:00,14.31,14.59,12.35,14.26,0
2018-01-16 10:15:00,14.26,14.41,14.03,14.08,0
2018-01-16 11:15:00,14.08,14.12,13.93,13.96,0
2018-01-16 12:15:00,13.96,14.07,13.9,13.99,0
2018-01-16 13:15:00,13.99,14.19,13.93,14.12,0
2018-01-16 14:15:00,14.12,14.17,13.93,14.16,0
2018-01-16 15:15:00,14.16,14.22,13.99,14.03,0
2018-01-17 09:15:00,14.09,14.45,10.35,13.99,0
2018-01-17 10:15:00,13.99,14.02,13.78,13.85,0
2018-01-17 11:15:00,13.85,13.95,13.71,13.73,0
2018-01-17 12:15:00,13.73,13.97,13.7,13.9,0
2018-01-17 13:15:00,13.91,13.95,13.75,13.84,0
2018-01-17 14:15:00,13.84,13.9,13.69,13.87,0
2018-01-17 15:15:00,13.86,13.97,13.83,13.88,0
2018-01-18 09:15:00,13.86,14.05,11.66,13.98,0
2018-01-18 10:15:00,13.98,14.08,13.76,13.85,0
2018-01-18 11:15:00,13.87,13.98,13.81,13.94,0
2018-01-18 12:15:00,13.95,13.98,13.73,13.77,0
2018-01-18 13:15:00,13.78,14.04,13.73,13.92,0
2018-01-18 14:15:00,13.92,14.21,13.84,13.98,0
2018-01-18 15:15:00,13.98,14.07,13.88,14.01,0
2018-01-19 09:15:00,13.96,14.2,10.75,13.76,0
2018-01-19 10:15:00,13.76,14.07,13.57,13.97,0
2018-01-19 11:15:00,13.97,14.1,13.94,14.02,0
2018-01-19 12:15:00,14.02,14.14,13.97,14.11,0
2018-01-19 13:15:00,14.11,14.15,14.0,14.08,0
2018-01-19 14:15:00,14.08,14.1,13.9,14.01,0
2018-01-19 15:15:00,14.0,14.04,13.9,13.99,0
2018-01-22 09:15:00,13.98,15.16,12.07,14.87,0
2018-01-22 10:15:00,14.88,15.08,14.83,15.01,0
2018-01-22 11:15:00,15.01,15.01,14.9,14.93,0
2018-01-22 12:15:00,14.93,15.0,14.86,14.93,0
2018-01-22 13:15:00,14.93,15.24,14.89,15.18,0
2018-01-22 14:15:00,15.19,15.5,15.13,15.4,0
2018-01-22 15:15:00,15.38,15.59,15.32,15.54,0
2018-01-23 09:15:00,15.39,16.17,14.11,15.8,0
2018-01-23 10:15:00,15.81,16.03,15.74,15.93,0
2018-01-23 11:15:00,15.91,15.95,15.64,15.76,0
2018-01-23 12:15:00,15.76,16.04,15.71,15.92,0
2018-01-23 13:15:00,15.92,16.15,15.87,16.12,0
2018-01-23 14:15:00,16.12,16.3,15.99,16.29,0
2018-01-23 15:15:00,16.29,16.3,16.07,16.12,0
2018-01-24 09:15:00,16.23,16.84,14.64,16.63,0
2018-01-24 10:15:00,16.63,17.0,16.58,16.98,0
2018-01-24 11:15:00,16.98,17.1,16.91,17.1,0
2018-01-24 12:15:00,17.1,17.27,17.03,17.1,0
2018-01-24 13:15:00,17.1,18.5,17.09,18.09,0
2018-01-24 14:15:00,18.09,18.2,17.9,17.93,0
2018-01-24 15:15:00,17.93,18.15,17.92,18.06,0
2018-01-25 09:15:00,18.04,18.24,17.22,18.01,0
2018-01-25 10:15:00,18.01,18.02,17.45,17.48,0
2018-01-25 11:15:00,17.48,17.53,17.31,17.37,0
2018-01-25 12:15:00,17.37,17.46,17.3,17.33,0
2018-01-25 13:15:00,17.33,17.4,17.04,17.18,0
2018-01-25 14:15:00,17.17,17.65,17.17,17.62,0
2018-01-25 15:15:00,17.62,17.64,17.42,17.58,0
2018-01-29 09:15:00,17.51,18.49,16.36,18.09,0
2018-01-29 10:15:00,18.09,18.12,17.82,17.84,0
2018-01-29 11:15:00,17.82,17.85,17.69,17.79,0
2018-01-29 12:15:00,17.79,17.8,17.68,17.74,0
2018-01-29 13:15:00,17.75,17.89,17.64,17.82,0
2018-01-29 14:15:00,17.82,18.01,17.8,17.89,0
2018-01-29 15:15:00,17.89,17.95,17.83,17.89,0
2018-01-30 09:15:00,17.89,18.0,16.28,17.59,0
2018-01-30 10:15:00,17.59,17.63,17.45,17.5,0
2018-01-30 11:15:00,17.49,17.63,17.47,17.57,0
2018-01-30 12:15:00,17.56,17.59,17.37,17.43,0
2018-01-30 13:15:00,17.43,17.44,16.81,16.91,0
2018-01-30 14:15:00,16.91,16.98,16.36,16.38,0
2018-01-30 15:15:00,16.38,16.4,16.15,16.27,0
2018-01-31 09:15:00,16.42,16.42,14.29,15.83,0
2018-01-31 10:15:00,15.83,16.22,15.79,16.12,0
2018-01-31 11:15:00,16.11,16.18,15.88,15.93,0
2018-01-31 12:15:00,15.93,16.17,15.86,16.02,0
2018-01-31 13:15:00,16.02,16.11,15.88,15.96,0
2018-01-31 14:15:00,15.96,16.04,15.71,15.95,0
2018-01-31 15:15:00,15.95,16.0,15.9,15.95,0
2018-02-01 09:15:00,15.93,16.1,14.14,15.84,0
2018-02-01 10:15:00,15.84,15.93,15.46,15.56,0
2018-02-01 11:15:00,15.56,16.03,15.48,16.01,0
2018-02-01 12:15:00,16.02,16.77,14.54,14.57,0
2018-02-01 13:15:00,14.57,14.59,13.9,13.99,0
2018-02-01 14:15:00,13.99,14.19,13.92,14.15,0
2018-02-01 15:15:00,14.15,14.15,14.0,14.11,0
2018-02-02 09:15:00,14.11,14.62,11.5,14.29,0
2018-02-02 10:15:00,14.29,15.13,14.28,14.54,0
2018-02-02 11:15:00,14.54,14.83,14.54,14.75,0
2018-02-02 12:15:00,14.74,14.79,14.44,14.59,0
2018-02-02 13:15:00,14.59,14.81,14.56,14.76,0
2018-02-02 14:15:00,14.76,15.23,14.72,15.2,0
2018-02-02 15:15:00,15.2,15.49,15.17,15.49,0
2018-02-05 09:15:00,15.25,18.34,15.08,16.09,0
2018-02-05 10:15:00,16.08,16.28,15.89,15.94,0
2018-02-05 11:15:00,15.94,15.95,15.51,15.82,0
2018-02-05 12:15:00,15.82,15.87,15.56,15.73,0
2018-02-05 13:15:00,15.72,16.22,15.71,16.12,0
2018-02-05 14:15:00,16.12,16.27,15.84,16.07,0
2018-02-05 15:15:00,16.07,16.07,15.8,15.85,0
2018-02-06 09:15:00,16.05,23.12,16.05,23.07,0
2018-02-06 10:15:00,23.08,23.16,20.81,20.89,0
2018-02-06 11:15:00,20.88,21.42,20.76,21.28,0
2018-02-06 12:15:00,21.28,21.28,20.33,20.69,0
2018-02-06 13:15:00,20.69,20.78,19.67,19.97,0
2018-02-06 14:15:00,19.98,20.1,19.18,20.07,0
2018-02-06 15:15:00,20.07,20.57,19.94,20.56,0
2018-02-07 09:15:00,20.02,20.02,16.8,18.79,0
2018-02-07 10:15:00,18.81,19.09,18.6,19.03,0
2018-02-07 11:15:00,19.03,20.0,18.95,19.4,0
2018-02-07 12:15:00,19.4,19.63,19.06,19.55,0
2018-02-07 13:15:00,19.55,19.73,19.39,19.52,0
2018-02-07 14:15:00,19.52,19.62,19.08,19.59,0
2018-02-07 15:15:00,19.59,19.8,19.54,19.79,0
2018-02-08 09:15:00,19.47,24.04,15.26,18.43,0
2018-02-08 10:15:00,18.43,18.44,17.98,18.05,0
2018-02-08 11:15:00,18.05,18.33,17.95,18.04,0
2018-02-08 12:15:00,18.04,18.19,17.99,18.1,0
2018-02-08 13:15:00,18.1,18.1,17.67,17.91,0
2018-02-08 14:15:00,17.92,18.08,17.5,17.77,0
2018-02-08 15:15:00,17.78,17.82,17.69,17.77,0
2018-02-09 09:15:00,17.77,20.42,15.15,19.77,0
2018-02-09 10:15:00,19.77,20.26,19.63,20.04,0
2018-02-09 11:15:00,20.04,20.22,19.53,19.69,0
2018-02-09 12:15:00,19.7,19.77,19.17,19.37,0
2018-02-09 13:15:00,19.38,19.46,19.11,19.28,0
2018-02-09 14:15:00,19.28,19.41,19.0,19.14,0
2018-02-09 15:15:00,19.15,19.31,19.14,19.29,0
2018-02-12 09:15:00,19.23,19.23,16.57,18.8,0
2018-02-12 10:15:00,18.8,18.88,18.44,18.57,0
2018-02-12 11:15:00,18.57,18.61,18.45,18.53,0
2018-02-12 12:15:00,18.53,18.61,18.44,18.47,0
2018-02-12 13:15:00,18.47,18.65,18.25,18.28,0
2018-02-12 14:15:00,18.28,18.32,17.76,17.89,0
2018-02-12 15:15:00,17.89,17.93,17.83,17.86,0
2018-02-14 09:15:00,17.88,17.88,15.52,17.31,0
2018-02-14 10:15:00,17.32,17.39,16.83,16.85,0
2018-02-14 11:15:00,16.85,16.88,16.63,16.71,0
2018-02-14 12:15:00,16.71,16.99,16.67,16.81,0
2018-02-14 13:15:00,16.81,16.87,16.51,16.61,0
2018-02-14 14:15:00,16.61,17.18,16.44,17.17,0
2018-02-14 15:15:00,17.17,17.86,17.05,17.75,0
2018-02-15 09:15:00,17.19,17.19,14.09,16.31,0
2018-02-15 10:15:00,16.3,16.34,16.1,16.24,0
2018-02-15 11:15:00,16.24,16.29,16.04,16.22,0
2018-02-15 12:15:00,16.21,16.27,15.64,16.08,0
2018-02-15 13:15:00,16.08,16.64,16.0,16.28,0
2018-02-15 14:15:00,16.28,16.81,16.22,16.25,0
2018-02-15 15:15:00,16.25,16.29,16.07,16.07,0
2018-02-16 09:15:00,16.32,16.32,12.57,15.56,0
2018-02-16 10:15:00,15.55,16.19,15.47,16.12,0
2018-02-16 11:15:00,16.12,16.84,16.09,16.63,0
2018-02-16 12:15:00,16.64,16.64,16.41,16.46,0
2018-02-16 13:15:00,16.46,16.75,16.06,16.33,0
2018-02-16 14:15:00,16.33,16.97,16.3,16.42,0
2018-02-16 15:15:00,16.42,16.46,16.11,16.42,0
2018-02-19 09:15:00,16.38,18.04,13.96,17.18,0
2018-02-19 10:15:00,17.17,17.45,16.65,17.14,0
2018-02-19 11:15:00,17.15,17.37,16.93,17.24,0
2018-02-19 12:15:00,17.25,17.68,17.18,17.45,0
2018-02-19 13:15:00,17.46,17.59,17.2,17.32,0
2018-02-19 14:15:00,17.32,17.38,16.65,16.69,0
2018-02-19 15:15:00,16.69,16.69,16.4,16.63,0
2018-02-20 09:15:00,16.67,17.54,16.35,16.82,0
2018-02-20 10:15:00,16.81,17.03,16.7,16.88,0
2018-02-20 11:15:00,16.89,16.96,16.44,16.69,0
2018-02-20 12:15:00,16.7,16.77,16.37,16.67,0
2018-02-20 13:15:00,16.67,16.71,16.39,16.43,0
2018-02-20 14:15:00,16.42,17.02,16.33,17.01,0
2018-02-20 15:15:00,17.0,17.08,16.71,16.88,0
2018-02-21 09:15:00,16.87,16.87,15.96,16.68,0
2018-02-21 10:15:00,16.68,16.85,15.9,16.01,0
2018-02-21 11:15:00,16.01,16.53,15.98,16.12,0
2018-02-21 12:15:00,16.12,16.2,15.95,15.99,0
2018-02-21 13:15:00,15.99,16.22,15.94,16.13,0
2018-02-21 14:15:00,16.12,16.23,15.83,15.87,0
2018-02-21 15:15:00,15.89,15.98,15.73,15.97,0
2018-02-22 09:15:00,15.92,16.46,14.64,15.41,0
2018-02-22 10:15:00,15.42,15.43,15.12,15.17,0
2018-02-22 11:15:00,15.17,15.19,14.93,15.16,0
2018-02-22 12:15:00,15.16,15.44,15.11,15.15,0
2018-02-22 13:15:00,15.15,15.16,14.51,14.65,0
2018-02-22 14:15:00,14.66,14.98,14.5,14.94,0
2018-02-22 15:15:00,14.95,15.08,14.81,14.95,0
2018-02-23 09:15:00,14.83,14.83,13.83,14.08,0
2018-02-23 10:15:00,14.08,14.14,13.79,14.02,0
2018-02-23 11:15:00,13.97,14.08,13.54,13.98,0
2018-02-23 12:15:00,13.98,14.15,13.93,13.98,0
2018-02-23 13:15:00,13.98,14.17,13.9,14.1,0
2018-02-23 14:15:00,14.09,14.22,13.88,14.11,0
2018-02-23 15:15:00,14.13,14.79,14.1,14.3,0
2018-02-26 09:15:00,14.2,14.33,13.71,13.75,0
2018-02-26 10:15:00,13.75,13.86,13.67,13.75,0
2018-02-26 11:15:00,13.75,13.86,13.72,13.75,0
2018-02-26 12:15:00,13.76,13.82,13.61,13.63,0
2018-02-26 13:15:00,13.63,13.71,13.53,13.68,0
2018-02-26 14:15:00,13.68,13.78,13.54,13.68,0
2018-02-26 15:15:00,13.69,13.76,13.56,13.6,0
2018-02-27 09:15:00,13.7,14.21,12.45,14.15,0
2018-02-27 10:15:00,14.16,14.42,13.93,14.0,0
2018-02-27 11:15:00,14.0,14.29,13.95,14.25,0
2018-02-27 12:15:00,14.25,14.32,14.08,14.25,0
2018-02-27 13:15:00,14.24,14.29,14.05,14.13,0
2018-02-27 14:15:00,14.13,14.26,13.92,13.94,0
2018-02-27 15:15:00,13.94,13.96,13.71,13.74,0
2018-02-28 09:15:00,13.92,14.4,12.53,14.19,0
2018-02-28 10:15:00,14.19,14.23,13.81,13.97,0
2018-02-28 11:15:00,13.97,14.06,13.92,14.04,0
2018-02-28 12:15:00,14.04,14.17,13.96,14.04,0
2018-02-28 13:15:00,14.05,14.19,13.91,13.95,0
2018-02-28 14:15:00,13.95,13.97,13.61,13.8,0
2018-02-28 15:15:00,13.8,13.88,13.7,13.75,0
2018-03-01 09:15:00,13.81,14.25,12.41,14.11,0
2018-03-01 10:15:00,14.11,14.22,13.87,14.04,0
2018-03-01 11:15:00,14.04,14.2,14.0,14.06,0
2018-03-01 12:15:00,14.07,14.11,13.94,14.01,0
2018-03-01 13:15:00,14.02,14.02,13.77,13.98,0
2018-03-01 14:15:00,13.98,14.13,13.82,14.1,0
2018-03-01 15:15:00,14.11,14.23,14.04,14.23,0
2018-03-05 09:15:00,14.07,15.56,12.23,15.54,0
2018-03-05 10:15:00,15.55,15.71,15.52,15.61,0
2018-03-05 11:15:00,15.62,15.84,15.54,15.58,0
2018-03-05 12:15:00,15.58,15.98,15.56,15.97,0
2018-03-05 13:15:00,15.97,15.99,15.29,15.33,0
2018-03-05 14:15:00,15.33,15.62,15.2,15.39,0
2018-03-05 15:15:00,15.39,15.47,15.26,15.47,0
2018-03-06 09:15:00,15.4,15.4,13.16,14.94,0
2018-03-06 10:15:00,14.94,15.1,14.86,14.99,0
2018-03-06 11:15:00,14.99,15.23,14.89,14.92,0
2018-03-06 12:15:00,14.92,15.13,14.83,14.95,0
2018-03-06 13:15:00,14.95,15.27,14.86,15.26,0
2018-03-06 14:15:00,15.27,16.45,15.19,16.3,0
2018-03-06 15:15:00,16.3,16.41,16.17,16.41,0
2018-03-07 09:15:00,16.25,16.46,13.45,15.97,0
2018-03-07 10:15:00,15.97,16.2,15.8,16.2,0
2018-03-07 11:15:00,16.2,16.33,15.79,15.91,0
2018-03-07 12:15:00,15.91,16.09,15.85,15.95,0
2018-03-07 13:15:00,15.95,16.01,15.7,15.77,0
2018-03-07 14:15:00,15.77,15.87,15.55,15.72,0
2018-03-07 15:15:00,15.72,15.78,15.59,15.72,0
2018-03-08 09:15:00,15.7,15.7,12.49,15.23,0
2018-03-08 10:15:00,15.23,15.52,15.23,15.41,0
2018-03-08 11:15:00,15.41,15.48,15.1,15.2,0
2018-03-08 12:15:00,15.19,15.29,14.99,15.25,0
2018-03-08 13:15:00,15.25,15.36,14.95,15.01,0
2018-03-08 14:15:00,15.01,15.06,14.3,14.8,0
2018-03-08 15:15:00,14.8,14.82,14.51,14.58,0
2018-03-09 09:15:00,14.59,14.66,12.91,14.36,0
2018-03-09 10:15:00,14.35,14.37,14.13,14.29,0
2018-03-09 11:15:00,14.29,14.37,14.15,14.23,0
2018-03-09 12:15:00,14.23,14.32,14.14,14.21,0
2018-03-09 13:15:00,14.21,14.39,14.16,14.37,0
2018-03-09 14:15:00,14.37,14.76,14.13,14.55,0
2018-03-09 15:15:00,14.55,14.57,14.31,14.42,0
2018-03-12 09:15:00,14.53,14.53,12.01,14.36,0
2018-03-12 10:15:00,14.36,14.51,14.29,14.43,0
2018-03-12 11:15:00,14.43,14.59,14.39,14.55,0
2018-03-12 12:15:00,14.55,14.6,14.41,14.52,0
2018-03-12 13:15:00,14.52,14.66,14.48,14.58,0
2018-03-12 14:15:00,14.57,14.65,14.41,14.47,0
2018-03-12 15:15:00,14.48,14.55,14.37,14.51,0
2018-03-13 09:15:00,14.49,14.49,12.39,14.16,0
2018-03-13 10:15:00,14.16,14.27,14.06,14.22,0
2018-03-13 11:15:00,14.22,14.3,14.11,14.18,0
2018-03-13 12:15:00,14.2,14.24,14.02,14.11,0
2018-03-13 13:15:00,14.11,14.4,13.96,14.32,0
2018-03-13 14:15:00,14.34,14.62,14.04,14.55,0
2018-03-13 15:15:00,14.55,14.61,14.46,14.52,0
2018-03-14 09:15:00,14.46,14.95,11.74,14.67,0
2018-03-14 10:15:00,14.67,14.74,14.52,14.69,0
2018-03-14 11:15:00,14.69,14.85,14.65,14.81,0
2018-03-14 12:15:00,14.81,14.87,14.49,14.58,0
2018-03-14 13:15:00,14.58,14.72,14.46,14.71,0
2018-03-14 14:15:00,14.72,14.76,14.27,14.43,0
2018-03-14 15:15:00,14.43,14.43,14.27,14.38,0
2018-03-15 09:15:00,14.36,14.42,11.3,14.31,0
2018-03-15 10:15:00,14.31,14.57,14.3,14.51,0
2018-03-15 11:15:00,14.51,14.66,14.43,14.53,0
2018-03-15 12:15:00,14.53,14.58,14.38,14.42,0
2018-03-15 13:15:00,14.42,14.64,14.31,14.52,0
2018-03-15 14:15:00,14.52,14.61,14.21,14.26,0
2018-03-15 15:15:00,14.29,14.41,14.25,14.26,0
2018-03-16 09:15:00,14.33,14.41,11.63,14.33,0
2018-03-16 10:15:00,14.33,14.49,14.28,14.42,0
2018-03-16 11:15:00,14.42,14.85,14.36,14.83,0
2018-03-16 12:15:00,14.83,15.08,14.81,15.03,0
2018-03-16 13:15:00,14.99,15.12,14.79,15.0,0
2018-03-16 14:15:00,14.96,15.62,14.94,15.16,0
2018-03-16 15:15:00,15.16,15.17,14.94,15.13,0
2018-03-19 09:15:00,15.22,15.88,13.14,15.66,0
2018-03-19 10:15:00,15.66,15.77,15.57,15.62,0
2018-03-19 11:15:00,15.62,15.84,15.48,15.68,0
2018-03-19 12:15:00,15.67,15.9,15.63,15.73,0
2018-03-19 13:15:00,15.74,16.01,15.68,15.91,0
2018-03-19 14:15:00,15.91,15.96,15.63,15.82,0
2018-03-19 15:15:00,15.81,15.91,15.75,15.82,0
2018-03-20 09:15:00,15.82,16.13,15.17,15.67,0
2018-03-20 10:15:00,15.68,15.95,15.56,15.88,0
2018-03-20 11:15:00,15.87,15.88,15.39,15.47,0
2018-03-20 12:15:00,15.48,15.79,15.45,15.58,0
2018-03-20 13:15:00,15.58,15.8,15.5,15.64,0
2018-03-20 14:15:00,15.63,15.89,15.44,15.66,0
2018-03-20 15:15:00,15.64,15.71,15.48,15.51,0
2018-03-21 09:15:00,15.61,15.61,12.39,15.05,0
2018-03-21 10:15:00,15.05,15.08,14.91,14.96,0
2018-03-21 11:15:00,14.95,15.07,14.93,15.01,0
2018-03-21 12:15:00,15.01,15.31,14.95,15.18,0
2018-03-21 13:15:00,15.18,15.32,15.0,15.28,0
2018-03-21 14:15:00,15.28,15.42,15.03,15.08,0
2018-03-21 15:15:00,15.08,15.13,15.02,15.11,0
2018-03-22 09:15:00,15.11,15.11,11.99,14.8,0
2018-03-22 10:15:00,14.8,14.98,14.71,14.87,0
2018-03-22 11:15:00,14.88,15.08,14.86,14.98,0
2018-03-22 12:15:00,14.99,15.1,14.82,15.05,0
2018-03-22 13:15:00,15.05,15.25,14.9,14.96,0
2018-03-22 14:15:00,14.93,15.32,14.83,15.25,0
2018-03-22 15:15:00,15.24,15.36,15.17,15.36,0
2018-03-23 09:15:00,15.25,16.38,15.25,16.12,0
2018-03-23 10:15:00,16.11,16.17,15.96,15.99,0
2018-03-23 11:15:00,15.99,16.15,15.87,15.94,0
2018-03-23 12:15:00,15.94,15.95,15.7,15.76,0
2018-03-23 13:15:00,15.76,15.8,15.59,15.69,0
2018-03-23 14:15:00,15.69,15.78,15.45,15.57,0
2018-03-23 15:15:00,15.58,15.77,15.47,15.71,0
2018-03-26 09:15:00,15.55,16.38,14.86,15.94,0
2018-03-26 10:15:00,15.94,15.98,15.74,15.8,0
2018-03-26 11:15:00,15.8,15.82,15.44,15.55,0
2018-03-26 12:15:00,15.53,15.65,15.31,15.31,0
2018-03-26 13:15:00,15.31,15.51,15.05,15.21,0
2018-03-26 14:15:00,15.21,15.28,15.01,15.2,0
2018-03-26 15:15:00,15.21,15.31,15.04,15.21,0
2018-03-27 09:15:00,15.2,15.2,14.5,15.02,0
2018-03-27 10:15:00,15.02,15.13,14.83,14.94,0
2018-03-27 11:15:00,14.94,15.02,14.74,14.83,0
2018-03-27 12:15:00,14.83,14.9,14.59,14.87,0
2018-03-27 13:15:00,14.87,15.01,14.73,14.9,0
2018-03-27 14:15:00,14.88,16.11,14.83,15.54,0
2018-03-27 15:15:00,15.54,15.54,14.95,15.02,0
2018-03-28 09:15:00,15.55,15.6,14.82,15.29,0
2018-03-28 10:15:00,15.28,15.33,15.12,15.27,0
2018-03-28 11:15:00,15.27,15.29,15.1,15.17,0
2018-03-28 12:15:00,15.18,15.53,15.14,15.53,0
2018-03-28 13:15:00,15.53,15.57,15.3,15.39,0
2018-03-28 14:15:00,15.39,15.97,15.37,15.83,0
2018-03-28 15:15:00,15.83,15.95,15.7,15.83,0
2018-04-02 09:15:00,15.76,16.45,15.55,16.41,0
2018-04-02 10:15:00,16.41,16.42,16.0,16.01,0
2018-04-02 11:15:00,16.01,16.09,15.97,16.0,0
2018-04-02 12:15:00,16.0,16.1,15.85,15.88,0
2018-04-02 13:15:00,15.88,15.94,15.66,15.74,0
2018-04-02 14:15:00,15.74,15.79,15.34,15.39,0
2018-04-02 15:15:00,15.4,15.4,15.2,15.29,0
2018-04-03 09:15:00,15.35,15.74,14.88,15.62,0
2018-04-03 10:15:00,15.62,15.76,15.59,15.67,0
2018-04-03 11:15:00,15.67,15.78,15.46,15.66,0
2018-04-03 12:15:00,15.66,15.73,15.37,15.56,0
2018-04-03 13:15:00,15.56,15.75,15.53,15.56,0
2018-04-03 14:15:00,15.56,15.62,15.1,15.19,0
2018-04-03 15:15:00,15.19,15.28,15.12,15.27,0
2018-04-04 09:15:00,15.19,15.27,13.68,15.14,0
2018-04-04 10:15:00,15.14,15.15,15.0,15.08,0
2018-04-04 11:15:00,15.08,15.34,15.06,15.28,0
2018-04-04 12:15:00,15.29,15.65,15.25,15.6,0
2018-04-04 13:15:00,15.6,16.36,15.52,16.14,0
2018-04-04 14:15:00,16.14,16.49,16.1,16.21,0
2018-04-04 15:15:00,16.21,16.46,16.2,16.44,0
2018-04-05 09:15:00,16.34,16.34,13.86,14.81,0
2018-04-05 10:15:00,14.82,15.06,14.65,15.03,0
2018-04-05 11:15:00,15.03,15.15,14.96,15.03,0
2018-04-05 12:15:00,15.03,15.1,14.93,14.93,0
2018-04-05 13:15:00,14.94,15.04,14.88,14.93,0
2018-04-05 14:15:00,14.93,14.97,14.67,14.81,0
2018-04-05 15:15:00,14.81,14.83,14.69,14.73,0
2018-04-06 09:15:00,14.8,15.15,13.01,14.93,0
2018-04-06 10:15:00,14.93,15.16,14.87,15.13,0
2018-04-06 11:15:00,15.12,15.13,14.92,14.93,0
2018-04-06 12:15:00,14.93,15.05,14.86,14.97,0
2018-04-06 13:15:00,14.97,15.06,14.9,14.99,0
2018-04-06 14:15:00,15.0,15.0,14.63,14.78,0
2018-04-06 15:15:00,14.78,14.88,14.7,14.83,0
2018-04-09 09:15:00,14.75,15.1,14.46,14.95,0
2018-04-09 10:15:00,14.95,15.09,14.92,15.05,0
2018-04-09 11:15:00,15.05,15.09,14.89,14.93,0
2018-04-09 12:15:00,14.94,15.14,14.79,15.02,0
2018-04-09 13:15:00,15.02,15.1,14.89,14.94,0
2018-04-09 14:15:00,14.94,15.01,14.83,14.86,0
2018-04-09 15:15:00,14.86,14.94,14.79,14.81,0
2018-04-10 09:15:00,14.87,14.87,14.01,14.53,0
2018-04-10 10:15:00,14.54,14.86,14.52,14.76,0
2018-04-10 11:15:00,14.75,14.81,14.65,14.72,0
2018-04-10 12:15:00,14.72,14.75,14.58,14.59,0
2018-04-10 13:15:00,14.59,14.72,14.51,14.58,0
2018-04-10 14:15:00,14.57,14.59,14.44,14.5,0
2018-04-10 15:15:00,14.51,14.54,14.4,14.53,0
2018-04-11 09:15:00,14.5,14.91,12.74,14.8,0
2018-04-11 10:15:00,14.8,14.81,14.6,14.65,0
2018-04-11 11:15:00,14.65,14.81,14.56,14.75,0
2018-04-11 12:15:00,14.75,14.79,14.58,14.73,0
2018-04-11 13:15:00,14.73,14.77,14.58,14.71,0
2018-04-11 14:15:00,14.71,14.77,14.51,14.69,0
2018-04-11 15:15:00,14.69,14.88,14.67,14.88,0
2018-04-12 09:15:00,14.72,14.99,11.81,14.7,0
2018-04-12 10:15:00,14.71,14.81,14.56,14.66,0
2018-04-12 11:15:00,14.65,14.72,14.57,14.72,0
2018-04-12 12:15:00,14.72,14.74,14.45,14.47,0
2018-04-12 13:15:00,14.47,14.59,14.31,14.49,0
2018-04-12 14:15:00,14.49,14.82,14.39,14.57,0
2018-04-12 15:15:00,14.57,14.64,14.47,14.52,0
2018-04-13 09:15:00,14.56,14.56,13.45,14.15,0
2018-04-13 10:15:00,14.15,14.37,14.04,14.24,0
2018-04-13 11:15:00,14.24,14.27,13.94,14.07,0
2018-04-13 12:15:00,14.06,14.36,13.94,14.29,0
2018-04-13 13:15:00,14.27,14.42,14.06,14.29,0
2018-04-13 14:15:00,14.29,14.42,14.03,14.04,0
2018-04-13 15:15:00,14.04,14.26,13.96,14.16,0
2018-04-16 09:15:00,14.14,14.7,13.41,14.61,0
2018-04-16 10:15:00,14.62,14.86,14.54,14.77,0
2018-04-16 11:15:00,14.79,14.84,14.62,14.65,0
2018-04-16 12:15:00,14.66,14.76,14.52,14.56,0
2018-04-16 13:15:00,14.56,14.7,14.33,14.4,0
2018-04-16 14:15:00,14.4,14.46,14.17,14.28,0
2018-04-16 15:15:00,14.28,14.35,14.18,14.22,0
2018-04-17 09:15:00,14.26,14.26,13.35,14.08,0
2018-04-17 10:15:00,14.08,14.28,13.94,14.19,0
2018-04-17 11:15:00,14.2,14.35,14.15,14.28,0
2018-04-17 12:15:00,14.3,14.4,14.14,14.18,0
2018-04-17 13:15:00,14.18,14.22,14.01,14.1,0
2018-04-17 14:15:00,14.09,14.13,13.98,14.07,0
2018-04-17 15:15:00,14.07,14.12,13.95,14.05,0
2018-04-18 09:15:00,14.04,14.04,13.17,13.8,0
2018-04-18 10:15:00,13.8,13.88,13.75,13.81,0
2018-04-18 11:15:00,13.82,13.87,13.72,13.76,0
2018-04-18 12:15:00,13.76,14.05,13.71,13.91,0
2018-04-18 13:15:00,13.91,14.19,13.83,14.13,0
2018-04-18 14:15:00,14.13,14.35,13.98,14.01,0
2018-04-18 15:15:00,14.01,14.36,13.94,14.36,0
2018-04-19 09:15:00,14.11,14.11,12.5,13.85,0
2018-04-19 10:15:00,13.85,13.91,13.72,13.81,0
2018-04-19 11:15:00,13.82,13.83,13.65,13.78,0
2018-04-19 12:15:00,13.78,13.83,13.68,13.74,0
2018-04-19 13:15:00,13.75,13.84,13.62,13.76,0
2018-04-19 14:15:00,13.76,13.82,13.71,13.74,0
2018-04-19 15:15:00,13.73,13.77,13.68,13.7,0
2018-04-20 09:15:00,13.75,13.77,9.74,13.58,0
2018-04-20 10:15:00,13.58,13.6,13.33,13.52,0
2018-04-20 11:15:00,13.54,13.66,13.41,13.46,0
2018-04-20 12:15:00,13.47,13.48,13.29,13.43,0
2018-04-20 13:15:00,13.44,13.48,13.12,13.15,0
2018-04-20 14:15:00,13.14,13.18,12.94,12.95,0
2018-04-20 15:15:00,12.94,13.0,12.82,12.87,0
2018-04-23 09:15:00,12.94,13.49,11.53,13.13,0
2018-04-23 10:15:00,13.13,13.35,13.11,13.16,0
2018-04-23 11:15:00,13.18,13.2,12.98,13.01,0
2018-04-23 12:15:00,13.0,13.02,12.87,12.99,0
2018-04-23 13:15:00,12.99,13.0,12.86,12.96,0
2018-04-23 14:15:00,12.96,13.25,12.94,13.1,0
2018-04-23 15:15:00,13.1,13.2,13.06,13.06,0
2018-04-24 09:15:00,13.15,13.39,12.07,12.09,0
2018-04-24 10:15:00,12.09,12.23,11.92,12.06,0
2018-04-24 11:15:00,12.07,12.12,11.92,12.0,0
2018-04-24 12:15:00,12.0,12.22,11.94,12.07,0
2018-04-24 13:15:00,12.07,12.14,11.7,11.96,0
2018-04-24 14:15:00,11.96,12.02,11.49,11.96,0
2018-04-24 15:15:00,11.96,12.04,11.8,11.98,0
2018-04-25 09:15:00,11.9,13.32,11.9,12.78,0
2018-04-25 10:15:00,12.78,12.88,12.4,12.46,0
2018-04-25 11:15:00,12.48,12.69,12.41,12.47,0
2018-04-25 12:15:00,12.48,12.59,12.25,12.31,0
2018-04-25 13:15:00,12.31,12.86,12.23,12.81,0
2018-04-25 14:15:00,12.83,12.97,12.22,12.42,0
2018-04-25 15:15:00,12.41,12.51,12.35,12.51,0
2018-04-26 09:15:00,12.4,13.58,11.99,12.11,0
2018-04-26 10:15:00,12.11,12.43,11.95,12.15,0
2018-04-26 11:15:00,12.15,12.6,11.99,12.12,0
2018-04-26 12:15:00,12.14,12.22,11.8,11.88,0
2018-04-26 13:15:00,11.89,12.18,11.74,12.14,0
2018-04-26 14:15:00,12.14,12.17,11.87,12.1,0
2018-04-26 15:15:00,12.1,12.21,11.99,12.21,0
2018-04-27 09:15:00,12.04,12.63,11.44,12.02,0
2018-04-27 10:15:00,12.02,12.22,11.94,12.05,0
2018-04-27 11:15:00,12.05,12.19,11.97,12.05,0
2018-04-27 12:15:00,12.04,12.09,11.9,11.99,0
2018-04-27 13:15:00,11.99,12.08,11.81,12.08,0
2018-04-27 14:15:00,12.08,12.17,11.94,12.02,0
2018-04-27 15:15:00,12.02,12.05,11.82,11.85,0
2018-04-30 09:15:00,12.02,12.55,12.02,12.29,0
2018-04-30 10:15:00,12.29,12.32,12.07,12.14,0
2018-04-30 11:15:00,12.16,12.28,12.1,12.26,0
2018-04-30 12:15:00,12.26,12.37,12.17,12.35,0
2018-04-30 13:15:00,12.35,12.47,12.29,12.39,0
2018-04-30 14:15:00,12.39,12.52,12.3,12.34,0
2018-04-30 15:15:00,12.35,12.42,12.32,12.39,0
2018-05-02 09:15:00,12.36,12.94,12.36,12.93,0
2018-05-02 10:15:00,12.92,12.97,12.76,12.88,0
2018-05-02 11:15:00,12.88,12.99,12.8,12.81,0
2018-05-02 12:15:00,12.81,12.93,12.76,12.85,0
2018-05-02 13:15:00,12.85,13.04,12.76,12.99,0
2018-05-02 14:15:00,13.02,13.2,12.8,12.81,0
2018-05-02 15:15:00,12.82,12.87,12.71,12.75,0
2018-05-03 09:15:00,12.84,13.21,12.47,13.14,0
2018-05-03 10:15:00,13.15,13.21,13.03,13.15,0
2018-05-03 11:15:00,13.15,13.19,12.93,13.1,0
2018-05-03 12:15:00,13.1,13.16,12.93,12.99,0
2018-05-03 13:15:00,12.99,13.01,12.73,12.83,0
2018-05-03 14:15:00,12.83,13.02,12.74,12.97,0
2018-05-03 15:15:00,12.97,13.08,12.93,13.04,0
2018-05-04 09:15:00,12.99,13.37,10.99,13.24,0
2018-05-04 10:15:00,13.24,13.34,13.2,13.25,0
2018-05-04 11:15:00,13.26,13.41,13.19,13.29,0
2018-05-04 12:15:00,13.29,13.46,13.23,13.45,0
2018-05-04 13:15:00,13.45,13.46,13.15,13.32,0
2018-05-04 14:15:00,13.32,13.37,13.19,13.28,0
2018-05-04 15:15:00,13.28,13.32,13.12,13.12,0
2018-05-07 09:15:00,13.25,13.96,12.83,13.7,0
2018-05-07 10:15:00,13.7,13.71,13.56,13.63,0
2018-05-07 11:15:00,13.63,13.81,13.6,13.68,0
2018-05-07 12:15:00,13.69,13.77,13.55,13.68,0
2018-05-07 13:15:00,13.68,13.72,13.59,13.63,0
2018-05-07 14:15:00,13.63,13.84,13.53,13.77,0
2018-05-07 15:15:00,13.77,13.8,13.63,13.65,0
2018-05-08 09:15:00,13.76,14.12,11.09,13.99,0
2018-05-08 10:15:00,13.99,14.15,13.93,14.11,0
2018-05-08 11:15:00,14.11,14.16,14.06,14.13,0
2018-05-08 12:15:00,14.13,14.41,14.06,14.34,0
2018-05-08 13:15:00,14.34,14.44,14.25,14.33,0
2018-05-08 14:15:00,14.34,14.42,13.96,14.08,0
2018-05-08 15:15:00,14.08,14.12,13.98,14.09,0
2018-05-09 09:15:00,14.06,14.53,12.12,14.38,0
2018-05-09 10:15:00,14.38,14.56,14.29,14.34,0
2018-05-09 11:15:00,14.34,14.44,14.32,14.37,0
2018-05-09 12:15:00,14.37,14.41,14.15,14.24,0
2018-05-09 13:15:00,14.24,14.36,14.16,14.25,0
2018-05-09 14:15:00,14.25,14.41,14.21,14.27,0
2018-05-09 15:15:00,14.27,14.32,14.16,14.19,0
2018-05-10 09:15:00,14.27,14.33,12.56,14.3,0
2018-05-10 10:15:00,14.3,14.65,14.28,14.39,0
2018-05-10 11:15:00,14.39,14.54,14.34,14.45,0
2018-05-10 12:15:00,14.46,14.64,14.43,14.64,0
2018-05-10 13:15:00,14.64,14.64,14.32,14.42,0
2018-05-10 14:15:00,14.42,14.54,14.28,14.44,0
2018-05-10 15:15:00,14.44,14.49,14.35,14.45,0
2018-05-11 09:15:00,14.43,14.82,13.0,14.47,0
2018-05-11 10:15:00,14.48,14.51,14.23,14.25,0
2018-05-11 11:15:00,14.25,14.36,14.2,14.3,0
2018-05-11 12:15:00,14.3,14.32,14.14,14.25,0
2018-05-11 13:15:00,14.25,14.27,14.1,14.15,0
2018-05-11 14:15:00,14.15,14.32,13.93,13.97,0
2018-05-11 15:15:00,13.97,14.1,13.87,14.04,0
2018-05-14 09:15:00,13.98,14.46,12.11,14.04,0
2018-05-14 10:15:00,14.06,14.28,14.0,14.27,0
2018-05-14 11:15:00,14.27,14.41,14.18,14.39,0
2018-05-14 12:15:00,14.39,14.49,14.22,14.44,0
2018-05-14 13:15:00,14.44,14.5,14.23,14.33,0
2018-05-14 14:15:00,14.33,14.41,14.16,14.18,0
2018-05-14 15:15:00,14.18,14.29,14.17,14.24,0
2018-05-15 09:15:00,14.25,14.25,11.49,12.57,0
2018-05-15 10:15:00,12.56,12.92,12.52,12.85,0
2018-05-15 11:15:00,12.85,13.05,12.75,13.03,0
2018-05-15 12:15:00,13.03,13.36,12.7,13.04,0
2018-05-15 13:15:00,13.04,13.28,12.71,13.25,0
2018-05-15 14:15:00,13.25,13.98,13.06,13.13,0
2018-05-15 15:15:00,13.13,13.26,13.11,13.26,0
2018-05-16 09:15:00,13.17,13.43,10.86,13.29,0
2018-05-16 10:15:00,13.31,13.34,13.02,13.13,0
2018-05-16 11:15:00,13.14,13.38,12.92,13.29,0
2018-05-16 12:15:00,13.29,13.47,13.07,13.15,0
2018-05-16 13:15:00,13.15,13.57,13.06,13.51,0
2018-05-16 14:15:00,13.5,13.65,13.35,13.42,0
2018-05-16 15:15:00,13.42,13.56,13.29,13.37,0
2018-05-17 09:15:00,13.44,13.51,11.09,13.3,0
2018-05-17 10:15:00,13.3,13.45,13.14,13.38,0
2018-05-17 11:15:00,13.38,13.54,13.32,13.51,0
2018-05-17 12:15:00,13.51,13.65,13.38,13.47,0
2018-05-17 13:15:00,13.46,13.66,13.46,13.57,0
2018-05-17 14:15:00,13.56,13.62,13.33,13.4,0
2018-05-17 15:15:00,13.4,13.68,13.27,13.36,0
2018-05-18 09:15:00,13.41,14.29,11.61,14.27,0
2018-05-18 10:15:00,14.27,14.31,14.06,14.24,0
2018-05-18 11:15:00,14.24,14.3,13.85,14.13,0
2018-05-18 12:15:00,14.14,14.35,13.93,14.17,0
2018-05-18 13:15:00,14.15,14.34,14.02,14.05,0
2018-05-18 14:15:00,14.05,14.26,13.9,14.13,0
2018-05-18 15:15:00,14.13,14.2,14.0,14.04,0
2018-05-21 09:15:00,14.15,14.45,11.76,14.12,0
2018-05-21 10:15:00,14.11,14.52,14.0,14.28,0
2018-05-21 11:15:00,14.28,14.46,14.19,14.36,0
2018-05-21 12:15:00,14.35,14.49,13.96,14.41,0
2018-05-21 13:15:00,14.41,14.51,14.3,14.46,0
2018-05-21 14:15:00,14.46,14.54,14.35,14.4,0
2018-05-21 15:15:00,14.4,14.47,14.35,14.38,0
2018-05-22 09:15:00,14.41,14.41,11.75,13.75,0
2018-05-22 10:15:00,13.74,13.95,13.72,13.95,0
2018-05-22 11:15:00,13.94,14.01,13.76,13.94,0
2018-05-22 12:15:00,13.93,14.0,13.72,13.8,0
2018-05-22 13:15:00,13.8,13.91,13.7,13.76,0
2018-05-22 14:15:00,13.76,13.85,13.56,13.57,0
2018-05-22 15:15:00,13.57,13.6,13.49,13.57,0
2018-05-23 09:15:00,13.6,14.94,11.88,13.45,0
2018-05-23 10:15:00,13.46,13.55,13.26,13.48,0
2018-05-23 11:15:00,13.48,13.82,13.26,13.4,0
2018-05-23 12:15:00,13.4,13.49,13.36,13.44,0
2018-05-23 13:15:00,13.44,13.8,13.31,13.71,0
2018-05-23 14:15:00,13.71,14.32,13.43,14.32,0
2018-05-23 15:15:00,14.32,14.35,14.07,14.27,0
2018-05-24 09:15:00,14.16,14.22,10.9,13.8,0
2018-05-24 10:15:00,13.79,13.9,13.47,13.57,0
2018-05-24 11:15:00,13.58,13.88,13.43,13.45,0
2018-05-24 12:15:00,13.45,13.59,13.2,13.21,0
2018-05-24 13:15:00,13.22,13.66,13.09,13.49,0
2018-05-24 14:15:00,13.49,13.55,12.91,13.0,0
2018-05-24 15:15:00,13.0,13.24,13.0,13.23,0
2018-05-25 09:15:00,13.15,13.17,11.0,13.04,0
2018-05-25 10:15:00,13.03,13.04,12.81,12.94,0
2018-05-25 11:15:00,12.95,13.07,12.86,12.92,0
2018-05-25 12:15:00,12.92,13.03,12.73,12.8,0
2018-05-25 13:15:00,12.8,12.85,12.48,12.54,0
2018-05-25 14:15:00,12.53,12.75,12.41,12.68,0
2018-05-25 15:15:00,12.69,12.75,12.51,12.56,0
2018-05-28 09:15:00,12.65,12.96,11.35,12.94,0
2018-05-28 10:15:00,12.94,12.96,12.77,12.88,0
2018-05-28 11:15:00,12.88,12.93,12.65,12.69,0
2018-05-28 12:15:00,12.69,12.9,12.64,12.73,0
2018-05-28 13:15:00,12.72,13.0,12.71,12.87,0
2018-05-28 14:15:00,12.87,13.14,12.84,13.12,0
2018-05-28 15:15:00,13.13,13.15,13.02,13.05,0
2018-05-29 09:15:00,13.06,13.4,11.98,13.13,0
2018-05-29 10:15:00,13.13,13.19,12.93,12.99,0
2018-05-29 11:15:00,12.99,13.18,12.89,13.13,0
2018-05-29 12:15:00,13.14,13.15,12.88,13.09,0
2018-05-29 13:15:00,13.09,13.44,12.78,13.4,0
2018-05-29 14:15:00,13.42,13.87,12.98,13.08,0
2018-05-29 15:15:00,13.08,13.25,12.94,13.13,0
2018-05-30 09:15:00,13.07,13.54,12.18,13.29,0
2018-05-30 10:15:00,13.28,13.85,13.23,13.42,0
2018-05-30 11:15:00,13.42,13.43,13.17,13.37,0
2018-05-30 12:15:00,13.37,13.46,12.85,13.05,0
2018-05-30 13:15:00,13.05,13.54,13.01,13.51,0
2018-05-30 14:15:00,13.5,13.57,13.24,13.48,0
2018-05-30 15:15:00,13.47,13.49,13.18,13.26,0
2018-05-31 09:15:00,13.41,13.41,12.13,13.09,0
2018-05-31 10:15:00,13.09,13.15,12.66,12.81,0
2018-05-31 11:15:00,12.81,12.86,12.54,12.66,0
2018-05-31 12:15:00,12.66,12.92,12.65,12.89,0
2018-05-31 13:15:00,12.9,13.09,12.77,13.02,0
2018-05-31 14:15:00,13.02,13.87,12.81,13.15,0
2018-05-31 15:15:00,13.14,14.23,13.0,14.2,0
2018-06-01 09:15:00,13.22,13.98,12.16,13.37,0
2018-06-01 10:15:00,13.37,13.59,13.33,13.43,0
2018-06-01 11:15:00,13.43,14.59,13.33,14.51,0
2018-06-01 12:15:00,14.51,14.52,13.38,13.55,0
2018-06-01 13:15:00,13.55,13.55,13.22,13.42,0
2018-06-01 14:15:00,13.42,13.66,13.33,13.63,0
2018-06-01 15:15:00,13.63,13.67,13.38,13.39,0
2018-06-04 09:15:00,13.57,15.47,12.18,13.67,0
2018-06-04 10:15:00,13.69,13.93,13.61,13.88,0
2018-06-04 11:15:00,13.88,13.92,13.77,13.77,0
2018-06-04 12:15:00,13.78,14.11,13.71,14.01,0
2018-06-04 13:15:00,14.03,14.11,13.87,14.05,0
2018-06-04 14:15:00,14.05,14.67,13.79,13.87,0
2018-06-04 15:15:00,13.87,13.91,13.76,13.8,0
2018-06-05 09:15:00,13.88,14.49,13.32,13.73,0
2018-06-05 10:15:00,13.73,14.42,13.69,14.42,0
2018-06-05 11:15:00,14.42,14.42,13.3,13.5,0
2018-06-05 12:15:00,13.5,13.56,13.32,13.45,0
2018-06-05 13:15:00,13.46,13.71,13.4,13.53,0
2018-06-05 14:15:00,13.53,13.66,13.28,13.37,0
2018-06-05 15:15:00,13.37,13.37,13.13,13.14,0
2018-06-06 09:15:00,13.32,13.32,12.15,12.95,0
2018-06-06 10:15:00,12.95,13.12,12.91,12.99,0
2018-06-06 11:15:00,13.01,13.31,12.82,13.3,0
2018-06-06 12:15:00,13.3,13.44,13.22,13.36,0
2018-06-06 13:15:00,13.34,13.51,13.19,13.35,0
2018-06-06 14:15:00,13.35,13.44,12.39,12.53,0
2018-06-06 15:15:00,12.52,13.26,12.37,12.68,0
2018-06-07 09:15:00,12.55,12.55,11.61,11.94,0
2018-06-07 10:15:00,11.95,12.92,11.85,11.99,0
2018-06-07 11:15:00,11.99,12.75,11.91,12.6,0
2018-06-07 12:15:00,12.61,13.64,12.24,12.64,0
2018-06-07 13:15:00,12.64,13.14,12.62,12.71,0
2018-06-07 14:15:00,12.72,12.98,12.57,12.75,0
2018-06-07 15:15:00,12.75,12.91,12.62,12.75,0
2018-06-08 09:15:00,12.78,12.78,10.8,12.31,0
2018-06-08 10:15:00,12.33,12.49,12.25,12.46,0
2018-06-08 11:15:00,12.47,12.64,12.41,12.64,0
2018-06-08 12:15:00,12.64,12.88,12.6,12.76,0
2018-06-08 13:15:00,12.76,12.84,12.52,12.58,0
2018-06-08 14:15:00,12.59,13.17,12.47,12.72,0
2018-06-08 15:15:00,12.73,12.79,12.59,12.65,0
2018-06-11 09:15:00,12.7,13.82,11.32,13.8,0
2018-06-11 10:15:00,13.8,13.82,12.65,13.11,0
2018-06-11 11:15:00,13.12,13.23,12.83,12.87,0
2018-06-11 12:15:00,12.87,12.92,12.72,12.78,0
2018-06-11 13:15:00,12.78,12.88,12.71,12.8,0
2018-06-11 14:15:00,12.79,13.67,12.79,13.37,0
2018-06-11 15:15:00,13.39,13.42,13.06,13.19,0
2018-06-12 09:15:00,13.18,13.36,10.45,12.76,0
2018-06-12 10:15:00,12.74,13.9,12.71,12.89,0
2018-06-12 11:15:00,12.89,13.4,12.72,12.75,0
2018-06-12 12:15:00,12.74,13.29,12.53,12.59,0
2018-06-12 13:15:00,12.59,12.69,12.51,12.56,0
2018-06-12 14:15:00,12.57,13.07,12.44,12.56,0
2018-06-12 15:15:00,12.56,12.97,12.5,12.84,0
2018-06-13 09:15:00,12.73,12.89,11.22,12.63,0
2018-06-13 10:15:00,12.63,13.03,12.52,12.86,0
2018-06-13 11:15:00,12.86,12.96,12.53,12.57,0
2018-06-13 12:15:00,12.57,12.92,12.53,12.84,0
2018-06-13 13:15:00,12.86,12.94,12.44,12.67,0
2018-06-13 14:15:00,12.68,13.14,12.43,12.64,0
2018-06-13 15:15:00,12.65,12.67,12.52,12.52,0
2018-06-14 09:15:00,12.64,12.64,10.43,12.44,0
2018-06-14 10:15:00,12.43,12.51,12.35,12.47,0
2018-06-14 11:15:00,12.47,12.52,12.32,12.37,0
2018-06-14 12:15:00,12.36,12.41,12.28,12.29,0
2018-06-14 13:15:00,12.28,12.32,12.11,12.21,0
2018-06-14 14:15:00,12.2,12.26,12.02,12.08,0
2018-06-14 15:15:00,12.08,12.32,12.06,12.09,0
2018-06-15 09:15:00,12.1,12.33,10.5,12.16,0
2018-06-15 10:15:00,12.13,12.25,12.06,12.12,0
2018-06-15 11:15:00,12.12,12.31,12.09,12.28,0
2018-06-15 12:15:00,12.28,12.49,12.17,12.4,0
2018-06-15 13:15:00,12.39,12.51,12.27,12.4,0
2018-06-15 14:15:00,12.39,12.42,11.98,12.06,0
2018-06-15 15:15:00,12.07,12.18,11.97,12.01,0
2018-06-18 09:15:00,12.07,12.55,9.83,12.42,0
2018-06-18 10:15:00,12.42,12.48,12.32,12.45,0
2018-06-18 11:15:00,12.45,12.53,12.41,12.44,0
2018-06-18 12:15:00,12.44,12.52,12.4,12.47,0
2018-06-18 13:15:00,12.45,12.53,12.2,12.4,0
2018-06-18 14:15:00,12.4,12.44,12.27,12.37,0
2018-06-18 15:15:00,12.36,12.41,12.31,12.35,0
2018-06-19 09:15:00,12.38,12.66,11.48,12.51,0
2018-06-19 10:15:00,12.52,12.62,12.48,12.54,0
2018-06-19 11:15:00,12.54,12.72,12.49,12.71,0
2018-06-19 12:15:00,12.7,12.92,12.67,12.89,0
2018-06-19 13:15:00,12.89,12.9,12.71,12.86,0
2018-06-19 14:15:00,12.85,12.98,12.74,12.9,0
2018-06-19 15:15:00,12.9,13.0,12.89,12.96,0
2018-06-20 09:15:00,12.92,12.92,10.61,12.71,0
2018-06-20 10:15:00,12.71,12.73,12.36,12.45,0
2018-06-20 11:15:00,12.45,12.5,12.35,12.35,0
2018-06-20 12:15:00,12.35,12.39,12.29,12.35,0
2018-06-20 13:15:00,12.35,12.42,12.27,12.35,0
2018-06-20 14:15:00,12.35,12.38,12.12,12.17,0
2018-06-20 15:15:00,12.17,12.33,12.13,12.27,0
2018-06-21 09:15:00,12.17,12.41,10.91,12.22,0
2018-06-21 10:15:00,12.22,12.32,12.17,12.22,0
2018-06-21 11:15:00,12.22,12.37,12.19,12.32,0
2018-06-21 12:15:00,12.32,12.36,12.14,12.19,0
2018-06-21 13:15:00,12.2,12.31,12.15,12.26,0
2018-06-21 14:15:00,12.26,12.59,12.23,12.43,0
2018-06-21 15:15:00,12.42,12.56,12.39,12.55,0
2018-06-22 09:15:00,12.45,12.54,10.39,12.41,0
2018-06-22 10:15:00,12.42,12.47,12.24,12.38,0
2018-06-22 11:15:00,12.38,12.39,12.12,12.14,0
2018-06-22 12:15:00,12.13,12.18,12.01,12.03,0
2018-06-22 13:15:00,12.03,12.13,11.9,11.94,0
2018-06-22 14:15:00,11.94,12.08,11.78,12.06,0
2018-06-22 15:15:00,12.06,12.17,12.02,12.13,0
2018-06-25 09:15:00,12.02,12.78,9.74,12.72,0
2018-06-25 10:15:00,12.72,12.75,12.51,12.73,0
2018-06-25 11:15:00,12.73,12.73,12.49,12.52,0
2018-06-25 12:15:00,12.51,12.67,12.48,12.55,0
2018-06-25 13:15:00,12.55,12.64,12.42,12.57,0
2018-06-25 14:15:00,12.57,12.71,12.46,12.65,0
2018-06-25 15:15:00,12.65,12.7,12.44,12.5,0
2018-06-26 09:15:00,12.58,12.89,12.33,12.84,0
2018-06-26 10:15:00,12.83,12.88,12.54,12.64,0
2018-06-26 11:15:00,12.64,12.69,12.56,12.62,0
2018-06-26 12:15:00,12.62,12.76,12.53,12.74,0
2018-06-26 13:15:00,12.74,12.97,12.65,12.86,0
2018-06-26 14:15:00,12.86,12.9,12.65,12.82,0
2018-06-26 15:15:00,12.82,12.86,12.72,12.75,0
2018-06-27 09:15:00,12.8,12.94,12.09,12.88,0
2018-06-27 10:15:00,12.87,13.13,12.84,13.0,0
2018-06-27 11:15:00,12.99,13.15,12.97,13.1,0
2018-06-27 12:15:00,13.1,13.32,13.04,13.24,0
2018-06-27 13:15:00,13.22,13.63,13.21,13.61,0
2018-06-27 14:15:00,13.6,13.74,13.13,13.59,0
2018-06-27 15:15:00,13.59,13.81,13.53,13.62,0
2018-06-28 09:15:00,13.51,13.9,12.52,13.21,0
2018-06-28 10:15:00,13.21,13.39,13.05,13.18,0
2018-06-28 11:15:00,13.17,13.51,13.17,13.34,0
2018-06-28 12:15:00,13.34,13.53,13.22,13.5,0
2018-06-28 13:15:00,13.5,13.62,13.37,13.57,0
2018-06-28 14:15:00,13.57,14.05,13.48,13.94,0
2018-06-28 15:15:00,13.94,14.08,13.92,14.03,0
2018-06-29 09:15:00,13.95,13.95,12.63,13.32,0
2018-06-29 10:15:00,13.32,13.44,13.24,13.27,0
2018-06-29 11:15:00,13.27,13.3,13.03,13.09,0
2018-06-29 12:15:00,13.09,13.18,12.98,13.14,0
2018-06-29 13:15:00,13.14,13.17,12.95,13.03,0
2018-06-29 14:15:00,13.03,13.04,12.88,12.93,0
2018-06-29 15:15:00,12.93,12.98,12.89,12.96,0
2018-07-02 09:15:00,12.94,13.58,12.47,13.52,0
2018-07-02 10:15:00,13.52,13.68,13.46,13.68,0
2018-07-02 11:15:00,13.68,13.82,13.65,13.77,0
2018-07-02 12:15:00,13.77,13.94,13.75,13.87,0
2018-07-02 13:15:00,13.87,13.94,13.36,13.42,0
2018-07-02 14:15:00,13.42,13.47,13.26,13.35,0
2018-07-02 15:15:00,13.35,13.47,13.3,13.45,0
2018-07-03 09:15:00,13.37,13.75,12.19,13.46,0
2018-07-03 10:15:00,13.46,13.6,13.18,13.24,0
2018-07-03 11:15:00,13.25,13.28,13.08,13.23,0
2018-07-03 12:15:00,13.23,13.26,13.02,13.1,0
2018-07-03 13:15:00,13.1,13.24,12.98,13.02,0
2018-07-03 14:15:00,13.01,13.07,12.93,13.04,0
2018-07-03 15:15:00,13.04,13.06,12.86,12.89,0
2018-07-04 09:15:00,13.0,13.34,12.64,13.2,0
2018-07-04 10:15:00,13.2,13.23,13.01,13.16,0
2018-07-04 11:15:00,13.16,13.18,12.97,13.06,0
2018-07-04 12:15:00,13.06,13.11,12.98,13.0,0
2018-07-04 13:15:00,13.0,13.01,12.69,12.71,0
2018-07-04 14:15:00,12.71,12.77,12.6,12.67,0
2018-07-04 15:15:00,12.66,12.69,12.58,12.59,0
2018-07-05 09:15:00,12.66,12.72,11.23,12.69,0
2018-07-05 10:15:00,12.69,12.95,12.65,12.93,0
2018-07-05 11:15:00,12.92,12.95,12.69,12.84,0
2018-07-05 12:15:00,12.84,12.91,12.42,12.48,0
2018-07-05 13:15:00,12.48,12.66,12.4,12.45,0
2018-07-05 14:15:00,12.45,12.61,12.37,12.55,0
2018-07-05 15:15:00,12.54,12.66,12.54,12.61,0
2018-07-06 09:15:00,12.58,12.68,11.67,12.56,0
2018-07-06 10:15:00,12.56,12.64,12.32,12.42,0
2018-07-06 11:15:00,12.41,12.57,12.34,12.52,0
2018-07-06 12:15:00,12.52,12.58,12.38,12.47,0
2018-07-06 13:15:00,12.46,12.56,12.38,12.4,0
2018-07-06 14:15:00,12.41,12.48,12.22,12.45,0
2018-07-06 15:15:00,12.46,12.52,12.36,12.52,0
2018-07-09 09:15:00,12.44,12.51,11.22,12.47,0
2018-07-09 10:15:00,12.47,12.58,12.36,12.45,0
2018-07-09 11:15:00,12.45,12.49,12.31,12.33,0
2018-07-09 12:15:00,12.34,12.43,12.28,12.3,0
2018-07-09 13:15:00,12.29,12.39,12.24,12.35,0
2018-07-09 14:15:00,12.35,12.47,12.32,12.42,0
2018-07-09 15:15:00,12.42,12.43,12.32,12.36,0
2018-07-10 09:15:00,12.39,12.39,11.02,12.0,0
2018-07-10 10:15:00,12.0,12.12,11.93,12.07,0
2018-07-10 11:15:00,12.07,12.16,12.01,12.1,0
2018-07-10 12:15:00,12.11,12.34,12.03,12.31,0
2018-07-10 13:15:00,12.3,12.36,12.19,12.28,0
2018-07-10 14:15:00,12.27,12.41,12.23,12.39,0
2018-07-10 15:15:00,12.38,12.52,12.35,12.45,0
2018-07-11 09:15:00,12.4,12.61,10.02,12.5,0
2018-07-11 10:15:00,12.5,12.79,12.47,12.73,0
2018-07-11 11:15:00,12.73,12.8,12.52,12.57,0
2018-07-11 12:15:00,12.57,12.84,12.55,12.65,0
2018-07-11 13:15:00,12.66,12.82,12.65,12.72,0
2018-07-11 14:15:00,12.71,12.86,12.66,12.74,0
2018-07-11 15:15:00,12.73,12.83,12.69,12.79,0
2018-07-12 09:15:00,12.78,12.78,10.65,12.46,0
2018-07-12 10:15:00,12.46,12.54,12.33,12.46,0
2018-07-12 11:15:00,12.46,12.82,12.42,12.81,0
2018-07-12 12:15:00,12.81,12.87,12.64,12.7,0
2018-07-12 13:15:00,12.72,12.78,12.49,12.57,0
2018-07-12 14:15:00,12.57,12.66,12.41,12.48,0
2018-07-12 15:15:00,12.47,12.6,12.4,12.57,0
2018-07-13 09:15:00,12.51,12.51,11.32,12.38,0
2018-07-13 10:15:00,12.39,12.49,12.32,12.4,0
2018-07-13 11:15:00,12.4,12.45,12.24,12.35,0
2018-07-13 12:15:00,12.35,12.37,12.2,12.25,0
2018-07-13 13:15:00,12.26,12.35,12.2,12.25,0
2018-07-13 14:15:00,12.22,12.38,12.1,12.28,0
2018-07-13 15:15:00,12.26,12.41,12.23,12.32,0
2018-07-16 09:15:00,12.3,12.74,11.17,12.69,0
2018-07-16 10:15:00,12.69,12.86,12.64,12.84,0
2018-07-16 11:15:00,12.83,12.87,12.74,12.75,0
2018-07-16 12:15:00,12.76,12.81,12.65,12.72,0
2018-07-16 13:15:00,12.72,12.86,12.65,12.81,0
2018-07-16 14:15:00,12.81,13.05,12.75,12.96,0
2018-07-16 15:15:00,12.96,12.98,12.88,12.95,0
2018-07-17 09:15:00,12.95,12.95,11.24,12.78,0
2018-07-17 10:15:00,12.79,12.89,12.7,12.76,0
2018-07-17 11:15:00,12.77,12.86,12.7,12.81,0
2018-07-17 12:15:00,12.81,12.9,12.78,12.87,0
2018-07-17 13:15:00,12.87,12.89,12.64,12.72,0
2018-07-17 14:15:00,12.71,12.89,12.68,12.83,0
2018-07-17 15:15:00,12.84,12.93,12.77,12.88,0
2018-07-18 09:15:00,12.83,12.87,10.65,12.73,0
2018-07-18 10:15:00,12.73,13.05,12.7,13.01,0
2018-07-18 11:15:00,13.0,13.35,12.92,13.35,0
2018-07-18 12:15:00,13.35,13.9,13.25,13.47,0
2018-07-18 13:15:00,13.48,13.86,13.44,13.68,0
2018-07-18 14:15:00,13.7,13.8,13.59,13.63,0
2018-07-18 15:15:00,13.64,13.71,13.61,13.68,0
2018-07-19 09:15:00,13.68,13.79,10.99,13.47,0
2018-07-19 10:15:00,13.47,13.66,13.36,13.38,0
2018-07-19 11:15:00,13.37,13.64,13.31,13.59,0
2018-07-19 12:15:00,13.59,13.67,13.45,13.59,0
2018-07-19 13:15:00,13.59,13.8,13.52,13.57,0
2018-07-19 14:15:00,13.57,13.73,13.44,13.54,0
2018-07-19 15:15:00,13.54,13.65,13.51,13.55,0
2018-07-20 09:15:00,13.59,13.82,11.32,13.74,0
2018-07-20 10:15:00,13.74,13.9,13.58,13.62,0
2018-07-20 11:15:00,13.62,13.68,13.52,13.63,0
2018-07-20 12:15:00,13.63,13.71,13.49,13.64,0
2018-07-20 13:15:00,13.64,13.76,13.52,13.59,0
2018-07-20 14:15:00,13.58,13.64,13.38,13.56,0
2018-07-20 15:15:00,13.57,13.6,13.41,13.44,0
2018-07-23 09:15:00,13.54,13.62,12.07,13.35,0
2018-07-23 10:15:00,13.36,13.42,13.24,13.29,0
2018-07-23 11:15:00,13.29,13.31,13.1,13.18,0
2018-07-23 12:15:00,13.18,13.29,13.15,13.18,0
2018-07-23 13:15:00,13.18,13.19,12.86,12.89,0
2018-07-23 14:15:00,12.89,13.06,12.82,13.02,0
2018-07-23 15:15:00,13.02,13.08,12.95,12.96,0
2018-07-24 09:15:00,13.01,13.08,12.3,12.5,0
2018-07-24 10:15:00,12.48,12.72,12.35,12.55,0
2018-07-24 11:15:00,12.56,12.64,12.42,12.42,0
2018-07-24 12:15:00,12.42,12.91,12.4,12.56,0
2018-07-24 13:15:00,12.54,12.64,12.15,12.37,0
2018-07-24 14:15:00,12.37,12.59,12.28,12.53,0
2018-07-24 15:15:00,12.54,12.56,12.36,12.41,0
2018-07-25 09:15:00,12.47,13.26,11.22,12.42,0
2018-07-25 10:15:00,12.4,12.58,12.35,12.36,0
2018-07-25 11:15:00,12.36,12.47,12.25,12.26,0
2018-07-25 12:15:00,12.26,12.4,12.19,12.37,0
2018-07-25 13:15:00,12.33,12.37,12.12,12.24,0
2018-07-25 14:15:00,12.24,12.4,12.14,12.18,0
2018-07-25 15:15:00,12.21,12.37,12.09,12.32,0
2018-07-26 09:15:00,12.21,13.05,11.76,12.0,0
2018-07-26 10:15:00,12.0,12.1,11.89,11.92,0
2018-07-26 11:15:00,11.92,12.01,11.77,11.81,0
2018-07-26 12:15:00,11.82,11.91,11.61,11.7,0
2018-07-26 13:15:00,11.7,11.91,11.62,11.86,0
2018-07-26 14:15:00,11.87,12.13,11.76,12.04,0
2018-07-26 15:15:00,12.04,12.15,11.91,12.03,0
2018-07-27 09:15:00,12.03,12.5,11.25,12.05,0
2018-07-27 10:15:00,12.05,12.16,11.98,12.11,0
2018-07-27 11:15:00,12.1,12.14,12.0,12.06,0
2018-07-27 12:15:00,12.06,12.13,11.94,12.07,0
2018-07-27 13:15:00,12.06,12.26,11.94,12.21,0
2018-07-27 14:15:00,12.21,12.34,12.12,12.32,0
2018-07-27 15:15:00,12.33,12.39,12.29,12.32,0
2018-07-30 09:15:00,12.31,13.06,12.31,12.97,0
2018-07-30 10:15:00,12.97,13.0,12.88,12.97,0
2018-07-30 11:15:00,12.97,12.99,12.85,12.91,0
2018-07-30 12:15:00,12.91,12.97,12.81,12.87,0
2018-07-30 13:15:00,12.86,12.9,12.69,12.73,0
2018-07-30 14:15:00,12.72,12.77,12.52,12.61,0
2018-07-30 15:15:00,12.61,12.64,12.46,12.5,0
2018-07-31 09:15:00,12.59,12.8,12.29,12.66,0
2018-07-31 10:15:00,12.66,12.8,12.65,12.76,0
2018-07-31 11:15:00,12.75,12.77,12.67,12.7,0
2018-07-31 12:15:00,12.7,12.76,12.6,12.7,0
2018-07-31 13:15:00,12.7,12.72,12.51,12.59,0
2018-07-31 14:15:00,12.59,12.61,12.45,12.47,0
2018-07-31 15:15:00,12.47,12.52,12.41,12.43,0
2018-08-01 09:15:00,12.48,12.67,12.0,12.63,0
2018-08-01 10:15:00,12.63,12.76,12.58,12.72,0
2018-08-01 11:15:00,12.72,12.77,12.55,12.6,0
2018-08-01 12:15:00,12.59,12.76,12.58,12.73,0
2018-08-01 13:15:00,12.73,12.74,12.61,12.69,0
2018-08-01 14:15:00,12.69,12.74,12.41,12.59,0
2018-08-01 15:15:00,12.59,12.62,12.47,12.5,0
2018-08-02 09:15:00,12.53,12.8,10.89,12.69,0
2018-08-02 10:15:00,12.69,12.76,12.64,12.74,0
2018-08-02 11:15:00,12.74,12.8,12.64,12.7,0
2018-08-02 12:15:00,12.7,12.71,12.61,12.69,0
2018-08-02 13:15:00,12.69,12.73,12.6,12.71,0
2018-08-02 14:15:00,12.71,12.72,12.45,12.53,0
2018-08-02 15:15:00,12.53,12.61,12.51,12.57,0
2018-08-03 09:15:00,12.56,12.56,10.91,12.39,0
2018-08-03 10:15:00,12.4,12.4,12.3,12.31,0
2018-08-03 11:15:00,12.31,12.39,12.25,12.26,0
2018-08-03 12:15:00,12.26,12.34,12.23,12.28,0
2018-08-03 13:15:00,12.28,12.29,12.02,12.07,0
2018-08-03 14:15:00,12.07,12.12,11.97,12.1,0
2018-08-03 15:15:00,12.1,12.14,12.03,12.04,0
2018-08-06 09:15:00,12.08,12.7,11.85,12.66,0
2018-08-06 10:15:00,12.67,12.74,12.54,12.61,0
2018-08-06 11:15:00,12.61,12.63,12.49,12.57,0
2018-08-06 12:15:00,12.57,12.64,12.53,12.6,0
2018-08-06 13:15:00,12.6,12.64,12.47,12.53,0
2018-08-06 14:15:00,12.54,12.65,12.52,12.57,0
2018-08-06 15:15:00,12.57,12.62,12.47,12.48,0
2018-08-07 09:15:00,12.56,12.81,10.58,12.71,0
2018-08-07 10:15:00,12.71,12.82,12.64,12.75,0
2018-08-07 11:15:00,12.75,12.81,12.66,12.68,0
2018-08-07 12:15:00,12.68,12.77,12.59,12.67,0
2018-08-07 13:15:00,12.67,12.73,12.57,12.58,0
2018-08-07 14:15:00,12.58,12.66,12.51,12.61,0
2018-08-07 15:15:00,12.61,12.63,12.53,12.55,0
2018-08-08 09:15:00,12.58,12.78,10.48,12.62,0
2018-08-08 10:15:00,12.62,12.68,12.47,12.54,0
2018-08-08 11:15:00,12.55,12.64,12.5,12.61,0
2018-08-08 12:15:00,12.61,12.67,12.51,12.58,0
2018-08-08 13:15:00,12.58,12.71,12.48,12.6,0
2018-08-08 14:15:00,12.59,12.67,12.49,12.53,0
2018-08-08 15:15:00,12.54,12.58,12.47,12.57,0
2018-08-09 09:15:00,12.54,12.7,10.88,12.6,0
2018-08-09 10:15:00,12.6,12.72,12.52,12.61,0
2018-08-09 11:15:00,12.62,12.68,12.52,12.6,0
2018-08-09 12:15:00,12.61,12.73,12.53,12.57,0
2018-08-09 13:15:00,12.57,12.68,12.55,12.58,0
2018-08-09 14:15:00,12.58,12.76,12.57,12.63,0
2018-08-09 15:15:00,12.63,12.74,12.61,12.7,0
2018-08-10 09:15:00,12.68,12.93,10.06,12.86,0
2018-08-10 10:15:00,12.86,12.99,12.78,12.93,0
2018-08-10 11:15:00,12.93,12.98,12.86,12.92,0
2018-08-10 12:15:00,12.91,12.95,12.78,12.85,0
2018-08-10 13:15:00,12.85,12.91,12.71,12.81,0
2018-08-10 14:15:00,12.8,12.93,12.75,12.9,0
2018-08-10 15:15:00,12.88,12.9,12.76,12.81,0
2018-08-13 09:15:00,12.85,13.47,11.29,13.44,0
2018-08-13 10:15:00,13.43,13.5,13.33,13.41,0
2018-08-13 11:15:00,13.42,13.48,13.12,13.25,0
2018-08-13 12:15:00,13.25,13.43,13.24,13.38,0
2018-08-13 13:15:00,13.38,13.49,13.3,13.44,0
2018-08-13 14:15:00,13.44,13.5,13.34,13.41,0
2018-08-13 15:15:00,13.39,13.43,13.31,13.37,0
2018-08-14 09:15:00,13.4,13.42,10.76,13.18,0
2018-08-14 10:15:00,13.18,13.34,13.11,13.27,0
2018-08-14 11:15:00,13.29,13.29,13.14,13.2,0
2018-08-14 12:15:00,13.2,13.31,13.1,13.21,0
2018-08-14 13:15:00,13.21,13.27,13.11,13.22,0
2018-08-14 14:15:00,13.22,13.37,13.13,13.29,0
2018-08-14 15:15:00,13.3,13.33,13.2,13.2,0
2018-08-16 09:15:00,13.28,13.87,11.47,13.65,0
2018-08-16 10:15:00,13.63,13.72,13.52,13.54,0
2018-08-16 11:15:00,13.53,13.7,13.51,13.63,0
2018-08-16 12:15:00,13.63,13.78,13.56,13.77,0
2018-08-16 13:15:00,13.77,13.8,13.59,13.63,0
2018-08-16 14:15:00,13.63,13.76,13.49,13.7,0
2018-08-16 15:15:00,13.69,13.75,13.45,13.48,0
2018-08-17 09:15:00,13.65,13.65,10.3,13.34,0
2018-08-17 10:15:00,13.34,13.38,13.19,13.21,0
2018-08-17 11:15:00,13.21,13.33,13.17,13.3,0
2018-08-17 12:15:00,13.3,13.46,13.26,13.39,0
2018-08-17 13:15:00,13.38,13.44,13.19,13.23,0
2018-08-17 14:15:00,13.25,13.33,13.14,13.17,0
2018-08-17 15:15:00,13.15,13.18,13.09,13.17,0
2018-08-20 09:15:00,13.16,13.55,11.35,13.48,0
2018-08-20 10:15:00,13.48,13.52,13.33,13.38,0
2018-08-20 11:15:00,13.36,13.39,13.18,13.19,0
2018-08-20 12:15:00,13.19,13.22,13.11,13.17,0
2018-08-20 13:15:00,13.17,13.2,13.1,13.12,0
2018-08-20 14:15:00,13.12,13.22,12.99,13.07,0
2018-08-20 15:15:00,13.07,13.14,12.97,13.14,0
2018-08-21 09:15:00,13.03,13.64,9.93,13.12,0
2018-08-21 10:15:00,13.12,13.14,12.98,13.08,0
2018-08-21 11:15:00,13.07,13.16,13.01,13.06,0
2018-08-21 12:15:00,13.05,13.22,13.04,13.13,0
2018-08-21 13:15:00,13.13,13.18,12.99,13.01,0
2018-08-21 14:15:00,13.01,13.04,12.87,12.95,0
2018-08-21 15:15:00,12.95,12.95,12.8,12.86,0
2018-08-23 09:15:00,12.9,13.12,9.53,13.01,0
2018-08-23 10:15:00,13.01,13.03,12.83,12.97,0
2018-08-23 11:15:00,12.98,13.0,12.83,12.88,0
2018-08-23 12:15:00,12.88,12.95,12.79,12.81,0
2018-08-23 13:15:00,12.81,12.93,12.71,12.73,0
2018-08-23 14:15:00,12.73,12.85,12.65,12.73,0
2018-08-23 15:15:00,12.72,12.83,12.7,12.75,0
2018-08-24 09:15:00,12.76,12.76,9.43,12.57,0
2018-08-24 10:15:00,12.57,12.71,12.54,12.63,0
2018-08-24 11:15:00,12.63,12.74,12.6,12.72,0
2018-08-24 12:15:00,12.71,12.84,12.6,12.61,0
2018-08-24 13:15:00,12.62,12.66,12.44,12.48,0
2018-08-24 14:15:00,12.48,12.56,12.38,12.44,0
2018-08-24 15:15:00,12.44,12.45,12.32,12.32,0
2018-08-27 09:15:00,12.41,12.53,9.52,12.34,0
2018-08-27 10:15:00,12.34,12.41,12.2,12.23,0
2018-08-27 11:15:00,12.23,12.24,12.07,12.15,0
2018-08-27 12:15:00,12.15,12.28,12.14,12.27,0
2018-08-27 13:15:00,12.27,12.38,12.21,12.31,0
2018-08-27 14:15:00,12.31,12.32,12.18,12.23,0
2018-08-27 15:15:00,12.23,12.42,12.16,12.34,0
2018-08-28 09:15:00,12.24,12.6,10.38,12.46,0
2018-08-28 10:15:00,12.46,12.52,12.24,12.29,0
2018-08-28 11:15:00,12.31,12.48,12.27,12.32,0
2018-08-28 12:15:00,12.32,12.42,12.27,12.4,0
2018-08-28 13:15:00,12.4,12.44,12.33,12.41,0
2018-08-28 14:15:00,12.41,12.5,12.36,12.42,0
2018-08-28 15:15:00,12.42,12.52,12.39,12.49,0
2018-08-29 09:15:00,12.43,12.54,10.73,12.53,0
2018-08-29 10:15:00,12.53,12.61,12.43,12.45,0
2018-08-29 11:15:00,12.45,12.67,12.42,12.59,0
2018-08-29 12:15:00,12.59,12.65,12.46,12.63,0
2018-08-29 13:15:00,12.63,12.63,12.46,12.5,0
2018-08-29 14:15:00,12.5,12.56,12.34,12.41,0
2018-08-29 15:15:00,12.42,12.5,12.34,12.43,0
2018-08-30 09:15:00,12.44,12.44,10.62,12.21,0
2018-08-30 10:15:00,12.21,12.32,12.11,12.15,0
2018-08-30 11:15:00,12.15,12.27,12.11,12.18,0
2018-08-30 12:15:00,12.18,12.35,12.14,12.33,0
2018-08-30 13:15:00,12.34,12.39,12.17,12.38,0
2018-08-30 14:15:00,12.38,12.63,12.34,12.41,0
2018-08-30 15:15:00,12.41,12.44,12.3,12.37,0
2018-08-31 09:15:00,12.41,12.68,11.6,12.6,0
2018-08-31 10:15:00,12.6,12.78,12.48,12.74,0
2018-08-31 11:15:00,12.74,12.8,12.61,12.69,0
2018-08-31 12:15:00,12.69,12.8,12.62,12.64,0
2018-08-31 13:15:00,12.64,12.78,12.54,12.59,0
2018-08-31 14:15:00,12.59,12.75,12.48,12.55,0
2018-08-31 15:15:00,12.55,12.71,12.54,12.69,0
2018-09-03 09:15:00,12.6,13.0,11.17,12.82,0
2018-09-03 10:15:00,12.82,13.0,12.72,12.78,0
2018-09-03 11:15:00,12.78,12.99,12.78,12.94,0
2018-09-03 12:15:00,12.94,13.01,12.92,12.98,0
2018-09-03 13:15:00,12.97,13.14,12.95,13.12,0
2018-09-03 14:15:00,13.12,13.36,13.0,13.29,0
2018-09-03 15:15:00,13.3,13.72,13.29,13.71,0
2018-09-04 09:15:00,13.39,13.88,12.2,13.5,0
2018-09-04 10:15:00,13.5,13.57,13.38,13.5,0
2018-09-04 11:15:00,13.48,13.59,13.39,13.48,0
2018-09-04 12:15:00,13.48,13.58,13.34,13.51,0
2018-09-04 13:15:00,13.51,13.75,13.51,13.74,0
2018-09-04 14:15:00,13.73,13.85,13.63,13.79,0
2018-09-04 15:15:00,13.79,13.85,13.7,13.77,0
2018-09-05 09:15:00,13.78,13.89,11.95,13.69,0
2018-09-05 10:15:00,13.68,13.77,13.62,13.76,0
2018-09-05 11:15:00,13.76,13.84,13.67,13.81,0
2018-09-05 12:15:00,13.81,13.96,13.68,13.7,0
2018-09-05 13:15:00,13.7,14.15,13.68,14.03,0
2018-09-05 14:15:00,14.03,14.04,13.56,13.62,0
2018-09-05 15:15:00,13.61,13.71,13.59,13.64,0
2018-09-06 09:15:00,13.65,13.82,12.06,13.55,0
2018-09-06 10:15:00,13.55,13.57,13.44,13.5,0
2018-09-06 11:15:00,13.5,13.82,13.46,13.76,0
2018-09-06 12:15:00,13.76,14.2,13.69,13.99,0
2018-09-06 13:15:00,13.99,14.03,13.57,13.6,0
2018-09-06 14:15:00,13.6,13.78,13.55,13.77,0
2018-09-06 15:15:00,13.77,13.82,13.63,13.79,0
2018-09-07 09:15:00,13.72,14.14,11.09,13.9,0
2018-09-07 10:15:00,13.9,13.92,13.67,13.73,0
2018-09-07 11:15:00,13.73,13.88,13.71,13.8,0
2018-09-07 12:15:00,13.8,13.85,13.63,13.75,0
2018-09-07 13:15:00,13.74,13.82,13.69,13.73,0
2018-09-07 14:15:00,13.73,13.94,13.63,13.92,0
2018-09-07 15:15:00,13.91,14.03,13.88,13.94,0
2018-09-10 09:15:00,13.89,14.69,12.61,14.57,0
2018-09-10 10:15:00,14.58,14.77,14.48,14.76,0
2018-09-10 11:15:00,14.76,15.12,14.7,15.08,0
2018-09-10 12:15:00,15.06,15.3,15.03,15.1,0
2018-09-10 13:15:00,15.1,15.25,14.9,15.07,0
2018-09-10 14:15:00,15.07,15.32,15.02,15.22,0
2018-09-10 15:15:00,15.22,15.31,15.13,15.29,0
2018-09-11 09:15:00,15.2,15.3,13.44,15.1,0
2018-09-11 10:15:00,15.09,15.25,14.94,15.05,0
2018-09-11 11:15:00,15.05,15.21,14.94,15.03,0
2018-09-11 12:15:00,15.03,15.1,14.82,14.96,0
2018-09-11 13:15:00,14.96,15.3,14.88,15.22,0
2018-09-11 14:15:00,15.22,15.45,15.12,15.41,0
2018-09-11 15:15:00,15.41,15.45,15.2,15.23,0
2018-09-12 09:15:00,15.33,15.33,12.98,14.99,0
2018-09-12 10:15:00,14.97,14.97,14.4,14.83,0
2018-09-12 11:15:00,14.82,14.91,14.64,14.75,0
2018-09-12 12:15:00,14.75,14.96,14.4,14.55,0
2018-09-12 13:15:00,14.55,14.63,14.18,14.4,0
2018-09-12 14:15:00,14.39,14.4,14.16,14.23,0
2018-09-12 15:15:00,14.23,14.38,14.21,14.37,0
2018-09-14 09:15:00,14.25,14.25,12.32,13.91,0
2018-09-14 10:15:00,13.91,14.04,13.79,13.96,0
2018-09-14 11:15:00,13.97,14.19,13.92,14.09,0
2018-09-14 12:15:00,14.09,14.1,13.94,14.0,0
2018-09-14 13:15:00,13.98,14.09,13.89,14.0,0
2018-09-14 14:15:00,13.99,14.07,13.82,13.87,0
2018-09-14 15:15:00,13.87,13.89,13.75,13.8,0
2018-09-17 09:15:00,13.84,14.35,11.73,14.26,0
2018-09-17 10:15:00,14.27,14.64,14.25,14.46,0
2018-09-17 11:15:00,14.45,14.58,14.31,14.34,0
2018-09-17 12:15:00,14.33,14.5,14.28,14.43,0
2018-09-17 13:15:00,14.43,14.6,14.29,14.36,0
2018-09-17 14:15:00,14.35,14.62,14.31,14.52,0
2018-09-17 15:15:00,14.53,14.63,14.47,14.61,0
2018-09-18 09:15:00,14.5,14.62,11.87,14.37,0
2018-09-18 10:15:00,14.37,14.48,14.26,14.31,0
2018-09-18 11:15:00,14.31,14.33,14.06,14.26,0
2018-09-18 12:15:00,14.25,14.42,14.11,14.23,0
2018-09-18 13:15:00,14.22,14.37,14.09,14.27,0
2018-09-18 14:15:00,14.26,14.57,14.16,14.41,0
2018-09-18 15:15:00,14.4,14.48,14.25,14.4,0
2018-09-19 09:15:00,14.42,14.42,11.75,14.1,0
2018-09-19 10:15:00,14.1,14.14,13.87,14.03,0
2018-09-19 11:15:00,14.05,14.06,13.86,14.0,0
2018-09-19 12:15:00,14.02,14.44,13.94,14.43,0
2018-09-19 13:15:00,14.43,14.47,14.19,14.28,0
2018-09-19 14:15:00,14.28,14.48,13.97,14.04,0
2018-09-19 15:15:00,14.04,14.08,13.76,13.8,0
2018-09-21 09:15:00,14.01,14.01,10.98,13.76,0
2018-09-21 10:15:00,13.75,13.78,13.59,13.6,0
2018-09-21 11:15:00,13.63,13.76,13.5,13.74,0
2018-09-21 12:15:00,13.73,16.92,13.57,15.87,0
2018-09-21 13:15:00,15.83,16.49,15.15,15.96,0
2018-09-21 14:15:00,15.98,16.62,15.23,15.36,0
2018-09-21 15:15:00,15.37,15.71,15.29,15.38,0
2018-09-24 09:15:00,15.54,16.77,13.8,16.67,0
2018-09-24 10:15:00,16.67,16.71,15.82,16.06,0
2018-09-24 11:15:00,16.09,16.61,16.05,16.55,0
2018-09-24 12:15:00,16.55,16.83,16.29,16.36,0
2018-09-24 13:15:00,16.37,16.83,16.34,16.71,0
2018-09-24 14:15:00,16.71,17.47,16.43,17.45,0
2018-09-24 15:15:00,17.45,17.86,17.41,17.75,0
2018-09-25 09:15:00,17.43,18.31,16.87,17.12,0
2018-09-25 10:15:00,17.12,17.36,16.8,17.08,0
2018-09-25 11:15:00,17.07,17.64,16.96,17.41,0
2018-09-25 12:15:00,17.41,17.59,16.99,17.39,0
2018-09-25 13:15:00,17.39,17.9,16.93,16.95,0
2018-09-25 14:15:00,16.95,17.51,16.67,16.7,0
2018-09-25 15:15:00,16.71,16.77,16.22,16.52,0
2018-09-26 09:15:00,16.68,16.75,15.1,16.6,0
2018-09-26 10:15:00,16.6,17.02,16.55,17.02,0
2018-09-26 11:15:00,17.0,17.23,16.92,17.16,0
2018-09-26 12:15:00,17.16,17.58,16.96,17.48,0
2018-09-26 13:15:00,17.48,17.54,17.16,17.25,0
2018-09-26 14:15:00,17.26,17.5,16.99,17.03,0
2018-09-26 15:15:00,17.02,17.14,16.91,17.12,0
2018-09-27 09:15:00,17.09,17.37,15.6,16.26,0
2018-09-27 10:15:00,16.25,16.46,16.1,16.41,0
2018-09-27 11:15:00,16.4,16.61,16.32,16.41,0
2018-09-27 12:15:00,16.42,16.88,16.36,16.76,0
2018-09-27 13:15:00,16.76,17.01,16.63,16.82,0
2018-09-27 14:15:00,16.82,17.13,16.61,17.02,0
2018-09-27 15:15:00,17.01,17.06,16.64,16.72,0
2018-09-28 09:15:00,16.92,17.69,15.93,17.21,0
2018-09-28 10:15:00,17.23,17.28,16.78,16.79,0
2018-09-28 11:15:00,16.79,16.8,16.19,16.36,0
2018-09-28 12:15:00,16.35,16.75,16.27,16.67,0
2018-09-28 13:15:00,16.67,17.24,16.65,16.94,0
2018-09-28 14:15:00,16.95,17.69,16.82,16.85,0
2018-09-28 15:15:00,16.84,16.92,16.73,16.73,0
2018-10-01 09:15:00,17.0,18.23,16.27,18.09,0
2018-10-01 10:15:00,18.09,18.47,18.05,18.43,0
2018-10-01 11:15:00,18.42,18.86,18.35,18.59,0
2018-10-01 12:15:00,18.57,18.8,18.11,18.34,0
2018-10-01 13:15:00,18.35,18.38,17.83,17.87,0
2018-10-01 14:15:00,17.87,17.89,16.8,16.83,0
2018-10-01 15:15:00,16.83,16.83,16.48,16.62,0
2018-10-03 09:15:00,16.84,18.62,15.58,18.22,0
2018-10-03 10:15:00,18.22,18.65,17.99,17.99,0
2018-10-03 11:15:00,17.99,18.06,17.26,17.33,0
2018-10-03 12:15:00,17.33,17.81,17.26,17.61,0
2018-10-03 13:15:00,17.62,17.68,17.26,17.42,0
2018-10-03 14:15:00,17.43,18.2,17.39,18.14,0
2018-10-03 15:15:00,18.14,18.23,18.06,18.21,0
2018-10-04 09:15:00,18.12,19.46,17.49,18.86,0
2018-10-04 10:15:00,18.86,19.1,18.74,18.92,0
2018-10-04 11:15:00,18.91,19.69,18.86,19.47,0
2018-10-04 12:15:00,19.47,19.51,18.85,19.28,0
2018-10-04 13:15:00,19.28,19.38,18.99,19.16,0
2018-10-04 14:15:00,19.14,19.16,18.36,18.86,0
2018-10-04 15:15:00,18.87,19.59,18.85,19.57,0
2018-10-05 09:15:00,18.92,19.96,18.45,19.93,0
2018-10-05 10:15:00,19.94,20.2,19.67,20.02,0
2018-10-05 11:15:00,20.02,20.13,19.91,20.01,0
2018-10-05 12:15:00,20.01,20.02,19.63,19.81,0
2018-10-05 13:15:00,19.8,19.83,19.42,19.6,0
2018-10-05 14:15:00,19.6,19.87,18.64,19.82,0
2018-10-05 15:15:00,19.82,20.48,19.41,20.38,0
2018-10-08 09:15:00,19.73,21.18,18.48,21.08,0
2018-10-08 10:15:00,21.08,21.26,20.62,20.63,0
2018-10-08 11:15:00,20.62,20.94,20.55,20.8,0
2018-10-08 12:15:00,20.8,21.08,20.56,20.93,0
2018-10-08 13:15:00,20.93,21.68,20.93,21.61,0
2018-10-08 14:15:00,21.61,21.77,19.79,19.97,0
2018-10-08 15:15:00,19.97,20.28,19.88,20.25,0
2018-10-09 09:15:00,20.15,20.36,17.47,19.88,0
2018-10-09 10:15:00,19.88,20.25,19.85,20.04,0
2018-10-09 11:15:00,20.04,20.17,19.72,20.08,0
2018-10-09 12:15:00,20.08,20.21,19.63,20.0,0
2018-10-09 13:15:00,20.0,20.11,19.6,19.78,0
2018-10-09 14:15:00,19.78,19.94,18.83,19.83,0
2018-10-09 15:15:00,19.83,19.88,19.63,19.76,0
2018-10-10 09:15:00,19.76,19.76,18.38,18.8,0
2018-10-10 10:15:00,18.8,18.95,18.36,18.38,0
2018-10-10 11:15:00,18.38,18.57,18.2,18.32,0
2018-10-10 12:15:00,18.32,18.57,18.16,18.45,0
2018-10-10 13:15:00,18.45,18.48,18.01,18.07,0
2018-10-10 14:15:00,18.06,18.12,17.81,17.98,0
2018-10-10 15:15:00,17.99,18.01,17.73,17.99,0
2018-10-11 09:15:00,17.91,20.85,17.63,20.19,0
2018-10-11 10:15:00,20.19,20.21,19.75,20.12,0
2018-10-11 11:15:00,20.12,20.2,19.72,19.78,0
2018-10-11 12:15:00,19.78,19.99,19.37,19.68,0
2018-10-11 13:15:00,19.68,20.03,19.58,19.98,0
2018-10-11 14:15:00,19.97,20.75,19.96,20.63,0
2018-10-11 15:15:00,20.62,20.63,20.25,20.54,0
2018-10-12 09:15:00,20.55,20.55,16.67,19.24,0
2018-10-12 10:15:00,19.24,19.35,19.12,19.25,0
2018-10-12 11:15:00,19.25,19.28,19.08,19.23,0
2018-10-12 12:15:00,19.22,19.22,18.94,18.95,0
2018-10-12 13:15:00,18.95,18.97,18.58,18.62,0
2018-10-12 14:15:00,18.62,18.81,18.47,18.6,0
2018-10-12 15:15:00,18.6,18.9,18.55,18.84,0
2018-10-15 09:15:00,18.63,19.82,15.98,19.06,0
2018-10-15 10:15:00,19.06,19.26,18.91,19.15,0
2018-10-15 11:15:00,19.14,19.2,18.81,18.86,0
2018-10-15 12:15:00,18.86,19.0,18.72,18.87,0
2018-10-15 13:15:00,18.86,18.95,18.57,18.86,0
2018-10-15 14:15:00,18.87,19.1,18.7,18.85,0
2018-10-15 15:15:00,18.85,18.96,18.72,18.83,0
2018-10-16 09:15:00,18.89,18.89,14.28,18.14,0
2018-10-16 10:15:00,18.15,18.19,17.79,17.82,0
2018-10-16 11:15:00,17.82,18.09,17.81,17.87,0
2018-10-16 12:15:00,17.86,17.95,17.62,17.7,0
2018-10-16 13:15:00,17.7,17.73,17.43,17.46,0
2018-10-16 14:15:00,17.45,17.58,17.33,17.38,0
2018-10-16 15:15:00,17.38,17.47,17.26,17.38,0
2018-10-17 09:15:00,17.37,17.37,14.84,16.82,0
2018-10-17 10:15:00,16.8,17.12,16.67,17.03,0
2018-10-17 11:15:00,17.04,17.25,16.78,16.87,0
2018-10-17 12:15:00,16.87,17.17,16.71,17.08,0
2018-10-17 13:15:00,17.1,17.45,16.96,17.31,0
2018-10-17 14:15:00,17.31,18.2,17.26,18.02,0
2018-10-17 15:15:00,18.02,18.14,17.92,17.98,0
2018-10-19 09:15:00,17.98,19.15,17.45,18.49,0
2018-10-19 10:15:00,18.49,19.66,18.44,19.58,0
2018-10-19 11:15:00,19.58,19.58,19.0,19.52,0
2018-10-19 12:15:00,19.54,19.7,19.26,19.38,0
2018-10-19 13:15:00,19.38,20.05,19.32,19.74,0
2018-10-19 14:15:00,19.74,20.03,19.39,19.77,0
2018-10-19 15:15:00,19.77,19.99,19.6,19.91,0
2018-10-22 09:15:00,19.79,20.91,17.08,20.54,0
2018-10-22 10:15:00,20.54,20.76,20.26,20.37,0
2018-10-22 11:15:00,20.38,20.61,19.82,19.86,0
2018-10-22 12:15:00,19.86,20.34,19.72,20.18,0
2018-10-22 13:15:00,20.18,20.64,20.14,20.54,0
2018-10-22 14:15:00,20.54,21.67,20.32,21.54,0
2018-10-22 15:15:00,21.54,21.64,21.3,21.36,0
2018-10-23 09:15:00,21.36,22.35,20.12,20.25,0
2018-10-23 10:15:00,20.24,20.32,19.69,19.83,0
2018-10-23 11:15:00,19.82,20.16,19.73,20.01,0
2018-10-23 12:15:00,20.01,20.23,19.72,19.89,0
2018-10-23 13:15:00,19.9,20.23,19.76,20.05,0
2018-10-23 14:15:00,20.09,20.42,18.9,18.93,0
2018-10-23 15:15:00,18.96,19.25,18.76,19.2,0
2018-10-24 09:15:00,19.04,19.81,17.9,18.58,0
2018-10-24 10:15:00,18.56,18.75,18.12,18.56,0
2018-10-24 11:15:00,18.54,18.78,18.21,18.51,0
2018-10-24 12:15:00,18.5,18.88,17.73,18.63,0
2018-10-24 13:15:00,18.61,18.75,17.71,18.52,0
2018-10-24 14:15:00,18.52,19.54,18.12,18.9,0
2018-10-24 15:15:00,18.9,19.05,17.85,18.53,0
2018-10-25 09:15:00,18.88,20.33,18.88,19.61,0
2018-10-25 10:15:00,19.61,20.09,19.03,20.06,0
2018-10-25 11:15:00,20.05,20.1,19.59,19.8,0
2018-10-25 12:15:00,19.79,20.06,18.88,19.66,0
2018-10-25 13:15:00,19.66,20.08,18.52,19.02,0
2018-10-25 14:15:00,19.04,19.52,18.5,19.11,0
2018-10-25 15:15:00,19.13,19.42,18.69,19.28,0
2018-10-26 09:15:00,18.96,21.04,18.96,19.93,0
2018-10-26 10:15:00,19.93,19.93,19.13,19.19,0
2018-10-26 11:15:00,19.2,19.45,18.91,19.01,0
2018-10-26 12:15:00,18.99,19.55,18.85,19.4,0
2018-10-26 13:15:00,19.4,19.58,18.9,19.53,0
2018-10-26 14:15:00,19.51,19.57,18.66,19.15,0
2018-10-26 15:15:00,19.15,19.68,19.1,19.57,0
2018-10-29 09:15:00,19.23,20.81,19.23,20.29,0
2018-10-29 10:15:00,20.29,20.45,20.08,20.14,0
2018-10-29 11:15:00,20.14,20.27,19.97,20.04,0
2018-10-29 12:15:00,20.04,20.26,19.72,20.13,0
2018-10-29 13:15:00,20.13,20.45,20.04,20.34,0
2018-10-29 14:15:00,20.34,20.49,19.77,19.82,0
2018-10-29 15:15:00,19.81,19.88,19.68,19.71,0
2018-10-30 09:15:00,19.83,20.18,19.67,19.7,0
2018-10-30 10:15:00,19.69,19.92,19.55,19.9,0
2018-10-30 11:15:00,19.91,20.32,19.86,20.29,0
2018-10-30 12:15:00,20.29,20.47,19.96,20.07,0
2018-10-30 13:15:00,20.09,20.29,19.94,20.17,0
2018-10-30 14:15:00,20.17,20.77,20.13,20.47,0
2018-10-30 15:15:00,20.46,20.61,20.4,20.48,0
2018-10-31 09:15:00,20.5,22.65,19.91,22.38,0
2018-10-31 10:15:00,22.38,22.82,21.86,21.93,0
2018-10-31 11:15:00,21.93,22.02,21.2,21.26,0
2018-10-31 12:15:00,21.26,21.53,21.13,21.21,0
2018-10-31 13:15:00,21.21,21.22,19.99,20.23,0
2018-10-31 14:15:00,20.24,20.28,19.58,19.82,0
2018-10-31 15:15:00,19.82,19.94,19.81,19.92,0
2018-11-01 09:15:00,19.8,19.8,18.9,19.43,0
2018-11-01 10:15:00,19.42,19.71,19.09,19.6,0
2018-11-01 11:15:00,19.6,20.13,19.48,19.66,0
2018-11-01 12:15:00,19.66,19.85,19.09,19.23,0
2018-11-01 13:15:00,19.22,19.7,19.13,19.55,0
2018-11-01 14:15:00,19.55,19.67,18.97,19.27,0
2018-11-01 15:15:00,19.27,19.28,18.9,19.23,0
2018-11-02 09:15:00,19.19,19.19,17.49,17.73,0
2018-11-02 10:15:00,17.72,18.02,17.56,17.9,0
2018-11-02 11:15:00,17.88,18.28,17.83,18.22,0
2018-11-02 12:15:00,18.22,18.31,18.03,18.14,0
2018-11-02 13:15:00,18.14,18.32,18.04,18.26,0
2018-11-02 14:15:00,18.26,18.44,18.05,18.19,0
2018-11-02 15:15:00,18.18,18.47,18.17,18.39,0
2018-11-05 09:15:00,18.23,19.35,17.74,19.34,0
2018-11-05 10:15:00,19.35,19.79,19.22,19.77,0
2018-11-05 11:15:00,19.77,19.82,19.52,19.53,0
2018-11-05 12:15:00,19.53,19.69,19.48,19.55,0
2018-11-05 13:15:00,19.55,19.77,19.42,19.71,0
2018-11-05 14:15:00,19.71,19.78,19.13,19.59,0
2018-11-05 15:15:00,19.58,19.58,19.21,19.27,0
2018-11-06 09:15:00,19.48,19.48,16.18,18.28,0
2018-11-06 10:15:00,18.28,19.21,18.19,19.02,0
2018-11-06 11:15:00,19.03,19.06,18.45,18.53,0
2018-11-06 12:15:00,18.53,18.58,18.22,18.33,0
2018-11-06 13:15:00,18.33,18.82,18.18,18.73,0
2018-11-06 14:15:00,18.73,19.0,18.26,18.42,0
2018-11-06 15:15:00,18.42,18.45,18.23,18.39,0
2018-11-07 17:30:00,18.51,18.51,16.81,17.72,0
2018-11-09 09:15:00,17.88,18.76,16.76,18.4,0
2018-11-09 10:15:00,18.41,18.58,18.15,18.23,0
2018-11-09 11:15:00,18.23,18.58,18.1,18.16,0
2018-11-09 12:15:00,18.16,18.45,18.1,18.21,0
2018-11-09 13:15:00,18.21,18.31,18.04,18.05,0
2018-11-09 14:15:00,18.05,18.09,17.71,17.77,0
2018-11-09 15:15:00,17.77,17.8,17.7,17.76,0
2018-11-12 09:15:00,17.77,18.63,16.48,18.63,0
2018-11-12 10:15:00,18.63,18.94,18.57,18.58,0
2018-11-12 11:15:00,18.56,18.81,18.42,18.73,0
2018-11-12 12:15:00,18.74,18.93,18.61,18.76,0
2018-11-12 13:15:00,18.77,19.39,18.71,19.23,0
2018-11-12 14:15:00,19.23,19.4,19.1,19.33,0
2018-11-12 15:15:00,19.33,19.46,19.16,19.3,0
2018-11-13 09:15:00,19.37,19.55,17.12,19.48,0
2018-11-13 10:15:00,19.48,19.69,19.38,19.56,0
2018-11-13 11:15:00,19.57,19.62,19.31,19.34,0
2018-11-13 12:15:00,19.34,19.4,19.1,19.16,0
2018-11-13 13:15:00,19.16,19.23,18.59,18.81,0
2018-11-13 14:15:00,18.81,18.88,18.54,18.54,0
2018-11-13 15:15:00,18.54,18.81,18.5,18.54,0
2018-11-14 09:15:00,18.7,19.51,14.77,19.22,0
2018-11-14 10:15:00,19.22,19.34,18.73,18.91,0
2018-11-14 11:15:00,18.91,19.0,18.76,18.87,0
2018-11-14 12:15:00,18.87,19.07,18.76,18.89,0
2018-11-14 13:15:00,18.89,19.12,18.83,18.93,0
2018-11-14 14:15:00,18.93,19.11,18.68,18.75,0
2018-11-14 15:15:00,18.75,18.93,18.75,18.8,0
2018-11-15 09:15:00,18.83,18.86,15.5,18.7,0
2018-11-15 10:15:00,18.7,18.91,18.55,18.82,0
2018-11-15 11:15:00,18.82,18.88,18.63,18.7,0
2018-11-15 12:15:00,18.7,18.74,18.32,18.39,0
2018-11-15 13:15:00,18.39,18.49,18.27,18.41,0
2018-11-15 14:15:00,18.41,18.48,18.08,18.45,0
2018-11-15 15:15:00,18.45,18.92,18.44,18.55,0
2018-11-16 09:15:00,18.46,18.46,16.9,18.25,0
2018-11-16 10:15:00,18.25,18.47,18.15,18.35,0
2018-11-16 11:15:00,18.35,18.7,18.26,18.59,0
2018-11-16 12:15:00,18.58,18.72,18.19,18.55,0
2018-11-16 13:15:00,18.55,18.78,18.47,18.62,0
2018-11-16 14:15:00,18.63,18.71,18.27,18.28,0
2018-11-16 15:15:00,18.28,18.87,18.22,18.83,0
2018-11-19 09:15:00,18.35,19.36,13.52,19.16,0
2018-11-19 10:15:00,19.17,19.22,19.08,19.2,0
2018-11-19 11:15:00,19.2,19.36,19.18,19.33,0
2018-11-19 12:15:00,19.33,19.41,19.28,19.39,0
2018-11-19 13:15:00,19.39,19.59,19.37,19.5,0
2018-11-19 14:15:00,19.5,19.65,19.29,19.31,0
2018-11-19 15:15:00,19.28,19.33,18.96,19.01,0
2018-11-20 09:15:00,19.26,19.65,18.25,18.75,0
2018-11-20 10:15:00,18.75,19.26,18.69,19.24,0
2018-11-20 11:15:00,19.25,19.32,18.99,19.05,0
2018-11-20 12:15:00,19.05,19.17,18.87,19.1,0
2018-11-20 13:15:00,19.09,19.2,18.95,19.05,0
2018-11-20 14:15:00,19.05,19.43,19.02,19.33,0
2018-11-20 15:15:00,19.34,19.45,19.24,19.25,0
2018-11-21 09:15:00,19.33,19.55,15.54,19.44,0
2018-11-21 10:15:00,19.44,20.01,19.42,19.95,0
2018-11-21 11:15:00,19.95,20.1,19.68,19.76,0
2018-11-21 12:15:00,19.76,19.79,19.49,19.59,0
2018-11-21 13:15:00,19.59,19.73,19.19,19.2,0
2018-11-21 14:15:00,19.19,19.66,19.15,19.65,0
2018-11-21 15:15:00,19.64,19.78,19.4,19.42,0
2018-11-22 09:15:00,19.56,19.56,17.09,19.08,0
2018-11-22 10:15:00,19.08,19.26,18.87,19.09,0
2018-11-22 11:15:00,19.09,19.24,19.01,19.11,0
2018-11-22 12:15:00,19.11,19.96,18.91,19.85,0
2018-11-22 13:15:00,19.85,20.0,19.65,19.78,0
2018-11-22 14:15:00,19.78,19.86,19.0,19.18,0
2018-11-22 15:15:00,19.19,19.56,18.74,19.07,0
2018-11-26 09:15:00,19.16,19.83,15.02,19.57,0
2018-11-26 10:15:00,19.57,19.86,19.49,19.6,0
2018-11-26 11:15:00,19.6,19.75,19.47,19.56,0
2018-11-26 12:15:00,19.56,19.65,19.27,19.42,0
2018-11-26 13:15:00,19.42,20.47,19.3,19.94,0
2018-11-26 14:15:00,19.94,20.53,19.89,20.34,0
2018-11-26 15:15:00,20.35,20.52,19.61,19.61,0
2018-11-27 09:15:00,20.4,20.4,16.61,18.93,0
2018-11-27 10:15:00,18.93,19.07,18.61,18.91,0
2018-11-27 11:15:00,18.9,19.1,18.65,18.73,0
2018-11-27 12:15:00,18.73,20.13,18.44,18.68,0
2018-11-27 13:15:00,18.68,18.69,18.28,18.44,0
2018-11-27 14:15:00,18.43,18.61,18.18,18.35,0
2018-11-27 15:15:00,18.34,18.38,18.16,18.17,0
2018-11-28 09:15:00,18.32,18.32,16.67,18.2,0
2018-11-28 10:15:00,18.2,18.29,17.83,17.91,0
2018-11-28 11:15:00,17.91,18.24,17.87,18.08,0
2018-11-28 12:15:00,18.08,19.29,17.84,18.66,0
2018-11-28 13:15:00,18.65,19.36,18.41,18.89,0
2018-11-28 14:15:00,18.9,18.92,17.63,17.91,0
2018-11-28 15:15:00,17.91,18.14,17.86,18.03,0
2018-11-29 09:15:00,17.96,17.96,14.93,17.4,0
2018-11-29 10:15:00,17.39,17.47,16.83,17.4,0
2018-11-29 11:15:00,17.41,17.71,17.18,17.42,0
2018-11-29 12:15:00,17.42,17.51,17.27,17.42,0
2018-11-29 13:15:00,17.41,18.49,17.31,18.47,0
2018-11-29 14:15:00,18.47,18.75,18.47,18.59,0
2018-11-29 15:15:00,18.59,18.85,18.59,18.72,0
2018-11-30 09:15:00,18.7,19.22,16.81,17.57,0
2018-11-30 10:15:00,17.57,18.71,17.51,17.74,0
2018-11-30 11:15:00,17.74,19.27,17.59,18.13,0
2018-11-30 12:15:00,18.13,19.92,18.08,19.68,0
2018-11-30 13:15:00,19.68,19.82,19.6,19.66,0
2018-11-30 14:15:00,19.65,19.89,18.55,19.19,0
2018-11-30 15:15:00,19.19,19.25,19.03,19.04,0
2018-12-03 09:15:00,19.16,19.16,16.31,18.22,0
2018-12-03 10:15:00,18.22,18.49,18.02,18.21,0
2018-12-03 11:15:00,18.21,19.4,18.15,19.38,0
2018-12-03 12:15:00,19.39,19.42,18.61,18.66,0
2018-12-03 13:15:00,18.66,18.67,18.15,18.23,0
2018-12-03 14:15:00,18.24,19.61,18.15,18.18,0
2018-12-03 15:15:00,18.18,18.22,18.11,18.11,0
2018-12-04 09:15:00,18.22,19.62,16.91,18.41,0
2018-12-04 10:15:00,18.41,18.53,18.35,18.49,0
2018-12-04 11:15:00,18.49,18.55,18.28,18.29,0
2018-12-04 12:15:00,18.29,18.33,18.22,18.27,0
2018-12-04 13:15:00,18.27,18.36,17.91,18.07,0
2018-12-04 14:15:00,18.07,18.65,17.83,18.33,0
2018-12-04 15:15:00,18.33,18.34,17.69,17.89,0
2018-12-05 09:15:00,18.11,18.83,16.62,17.73,0
2018-12-05 10:15:00,17.73,17.91,17.64,17.88,0
2018-12-05 11:15:00,17.88,18.5,17.71,18.42,0
2018-12-05 12:15:00,18.42,18.44,17.67,17.72,0
2018-12-05 13:15:00,17.72,17.84,17.68,17.74,0
2018-12-05 14:15:00,17.74,18.68,17.55,18.41,0
2018-12-05 15:15:00,18.41,18.45,17.59,18.29,0
2018-12-06 09:15:00,18.39,19.46,15.91,19.23,0
2018-12-06 10:15:00,19.24,19.43,19.12,19.4,0
2018-12-06 11:15:00,19.4,19.44,19.16,19.3,0
2018-12-06 12:15:00,19.3,19.35,18.66,18.75,0
2018-12-06 13:15:00,18.75,19.22,17.95,19.11,0
2018-12-06 14:15:00,19.11,19.55,19.0,19.47,0
2018-12-06 15:15:00,19.48,19.54,19.35,19.42,0
2018-12-07 09:15:00,19.31,19.63,15.98,18.07,0
2018-12-07 10:15:00,18.07,19.07,18.01,19.07,0
2018-12-07 11:15:00,19.06,19.17,18.95,19.11,0
2018-12-07 12:15:00,19.11,19.43,18.93,19.28,0
2018-12-07 13:15:00,19.28,19.35,18.47,18.97,0
2018-12-07 14:15:00,18.97,19.14,18.37,18.49,0
2018-12-07 15:15:00,18.48,18.72,18.44,18.65,0
2018-12-10 09:15:00,18.6,20.4,16.89,20.05,0
2018-12-10 10:15:00,20.05,20.1,19.26,19.5,0
2018-12-10 11:15:00,19.5,19.5,19.23,19.3,0
2018-12-10 12:15:00,19.32,20.05,19.3,19.9,0
2018-12-10 13:15:00,19.9,20.3,19.78,20.21,0
2018-12-10 14:15:00,20.2,20.65,20.11,20.4,0
2018-12-10 15:15:00,20.4,20.65,20.28,20.6,0
2018-12-11 09:15:00,20.45,20.45,18.13,18.7,0
2018-12-11 10:15:00,18.65,18.9,17.9,17.95,0
2018-12-11 11:15:00,17.95,18.05,17.2,17.8,0
2018-12-11 12:15:00,17.8,18.2,17.33,17.7,0
2018-12-11 13:15:00,17.7,18.3,17.56,18.0,0
2018-12-11 14:15:00,18.0,18.1,17.74,17.9,0
2018-12-11 15:15:00,17.9,18.1,17.78,18.1,0
2018-12-12 09:15:00,17.95,17.95,15.42,16.3,0
2018-12-12 10:15:00,16.3,16.4,15.98,16.25,0
2018-12-12 11:15:00,16.25,16.55,16.15,16.55,0
2018-12-12 12:15:00,16.55,16.7,16.34,16.4,0
2018-12-12 13:15:00,16.35,16.45,16.03,16.3,0
2018-12-12 14:15:00,16.3,16.45,15.61,15.65,0
2018-12-12 15:15:00,15.66,16.15,15.45,16.1,0
2018-12-13 09:15:00,15.8,15.8,11.91,15.4,0
2018-12-13 10:15:00,15.4,15.45,15.29,15.35,0
2018-12-13 11:15:00,15.35,15.4,15.25,15.3,0
2018-12-13 12:15:00,15.3,15.55,15.17,15.55,0
2018-12-13 13:15:00,15.55,15.7,15.08,15.7,0
2018-12-13 14:15:00,15.7,15.9,15.25,15.55,0
2018-12-13 15:15:00,15.55,15.65,15.25,15.3,0
2018-12-14 09:15:00,15.55,15.6,12.67,15.4,0
2018-12-14 10:15:00,15.4,15.5,15.32,15.35,0
2018-12-14 11:15:00,15.35,15.4,15.19,15.25,0
2018-12-14 12:15:00,15.25,15.3,15.08,15.25,0
2018-12-14 13:15:00,15.25,15.35,15.16,15.3,0
2018-12-14 14:15:00,15.3,15.4,15.08,15.2,0
2018-12-14 15:15:00,15.2,15.2,15.02,15.05,0
2018-12-17 09:15:00,15.16,15.4,13.87,15.15,0
2018-12-17 10:15:00,15.15,15.15,14.68,14.75,0
2018-12-17 11:15:00,14.7,15.0,14.71,14.75,0
2018-12-17 12:15:00,14.75,15.9,14.67,14.75,0
2018-12-17 13:15:00,14.75,14.85,14.59,14.65,0
2018-12-17 14:15:00,14.65,14.85,14.38,14.6,0
2018-12-17 15:15:00,14.6,14.65,14.48,14.5,0
2018-12-18 09:15:00,14.54,14.55,11.98,14.45,0
2018-12-18 10:15:00,14.45,14.85,14.41,14.45,0
2018-12-18 11:15:00,14.45,14.55,14.34,14.55,0
2018-12-18 12:15:00,14.55,14.8,14.5,14.65,0
2018-12-18 13:15:00,14.7,14.85,14.56,14.8,0
2018-12-18 14:15:00,14.8,15.05,14.4,14.5,0
2018-12-18 15:15:00,14.5,15.3,14.47,14.6,0
2018-12-19 09:15:00,14.58,14.55,11.87,14.4,0
2018-12-19 10:15:00,14.4,14.6,14.36,14.6,0
2018-12-19 11:15:00,14.55,14.7,14.49,14.55,0
2018-12-19 12:15:00,14.55,14.65,14.48,14.5,0
2018-12-19 13:15:00,14.5,14.6,14.32,14.54,0
2018-12-19 14:15:00,14.55,14.85,14.48,14.65,0
2018-12-19 15:15:00,14.65,14.8,14.52,14.75,0
2018-12-20 09:15:00,14.66,14.75,13.72,14.45,0
2018-12-20 10:15:00,14.45,14.9,14.47,14.7,0
2018-12-20 11:15:00,14.75,14.75,14.61,14.65,0
2018-12-20 12:15:00,14.65,14.7,14.43,14.6,0
2018-12-20 13:15:00,14.6,14.75,14.42,14.45,0
2018-12-20 14:15:00,14.45,14.55,14.19,14.2,0
2018-12-20 15:15:00,14.2,14.35,14.15,14.25,0
2018-12-21 09:15:00,14.33,15.05,12.94,14.95,0
2018-12-21 10:15:00,14.95,15.8,14.94,15.45,0
2018-12-21 11:15:00,15.45,15.65,15.24,15.6,0
2018-12-21 12:15:00,15.55,15.7,15.3,15.5,0
2018-12-21 13:15:00,15.5,15.65,15.38,15.5,0
2018-12-21 14:15:00,15.5,16.1,15.41,16.05,0
2018-12-21 15:15:00,16.05,16.25,15.97,15.98,0
2018-12-24 09:15:00,15.99,17.15,14.9,16.3,0
2018-12-24 10:15:00,16.33,16.65,16.0,16.1,0
2018-12-24 11:15:00,16.1,16.25,15.91,16.1,0
2018-12-24 12:15:00,16.1,16.2,15.62,15.65,0
2018-12-24 13:15:00,15.65,15.8,15.4,15.65,0
2018-12-24 14:15:00,15.65,16.3,15.54,15.85,0
2018-12-24 15:15:00,15.85,15.9,15.33,15.4,0
2018-12-26 09:15:00,15.75,17.4,14.81,17.35,0
2018-12-26 10:15:00,17.35,17.45,16.66,17.2,0
2018-12-26 11:15:00,17.15,17.4,16.78,17.05,0
2018-12-26 12:15:00,17.05,17.15,16.67,17.0,0
2018-12-26 13:15:00,17.0,17.1,16.32,16.35,0
2018-12-26 14:15:00,16.35,16.35,15.77,15.85,0
2018-12-26 15:15:00,15.85,16.45,15.82,16.45,0
2018-12-27 09:15:00,15.92,16.0,12.56,15.65,0
2018-12-27 10:15:00,15.65,15.85,15.49,15.55,0
2018-12-27 11:15:00,15.55,15.85,15.54,15.6,0
2018-12-27 12:15:00,15.6,15.95,15.58,15.7,0
2018-12-27 13:15:00,15.7,15.9,15.46,15.55,0
2018-12-27 14:15:00,15.5,16.35,15.53,16.1,0
2018-12-27 15:15:00,16.1,16.1,15.82,16.0,0
2018-12-28 09:15:00,16.07,16.05,15.17,15.25,0
2018-12-28 10:15:00,15.25,15.5,15.22,15.45,0
2018-12-28 11:15:00,15.45,15.5,15.25,15.3,0
2018-12-28 12:15:00,15.3,15.4,15.25,15.4,0
2018-12-28 13:15:00,15.4,15.4,15.02,15.3,0
2018-12-28 14:15:00,15.3,15.4,15.09,15.3,0
2018-12-28 15:15:00,15.35,15.35,15.03,15.05,0
2018-12-31 09:15:00,15.27,16.0,14.65,15.75,0
2018-12-31 10:15:00,15.75,15.95,15.71,15.85,0
2018-12-31 11:15:00,15.85,16.1,15.84,16.0,0
2018-12-31 12:15:00,16.0,16.15,15.91,15.95,0
2018-12-31 13:15:00,15.95,15.95,15.78,15.9,0
2018-12-31 14:15:00,15.9,16.1,15.83,16.1,0
2018-12-31 15:15:00,16.1,16.1,15.87,16.0,0
2019-01-01 09:15:00,16.0,16.4,15.15,16.2,0
2019-01-01 10:15:00,16.2,16.25,16.05,16.1,0
2019-01-01 11:15:00,16.1,16.15,16.03,16.05,0
2019-01-01 12:15:00,16.05,16.2,16.03,16.05,0
2019-01-01 13:15:00,16.05,16.2,16.06,16.1,0
2019-01-01 14:15:00,16.1,16.1,15.3,15.3,0
2019-01-01 15:15:00,15.3,15.3,15.2,15.25,0
2019-01-02 09:15:00,15.33,16.05,14.84,15.85,0
2019-01-02 10:15:00,15.85,15.9,15.7,15.86,0
2019-01-02 11:15:00,15.85,15.9,15.77,15.8,0
2019-01-02 12:15:00,15.8,16.95,15.79,16.54,0
2019-01-02 13:15:00,16.55,16.75,16.46,16.5,0
2019-01-02 14:15:00,16.5,16.65,16.19,16.41,0
2019-01-02 15:15:00,16.4,16.55,16.36,16.45,0
2019-01-03 09:15:00,16.39,16.72,15.44,16.27,0
2019-01-03 10:15:00,16.26,16.83,16.14,16.72,0
2019-01-03 11:15:00,16.73,17.07,16.72,17.0,0
2019-01-03 12:15:00,16.99,17.1,16.81,16.88,0
2019-01-03 13:15:00,16.89,17.15,16.76,16.95,0
2019-01-03 14:15:00,16.96,17.04,16.63,16.82,0
2019-01-03 15:15:00,16.83,16.86,16.7,16.8,0
2019-01-04 09:15:00,16.79,16.96,15.49,16.86,0
2019-01-04 10:15:00,16.86,16.97,16.44,16.67,0
2019-01-04 11:15:00,16.67,16.68,16.45,16.54,0
2019-01-04 12:15:00,16.54,16.61,16.27,16.34,0
2019-01-04 13:15:00,16.35,16.64,16.21,16.63,0
2019-01-04 14:15:00,16.63,16.7,16.14,16.19,0
2019-01-04 15:15:00,16.19,16.22,16.02,16.04,0
2019-01-07 09:15:00,16.16,16.2,15.3,15.93,0
2019-01-07 10:15:00,15.93,16.03,15.75,16.01,0
2019-01-07 11:15:00,16.01,16.23,15.94,16.19,0
2019-01-07 12:15:00,16.18,16.29,16.02,16.12,0
2019-01-07 13:15:00,16.12,16.38,16.02,16.16,0
2019-01-07 14:15:00,16.16,16.46,16.11,16.3,0
2019-01-07 15:15:00,16.3,16.32,16.18,16.2,0
2019-01-08 09:15:00,16.3,16.55,14.74,16.2,0
2019-01-08 10:15:00,16.2,16.5,16.01,16.4,0
2019-01-08 11:15:00,16.4,16.45,16.21,16.2,0
2019-01-08 12:15:00,16.2,16.2,16.02,16.05,0
2019-01-08 13:15:00,16.1,16.2,15.52,15.7,0
2019-01-08 14:15:00,15.7,15.85,15.61,15.65,0
2019-01-08 15:15:00,15.65,15.8,15.62,15.8,0
2019-01-09 09:15:00,15.7,15.7,13.9,15.2,0
2019-01-09 10:15:00,15.2,15.35,15.13,15.3,0
2019-01-09 11:15:00,15.3,15.4,15.23,15.35,0
2019-01-09 12:15:00,15.35,15.55,15.15,15.21,0
2019-01-09 13:15:00,15.2,16.3,15.09,15.85,0
2019-01-09 14:15:00,15.8,16.0,15.23,15.25,0
2019-01-09 15:15:00,15.25,15.3,15.2,15.2,0
2019-01-10 09:15:00,15.27,15.45,14.15,15.4,0
2019-01-10 10:15:00,15.39,15.45,15.32,15.45,0
2019-01-10 11:15:00,15.45,15.6,15.37,15.5,0
2019-01-10 12:15:00,15.5,15.55,15.36,15.4,0
2019-01-10 13:15:00,15.4,15.45,15.21,15.3,0
2019-01-10 14:15:00,15.3,15.55,15.28,15.3,0
2019-01-10 15:15:00,15.3,15.4,15.26,15.3,0
2019-01-11 09:15:00,15.35,15.35,14.36,15.3,0
2019-01-11 10:15:00,15.3,15.5,15.23,15.4,0
2019-01-11 11:15:00,15.4,15.75,15.33,15.6,0
2019-01-11 12:15:00,15.6,15.75,15.49,15.6,0
2019-01-11 13:15:00,15.6,15.85,15.53,15.7,0
2019-01-11 14:15:00,15.7,15.75,15.23,15.3,0
2019-01-11 15:15:00,15.3,15.5,15.25,15.45,0
2019-01-14 09:15:00,15.35,16.5,15.35,16.35,0
2019-01-14 10:15:00,16.35,16.4,16.15,16.25,0
2019-01-14 11:15:00,16.25,16.55,16.22,16.45,0
2019-01-14 12:15:00,16.45,16.5,16.28,16.4,0
2019-01-14 13:15:00,16.4,16.45,16.16,16.2,0
2019-01-14 14:15:00,16.2,16.25,16.01,16.2,0
2019-01-14 15:15:00,16.2,16.2,16.07,16.1,0
2019-01-15 09:15:00,16.16,16.15,12.99,15.54,0
2019-01-15 10:15:00,15.55,15.65,15.51,15.6,0
2019-01-15 11:15:00,15.6,15.65,15.52,15.6,0
2019-01-15 12:15:00,15.6,15.75,15.62,15.7,0
2019-01-15 13:15:00,15.65,15.75,15.59,15.65,0
2019-01-15 14:15:00,15.65,15.7,15.48,15.6,0
2019-01-15 15:15:00,15.58,15.65,15.54,15.6,0
2019-01-16 09:15:00,15.58,15.75,12.8,15.7,0
2019-01-16 10:15:00,15.7,16.3,15.67,16.2,0
2019-01-16 11:15:00,16.15,16.25,15.93,16.05,0
2019-01-16 12:15:00,16.06,16.15,15.94,16.1,0
2019-01-16 13:15:00,16.1,16.25,15.99,16.1,0
2019-01-16 14:15:00,16.1,16.2,15.95,16.05,0
2019-01-16 15:15:00,16.05,16.15,16.01,16.0,0
2019-01-17 09:15:00,16.08,16.25,12.99,16.2,0
2019-01-17 10:15:00,16.2,16.3,16.1,16.15,0
2019-01-17 11:15:00,16.15,16.3,16.13,16.3,0
2019-01-17 12:15:00,16.3,16.35,16.23,16.3,0
2019-01-17 13:15:00,16.25,16.4,16.12,16.1,0
2019-01-17 14:15:00,16.15,16.3,16.0,16.25,0
2019-01-17 15:15:00,16.25,16.3,16.15,16.2,0
2019-01-18 09:15:00,16.24,16.85,12.31,16.7,0
2019-01-18 10:15:00,16.7,16.9,16.52,16.65,0
2019-01-18 11:15:00,16.65,16.8,16.57,16.77,0
2019-01-18 12:15:00,16.75,16.9,16.68,16.85,0
2019-01-18 13:15:00,16.85,16.9,16.51,16.7,0
2019-01-18 14:15:00,16.7,16.75,16.53,16.6,0
2019-01-18 15:15:00,16.65,16.7,16.52,16.55,0
2019-01-21 09:15:00,16.62,17.95,14.36,17.85,0
2019-01-21 10:15:00,17.85,18.05,17.68,18.0,0
2019-01-21 11:15:00,18.0,18.2,17.97,18.1,0
2019-01-21 12:15:00,18.1,18.25,18.04,18.15,0
2019-01-21 13:15:00,18.15,18.35,18.07,18.1,0
2019-01-21 14:15:00,18.09,18.2,18.07,18.1,0
2019-01-21 15:15:00,18.1,18.2,18.04,18.06,0
2019-01-22 09:15:00,18.15,18.45,15.51,18.25,0
2019-01-22 10:15:00,18.25,18.25,17.99,18.15,0
2019-01-22 11:15:00,18.15,18.3,18.07,18.2,0
2019-01-22 12:15:00,18.2,18.26,17.99,18.08,0
2019-01-22 13:15:00,18.08,18.14,17.85,17.92,0
2019-01-22 14:15:00,17.91,18.08,17.88,17.99,0
2019-01-22 15:15:00,17.99,18.0,17.88,17.97,0
2019-01-23 09:15:00,17.99,18.29,12.02,18.06,0
2019-01-23 10:15:00,18.06,18.09,17.96,17.98,0
2019-01-23 11:15:00,17.97,18.0,17.84,17.87,0
2019-01-23 12:15:00,17.87,17.91,17.77,17.83,0
2019-01-23 13:15:00,17.83,17.9,17.72,17.75,0
2019-01-23 14:15:00,17.75,18.24,17.72,18.21,0
2019-01-23 15:15:00,18.2,18.24,18.05,18.08,0
2019-01-24 09:15:00,18.09,18.38,14.54,17.95,0
2019-01-24 10:15:00,17.95,18.01,17.71,17.87,0
2019-01-24 11:15:00,17.86,18.0,17.76,17.79,0
2019-01-24 12:15:00,17.79,17.91,17.66,17.69,0
2019-01-24 13:15:00,17.69,17.87,17.51,17.62,0
2019-01-24 14:15:00,17.63,17.7,17.31,17.37,0
2019-01-24 15:15:00,17.37,17.52,17.18,17.23,0
2019-01-25 09:15:00,17.44,17.44,14.37,16.95,0
2019-01-25 10:15:00,16.96,17.02,16.88,17.0,0
2019-01-25 11:15:00,17.0,17.21,17.0,17.11,0
2019-01-25 12:15:00,17.11,17.27,17.07,17.25,0
2019-01-25 13:15:00,17.25,17.83,17.2,17.76,0
2019-01-25 14:15:00,17.76,18.14,17.55,17.67,0
2019-01-25 15:15:00,17.67,17.74,17.48,17.59,0
2019-01-28 09:15:00,17.69,18.81,14.59,18.67,0
2019-01-28 10:15:00,18.67,18.89,18.54,18.83,0
2019-01-28 11:15:00,18.83,19.21,18.83,18.87,0
2019-01-28 12:15:00,18.89,19.1,18.78,18.97,0
2019-01-28 13:15:00,18.98,19.28,18.91,19.03,0
2019-01-28 14:15:00,19.03,19.11,18.6,18.99,0
2019-01-28 15:15:00,18.99,19.06,18.67,18.9,0
2019-01-29 09:15:00,18.9,19.8,18.63,18.81,0
2019-01-29 10:15:00,18.82,18.93,18.69,18.8,0
2019-01-29 11:15:00,18.8,18.86,18.47,18.51,0
2019-01-29 12:15:00,18.51,19.16,18.48,19.09,0
2019-01-29 13:15:00,19.09,19.16,18.75,18.99,0
2019-01-29 14:15:00,18.99,19.02,18.42,18.61,0
2019-01-29 15:15:00,18.61,18.67,18.04,18.17,0
2019-01-30 09:15:00,18.43,18.43,15.98,17.69,0
2019-01-30 10:15:00,17.69,18.31,17.66,17.85,0
2019-01-30 11:15:00,17.85,17.93,17.73,17.9,0
2019-01-30 12:15:00,17.9,17.91,17.42,17.54,0
2019-01-30 13:15:00,17.54,17.74,17.5,17.55,0
2019-01-30 14:15:00,17.55,18.07,17.35,17.8,0
2019-01-30 15:15:00,17.81,18.13,17.77,18.03,0
2019-01-31 09:15:00,17.85,17.85,16.45,17.53,0
2019-01-31 10:15:00,17.53,17.57,17.19,17.25,0
2019-01-31 11:15:00,17.25,17.44,17.07,17.35,0
2019-01-31 12:15:00,17.35,17.45,17.26,17.29,0
2019-01-31 13:15:00,17.29,17.4,17.14,17.36,0
2019-01-31 14:15:00,17.36,17.4,16.99,17.1,0
2019-01-31 15:15:00,17.11,17.35,17.07,17.29,0
2019-02-01 09:15:00,17.12,17.19,16.15,16.72,0
2019-02-01 10:15:00,16.72,16.85,16.19,16.21,0
2019-02-01 11:15:00,16.21,16.39,15.83,16.25,0
2019-02-01 12:15:00,16.24,16.25,15.6,15.75,0
2019-02-01 13:15:00,15.75,16.2,15.63,15.94,0
2019-02-01 14:15:00,15.94,16.26,15.55,15.82,0
2019-02-01 15:15:00,15.82,15.82,15.55,15.56,0
2019-02-04 09:15:00,15.72,16.45,14.97,16.28,0
2019-02-04 10:15:00,16.27,16.34,16.11,16.24,0
2019-02-04 11:15:00,16.24,16.25,16.07,16.15,0
2019-02-04 12:15:00,16.15,16.31,16.08,16.14,0
2019-02-04 13:15:00,16.13,16.25,15.89,16.03,0
2019-02-04 14:15:00,16.03,16.07,15.66,15.78,0
2019-02-04 15:15:00,15.78,15.79,15.63,15.66,0
2019-02-05 09:15:00,15.72,15.98,14.61,15.81,0
2019-02-05 10:15:00,15.81,15.84,15.72,15.82,0
2019-02-05 11:15:00,15.82,15.86,15.58,15.7,0
2019-02-05 12:15:00,15.7,15.85,15.68,15.78,0
2019-02-05 13:15:00,15.77,15.9,15.66,15.78,0
2019-02-05 14:15:00,15.78,15.85,15.71,15.79,0
2019-02-05 15:15:00,15.79,15.82,15.74,15.78,0
2019-02-06 09:15:00,15.78,15.97,12.83,15.71,0
2019-02-06 10:15:00,15.7,15.79,15.66,15.76,0
2019-02-06 11:15:00,15.76,15.79,15.66,15.7,0
2019-02-06 12:15:00,15.7,15.74,15.52,15.6,0
2019-02-06 13:15:00,15.6,15.66,15.53,15.6,0
2019-02-06 14:15:00,15.6,15.69,15.53,15.61,0
2019-02-06 15:15:00,15.61,15.68,15.55,15.62,0
2019-02-07 09:15:00,15.63,16.22,13.6,15.58,0
2019-02-07 10:15:00,15.57,15.59,15.47,15.56,0
2019-02-07 11:15:00,15.56,15.58,15.23,15.47,0
2019-02-07 12:15:00,15.46,15.6,15.34,15.35,0
2019-02-07 13:15:00,15.35,15.47,15.17,15.26,0
2019-02-07 14:15:00,15.28,15.56,15.21,15.51,0
2019-02-07 15:15:00,15.5,15.56,15.4,15.43,0
2019-02-08 09:15:00,15.44,15.82,12.97,15.62,0
2019-02-08 10:15:00,15.62,15.74,15.51,15.63,0
2019-02-08 11:15:00,15.64,15.68,15.48,15.52,0
2019-02-08 12:15:00,15.52,15.7,15.49,15.57,0
2019-02-08 13:15:00,15.58,15.63,15.27,15.46,0
2019-02-08 14:15:00,15.46,15.69,15.34,15.62,0
2019-02-08 15:15:00,15.62,15.69,15.51,15.58,0
2019-02-11 09:15:00,15.57,16.36,13.46,16.13,0
2019-02-11 10:15:00,16.13,16.21,16.03,16.06,0
2019-02-11 11:15:00,16.06,16.09,15.9,15.97,0
2019-02-11 12:15:00,15.97,16.15,15.9,16.05,0
2019-02-11 13:15:00,16.05,16.21,15.85,15.91,0
2019-02-11 14:15:00,15.91,16.07,15.77,15.83,0
2019-02-11 15:15:00,15.84,15.9,15.58,15.59,0
2019-02-12 09:15:00,15.84,15.89,13.23,15.84,0
2019-02-12 10:15:00,15.83,15.84,15.6,15.65,0
2019-02-12 11:15:00,15.65,15.81,15.55,15.77,0
2019-02-12 12:15:00,15.77,15.88,15.62,15.71,0
2019-02-12 13:15:00,15.71,15.79,15.56,15.59,0
2019-02-12 14:15:00,15.6,15.98,15.53,15.8,0
2019-02-12 15:15:00,15.8,15.82,15.65,15.66,0
2019-02-13 09:15:00,15.75,15.83,11.81,15.72,0
2019-02-13 10:15:00,15.72,15.76,15.55,15.66,0
2019-02-13 11:15:00,15.66,15.72,15.54,15.66,0
2019-02-13 12:15:00,15.67,15.74,15.56,15.67,0
2019-02-13 13:15:00,15.67,15.9,15.56,15.65,0
2019-02-13 14:15:00,15.64,15.79,15.54,15.75,0
2019-02-13 15:15:00,15.76,15.9,15.71,15.76,0
2019-02-14 09:15:00,15.73,16.58,12.09,16.0,0
2019-02-14 10:15:00,16.0,16.03,15.77,15.84,0
2019-02-14 11:15:00,15.84,15.92,15.69,15.71,0
2019-02-14 12:15:00,15.71,15.91,15.67,15.81,0
2019-02-14 13:15:00,15.82,16.08,15.57,15.81,0
2019-02-14 14:15:00,15.81,15.92,15.7,15.79,0
2019-02-14 15:15:00,15.8,15.85,15.62,15.67,0
2019-02-15 09:15:00,15.77,16.9,12.45,16.88,0
2019-02-15 10:15:00,16.89,17.31,16.5,16.99,0
2019-02-15 11:15:00,16.99,17.36,16.95,17.28,0
2019-02-15 12:15:00,17.29,17.54,16.98,17.31,0
2019-02-15 13:15:00,17.31,17.39,16.6,16.62,0
2019-02-15 14:15:00,16.63,16.93,16.33,16.37,0
2019-02-15 15:15:00,16.35,16.54,16.27,16.39,0
2019-02-18 09:15:00,16.46,17.85,11.85,17.67,0
2019-02-18 10:15:00,17.68,17.98,17.57,17.93,0
2019-02-18 11:15:00,17.94,17.99,17.75,17.81,0
2019-02-18 12:15:00,17.81,17.88,17.5,17.69,0
2019-02-18 13:15:00,17.69,17.78,17.51,17.62,0
2019-02-18 14:15:00,17.61,18.09,17.49,17.93,0
2019-02-18 15:15:00,17.93,18.19,17.93,18.17,0
2019-02-19 09:15:00,18.0,18.3,15.26,17.51,0
2019-02-19 10:15:00,17.51,18.05,17.42,17.94,0
2019-02-19 11:15:00,17.92,18.06,17.69,17.84,0
2019-02-19 12:15:00,17.84,17.97,17.28,17.51,0
2019-02-19 13:15:00,17.5,17.84,17.46,17.79,0
2019-02-19 14:15:00,17.78,18.61,17.74,18.5,0
2019-02-19 15:15:00,18.49,18.55,18.34,18.45,0
2019-02-20 09:15:00,18.47,18.47,15.24,17.64,0
2019-02-20 10:15:00,17.65,17.69,17.5,17.55,0
2019-02-20 11:15:00,17.56,17.67,17.39,17.51,0
2019-02-20 12:15:00,17.51,17.63,17.24,17.33,0
2019-02-20 13:15:00,17.33,17.71,17.16,17.71,0
2019-02-20 14:15:00,17.7,17.71,16.92,17.1,0
2019-02-20 15:15:00,17.1,17.16,16.94,17.1,0
2019-02-21 09:15:00,17.06,17.17,12.13,17.1,0
2019-02-21 10:15:00,17.1,17.17,16.78,16.79,0
2019-02-21 11:15:00,16.79,16.81,16.29,16.45,0
2019-02-21 12:15:00,16.45,16.6,16.28,16.31,0
2019-02-21 13:15:00,16.31,16.43,16.14,16.19,0
2019-02-21 14:15:00,16.19,16.3,16.04,16.14,0
2019-02-21 15:15:00,16.14,16.18,15.87,15.95,0
2019-02-22 09:15:00,16.05,16.05,12.32,15.79,0
2019-02-22 10:15:00,15.78,15.8,15.66,15.68,0
2019-02-22 11:15:00,15.68,15.78,15.61,15.69,0
2019-02-22 12:15:00,15.69,15.84,15.55,15.76,0
2019-02-22 13:15:00,15.76,15.84,15.51,15.53,0
2019-02-22 14:15:00,15.52,15.59,15.38,15.44,0
2019-02-22 15:15:00,15.44,15.55,15.37,15.55,0
2019-02-25 09:15:00,15.45,16.04,11.7,15.88,0
2019-02-25 10:15:00,15.87,15.88,15.76,15.79,0
2019-02-25 11:15:00,15.79,15.81,15.53,15.68,0
2019-02-25 12:15:00,15.68,15.85,15.63,15.73,0
2019-02-25 13:15:00,15.73,15.77,15.49,15.63,0
2019-02-25 14:15:00,15.63,15.72,15.34,15.39,0
2019-02-25 15:15:00,15.4,15.44,15.19,15.32,0
2019-02-26 09:15:00,15.36,18.1,13.12,17.5,0
2019-02-26 10:15:00,17.51,17.6,16.8,17.0,0
2019-02-26 11:15:00,17.0,17.26,16.67,16.82,0
2019-02-26 12:15:00,16.82,17.06,16.62,16.92,0
2019-02-26 13:15:00,16.93,17.17,16.79,16.81,0
2019-02-26 14:15:00,16.81,17.21,16.48,17.1,0
2019-02-26 15:15:00,17.1,17.2,17.0,17.07,0
2019-02-27 09:15:00,17.12,19.98,14.13,15.81,0
2019-02-27 10:15:00,15.81,16.07,15.8,16.06,0
2019-02-27 11:15:00,16.06,19.16,15.99,18.93,0
2019-02-27 12:15:00,18.93,19.66,17.96,19.44,0
2019-02-27 13:15:00,19.44,19.64,18.25,18.56,0
2019-02-27 14:15:00,18.54,19.21,18.44,18.86,0
2019-02-27 15:15:00,18.86,19.24,18.78,19.22,0
2019-02-28 09:15:00,18.9,18.9,17.07,18.14,0
2019-02-28 10:15:00,18.14,18.16,17.78,17.86,0
2019-02-28 11:15:00,17.86,18.41,17.8,18.3,0
2019-02-28 12:15:00,18.3,18.5,18.12,18.5,0
2019-02-28 13:15:00,18.5,18.59,18.07,18.12,0
2019-02-28 14:15:00,18.12,18.5,18.05,18.37,0
2019-02-28 15:15:00,18.37,18.43,17.84,17.89,0
2019-03-01 09:15:00,18.28,18.28,15.9,16.5,0
2019-03-01 10:15:00,16.51,16.63,16.37,16.57,0
2019-03-01 11:15:00,16.56,16.75,16.46,16.72,0
2019-03-01 12:15:00,16.72,16.82,16.66,16.75,0
2019-03-01 13:15:00,16.75,16.8,16.44,16.47,0
2019-03-01 14:15:00,16.47,16.51,16.04,16.31,0
2019-03-01 15:15:00,16.31,16.54,16.29,16.48,0
2019-03-05 09:15:00,16.28,16.86,15.45,16.28,0
2019-03-05 10:15:00,16.28,16.28,15.75,16.05,0
2019-03-05 11:15:00,16.06,16.09,15.8,15.81,0
2019-03-05 12:15:00,15.81,15.91,15.74,15.74,0
2019-03-05 13:15:00,15.74,15.88,15.67,15.87,0
2019-03-05 14:15:00,15.87,15.88,15.55,15.56,0
2019-03-05 15:15:00,15.56,15.87,15.56,15.84,0
2019-03-06 09:15:00,15.66,15.74,14.29,15.52,0
2019-03-06 10:15:00,15.52,15.7,15.45,15.53,0
2019-03-06 11:15:00,15.53,15.58,15.44,15.58,0
2019-03-06 12:15:00,15.58,15.66,15.45,15.51,0
2019-03-06 13:15:00,15.51,15.68,15.51,15.64,0
2019-03-06 14:15:00,15.64,15.71,15.53,15.62,0
2019-03-06 15:15:00,15.62,15.71,15.51,15.54,0
2019-03-07 09:15:00,15.61,15.69,14.31,15.59,0
2019-03-07 10:15:00,15.6,15.65,15.41,15.53,0
2019-03-07 11:15:00,15.53,15.57,15.45,15.56,0
2019-03-07 12:15:00,15.56,15.66,15.5,15.55,0
2019-03-07 13:15:00,15.55,15.61,15.19,15.26,0
2019-03-07 14:15:00,15.26,15.41,15.14,15.36,0
2019-03-07 15:15:00,15.36,15.37,15.08,15.24,0
2019-03-08 09:15:00,15.29,15.41,12.92,15.31,0
2019-03-08 10:15:00,15.31,15.4,15.27,15.3,0
2019-03-08 11:15:00,15.3,15.35,15.13,15.15,0
2019-03-08 12:15:00,15.15,15.24,15.02,15.05,0
2019-03-08 13:15:00,15.05,15.16,15.01,15.06,0
2019-03-08 14:15:00,15.06,15.1,14.89,14.91,0
2019-03-08 15:15:00,14.92,14.95,14.88,14.94,0
2019-03-11 09:15:00,14.94,15.38,13.67,14.92,0
2019-03-11 10:15:00,14.92,15.03,14.83,15.03,0
2019-03-11 11:15:00,15.03,15.04,14.9,14.95,0
2019-03-11 12:15:00,14.94,15.01,14.88,14.9,0
2019-03-11 13:15:00,14.89,15.01,14.89,14.97,0
2019-03-11 14:15:00,14.98,14.99,14.79,14.87,0
2019-03-11 15:15:00,14.87,14.96,14.87,14.89,0
2019-03-12 09:15:00,14.9,15.07,13.84,14.81,0
2019-03-12 10:15:00,14.81,15.09,14.81,14.85,0
2019-03-12 11:15:00,14.87,14.98,14.83,14.88,0
2019-03-12 12:15:00,14.88,14.96,14.85,14.91,0
2019-03-12 13:15:00,14.91,15.08,14.89,14.94,0
2019-03-12 14:15:00,14.94,15.2,14.89,15.1,0
2019-03-12 15:15:00,15.1,15.14,14.98,15.07,0
2019-03-13 09:15:00,15.1,15.6,12.31,15.48,0
2019-03-13 10:15:00,15.48,15.52,15.3,15.34,0
2019-03-13 11:15:00,15.34,15.44,15.28,15.41,0
2019-03-13 12:15:00,15.41,15.5,15.27,15.3,0
2019-03-13 13:15:00,15.31,15.38,15.17,15.36,0
2019-03-13 14:15:00,15.36,15.39,15.15,15.36,0
2019-03-13 15:15:00,15.36,15.37,15.14,15.35,0
2019-03-14 09:15:00,15.28,15.52,13.76,15.26,0
2019-03-14 10:15:00,15.28,15.31,15.12,15.16,0
2019-03-14 11:15:00,15.16,15.33,15.16,15.27,0
2019-03-14 12:15:00,15.27,15.43,15.15,15.38,0
2019-03-14 13:15:00,15.37,15.4,15.16,15.35,0
2019-03-14 14:15:00,15.35,15.39,15.12,15.13,0
2019-03-14 15:15:00,15.14,15.17,15.02,15.13,0
2019-03-15 09:15:00,15.15,15.67,11.85,15.49,0
2019-03-15 10:15:00,15.49,15.6,15.45,15.52,0
2019-03-15 11:15:00,15.51,15.57,15.39,15.41,0
2019-03-15 12:15:00,15.42,15.77,15.4,15.74,0
2019-03-15 13:15:00,15.75,16.15,15.67,16.14,0
2019-03-15 14:15:00,16.14,16.39,15.73,15.77,0
2019-03-15 15:15:00,15.76,15.92,15.75,15.87,0
2019-03-18 09:15:00,15.87,16.81,14.27,16.79,0
2019-03-18 10:15:00,16.8,16.99,16.62,16.81,0
2019-03-18 11:15:00,16.81,17.19,16.69,16.97,0
2019-03-18 12:15:00,16.97,16.97,16.75,16.84,0
2019-03-18 13:15:00,16.84,16.97,16.71,16.91,0
2019-03-18 14:15:00,16.91,17.04,16.77,16.88,0
2019-03-18 15:15:00,16.88,17.03,16.84,17.02,0
2019-03-19 09:15:00,16.9,17.18,14.55,16.79,0
2019-03-19 10:15:00,16.79,16.92,16.69,16.87,0
2019-03-19 11:15:00,16.87,16.95,16.74,16.79,0
2019-03-19 12:15:00,16.79,16.89,16.69,16.85,0
2019-03-19 13:15:00,16.86,16.94,16.67,16.85,0
2019-03-19 14:15:00,16.85,16.88,16.48,16.48,0
2019-03-19 15:15:00,16.47,16.5,16.28,16.38,0
2019-03-20 09:15:00,16.49,16.49,14.49,15.98,0
2019-03-20 10:15:00,15.98,16.03,15.83,15.98,0
2019-03-20 11:15:00,15.98,16.11,15.92,16.06,0
2019-03-20 12:15:00,16.06,16.28,15.98,16.06,0
2019-03-20 13:15:00,16.06,16.27,16.02,16.04,0
2019-03-20 14:15:00,16.04,16.15,15.97,15.98,0
2019-03-20 15:15:00,15.98,16.17,15.9,16.02,0
2019-03-22 09:15:00,16.03,16.58,12.68,16.29,0
2019-03-22 10:15:00,16.28,16.81,16.19,16.56,0
2019-03-22 11:15:00,16.56,16.8,16.5,16.71,0
2019-03-22 12:15:00,16.71,16.79,16.33,16.49,0
2019-03-22 13:15:00,16.49,16.58,16.34,16.46,0
2019-03-22 14:15:00,16.47,16.56,16.29,16.31,0
2019-03-22 15:15:00,16.32,16.33,15.98,16.11,0
2019-03-25 09:15:00,16.28,17.03,14.26,16.44,0
2019-03-25 10:15:00,16.45,16.74,16.43,16.67,0
2019-03-25 11:15:00,16.67,16.9,16.55,16.84,0
2019-03-25 12:15:00,16.85,16.85,16.53,16.73,0
2019-03-25 13:15:00,16.73,16.95,16.71,16.94,0
2019-03-25 14:15:00,16.94,17.01,16.61,16.67,0
2019-03-25 15:15:00,16.67,16.72,16.54,16.59,0
2019-03-26 09:15:00,16.67,16.67,15.52,16.08,0
2019-03-26 10:15:00,16.08,16.24,15.96,16.16,0
2019-03-26 11:15:00,16.16,16.27,16.09,16.09,0
2019-03-26 12:15:00,16.09,16.19,16.0,16.17,0
2019-03-26 13:15:00,16.17,16.37,15.93,16.31,0
2019-03-26 14:15:00,16.31,16.64,16.17,16.5,0
2019-03-26 15:15:00,16.5,16.53,16.32,16.34,0
2019-03-27 09:15:00,16.49,16.9,14.55,16.87,0
2019-03-27 10:15:00,16.87,16.88,16.65,16.7,0
2019-03-27 11:15:00,16.7,17.33,16.65,17.17,0
2019-03-27 12:15:00,17.17,17.2,16.72,16.83,0
2019-03-27 13:15:00,16.83,17.42,16.72,17.19,0
2019-03-27 14:15:00,17.19,17.27,16.79,16.98,0
2019-03-27 15:15:00,16.99,17.28,16.94,17.08,0
2019-03-28 09:15:00,17.05,17.33,15.75,17.01,0
2019-03-28 10:15:00,17.0,17.11,16.88,16.97,0
2019-03-28 11:15:00,16.96,17.11,16.94,16.97,0
2019-03-28 12:15:00,16.97,17.01,16.87,16.92,0
2019-03-28 13:15:00,16.91,17.0,16.77,16.95,0
2019-03-28 14:15:00,16.95,17.03,16.67,16.67,0
2019-03-28 15:15:00,16.68,16.7,16.37,16.53,0
2019-03-29 09:15:00,16.65,17.31,16.24,17.11,0
2019-03-29 10:15:00,17.11,17.43,17.01,17.28,0
2019-03-29 11:15:00,17.27,17.36,17.15,17.2,0
2019-03-29 12:15:00,17.21,17.29,17.08,17.12,0
2019-03-29 13:15:00,17.12,17.36,17.0,17.28,0
2019-03-29 14:15:00,17.27,17.33,17.04,17.25,0
2019-03-29 15:15:00,17.25,17.25,17.05,17.08,0
2019-04-01 09:15:00,17.19,18.22,17.19,17.8,0
2019-04-01 10:15:00,17.8,17.93,17.7,17.83,0
2019-04-01 11:15:00,17.83,17.88,17.72,17.79,0
2019-04-01 12:15:00,17.79,17.85,17.72,17.76,0
2019-04-01 13:15:00,17.75,17.83,17.68,17.72,0
2019-04-01 14:15:00,17.73,18.14,17.68,17.97,0
2019-04-01 15:15:00,17.96,18.08,17.91,17.96,0
2019-04-02 09:15:00,18.01,18.55,17.44,18.38,0
2019-04-02 10:15:00,18.38,18.42,18.22,18.27,0
2019-04-02 11:15:00,18.27,18.27,17.95,18.01,0
2019-04-02 12:15:00,18.01,18.26,17.94,18.13,0
2019-04-02 13:15:00,18.13,18.32,18.09,18.32,0
2019-04-02 14:15:00,18.32,18.41,18.07,18.1,0
2019-04-02 15:15:00,18.1,18.12,17.81,17.81,0
2019-04-03 09:15:00,18.08,18.46,17.29,18.32,0
2019-04-03 10:15:00,18.32,18.56,18.28,18.46,0
2019-04-03 11:15:00,18.46,18.71,18.43,18.68,0
2019-04-03 12:15:00,18.68,18.76,18.56,18.59,0
2019-04-03 13:15:00,18.6,18.72,18.5,18.63,0
2019-04-03 14:15:00,18.63,18.88,18.56,18.81,0
2019-04-03 15:15:00,18.82,18.88,18.74,18.76,0
2019-04-04 09:15:00,18.78,19.33,18.4,19.18,0
2019-04-04 10:15:00,19.18,19.3,18.96,18.98,0
2019-04-04 11:15:00,18.98,19.06,18.87,18.94,0
2019-04-04 12:15:00,18.95,18.95,18.75,18.86,0
2019-04-04 13:15:00,18.85,18.92,18.73,18.79,0
2019-04-04 14:15:00,18.79,19.07,18.25,18.69,0
2019-04-04 15:15:00,18.69,18.69,18.4,18.49,0
2019-04-05 09:15:00,18.65,19.08,16.76,18.35,0
2019-04-05 10:15:00,18.34,18.57,18.34,18.53,0
2019-04-05 11:15:00,18.53,18.58,18.38,18.38,0
2019-04-05 12:15:00,18.38,18.54,18.34,18.51,0
2019-04-05 13:15:00,18.51,18.53,18.44,18.52,0
2019-04-05 14:15:00,18.52,18.55,18.34,18.36,0
2019-04-05 15:15:00,18.36,18.42,18.24,18.34,0
2019-04-08 09:15:00,18.39,20.04,18.39,20.0,0
2019-04-08 10:15:00,20.0,20.11,19.94,20.1,0
2019-04-08 11:15:00,20.1,20.25,20.06,20.18,0
2019-04-08 12:15:00,20.18,20.45,20.12,20.24,0
2019-04-08 13:15:00,20.25,20.44,20.13,20.3,0
2019-04-08 14:15:00,20.3,20.46,20.11,20.15,0
2019-04-08 15:15:00,20.14,20.16,19.92,20.11,0
2019-04-09 09:15:00,20.15,20.64,16.55,20.61,0
2019-04-09 10:15:00,20.61,20.65,20.48,20.54,0
2019-04-09 11:15:00,20.54,20.65,20.51,20.64,0
2019-04-09 12:15:00,20.64,20.66,20.43,20.52,0
2019-04-09 13:15:00,20.51,20.55,20.29,20.38,0
2019-04-09 14:15:00,20.38,20.43,20.23,20.24,0
2019-04-09 15:15:00,20.24,20.31,20.19,20.3,0
2019-04-10 09:15:00,20.28,20.76,18.7,20.68,0
2019-04-10 10:15:00,20.68,20.86,20.64,20.85,0
2019-04-10 11:15:00,20.85,20.99,20.78,20.94,0
2019-04-10 12:15:00,20.94,20.96,20.86,20.91,0
2019-04-10 13:15:00,20.91,21.28,20.87,21.11,0
2019-04-10 14:15:00,21.11,21.26,21.01,21.13,0
2019-04-10 15:15:00,21.13,21.16,21.03,21.1,0
2019-04-11 09:15:00,21.13,21.31,19.41,21.22,0
2019-04-11 10:15:00,21.22,21.23,21.14,21.2,0
2019-04-11 11:15:00,21.2,21.25,21.13,21.17,0
2019-04-11 12:15:00,21.17,21.19,21.05,21.09,0
2019-04-11 13:15:00,21.1,21.34,21.09,21.31,0
2019-04-11 14:15:00,21.31,21.31,20.98,21.02,0
2019-04-11 15:15:00,21.02,21.08,20.5,20.95,0
2019-04-12 09:15:00,20.96,21.19,18.68,21.08,0
2019-04-12 10:15:00,21.08,21.09,20.68,21.03,0
2019-04-12 11:15:00,21.03,21.17,21.01,21.14,0
2019-04-12 12:15:00,21.14,21.24,21.09,21.24,0
2019-04-12 13:15:00,21.24,21.3,21.14,21.2,0
2019-04-12 14:15:00,21.2,21.21,20.98,20.99,0
2019-04-12 15:15:00,20.99,21.02,20.87,20.92,0
2019-04-15 09:15:00,21.0,22.24,18.76,22.15,0
2019-04-15 10:15:00,22.15,22.16,21.89,21.93,0
2019-04-15 11:15:00,21.93,21.95,21.65,21.72,0
2019-04-15 12:15:00,21.72,21.77,21.53,21.58,0
2019-04-15 13:15:00,21.58,21.72,21.51,21.55,0
2019-04-15 14:15:00,21.54,21.57,21.39,21.4,0
2019-04-15 15:15:00,21.4,21.44,21.02,21.02,0
2019-04-16 09:15:00,21.39,21.59,19.67,21.16,0
2019-04-16 10:15:00,21.16,21.22,21.12,21.18,0
2019-04-16 11:15:00,21.18,21.68,21.18,21.66,0
2019-04-16 12:15:00,21.66,21.78,21.63,21.72,0
2019-04-16 13:15:00,21.72,21.79,21.6,21.71,0
2019-04-16 14:15:00,21.71,21.78,21.55,21.72,0
2019-04-16 15:15:00,21.72,21.89,21.56,21.83,0
2019-04-18 09:15:00,21.69,22.71,18.5,22.7,0
2019-04-18 10:15:00,22.7,23.0,22.69,22.84,0
2019-04-18 11:15:00,22.84,23.03,22.81,22.97,0
2019-04-18 12:15:00,22.97,23.05,22.84,22.9,0
2019-04-18 13:15:00,22.9,22.96,22.71,22.73,0
2019-04-18 14:15:00,22.73,22.85,22.57,22.81,0
2019-04-18 15:15:00,22.8,22.85,22.65,22.66,0
2019-04-22 09:15:00,22.74,24.56,20.41,24.05,0
2019-04-22 10:15:00,24.04,24.23,24.01,24.19,0
2019-04-22 11:15:00,24.19,24.22,23.98,23.99,0
2019-04-22 12:15:00,23.99,24.13,23.94,24.09,0
2019-04-22 13:15:00,24.09,24.12,23.9,23.95,0
2019-04-22 14:15:00,23.94,24.19,23.9,23.99,0
2019-04-22 15:15:00,23.99,24.14,23.95,24.14,0
2019-04-23 09:15:00,24.05,26.32,22.78,25.23,0
2019-04-23 10:15:00,25.24,25.34,25.09,25.12,0
2019-04-23 11:15:00,25.12,25.34,24.61,24.73,0
2019-04-23 12:15:00,24.73,25.04,24.59,24.81,0
2019-04-23 13:15:00,24.81,24.99,24.59,24.79,0
2019-04-23 14:15:00,24.78,25.13,24.56,24.63,0
2019-04-23 15:15:00,24.62,24.69,24.43,24.59,0
2019-04-24 09:15:00,24.65,25.13,23.75,24.25,0
2019-04-24 10:15:00,24.25,24.3,23.85,24.07,0
2019-04-24 11:15:00,24.07,24.08,23.79,23.83,0
2019-04-24 12:15:00,23.83,23.99,23.73,23.82,0
2019-04-24 13:15:00,23.81,24.02,23.6,23.67,0
2019-04-24 14:15:00,23.67,23.94,23.6,23.77,0
2019-04-24 15:15:00,23.77,23.77,23.45,23.52,0
2019-04-25 09:15:00,23.71,25.54,23.02,23.07,0
2019-04-25 10:15:00,23.09,23.33,22.98,23.01,0
2019-04-25 11:15:00,23.01,23.07,22.73,22.79,0
2019-04-25 12:15:00,22.79,23.07,22.76,22.87,0
2019-04-25 13:15:00,22.87,23.54,22.82,23.31,0
2019-04-25 14:15:00,23.31,23.54,23.1,23.12,0
2019-04-25 15:15:00,23.13,23.27,23.01,23.03,0
2019-04-26 09:15:00,23.23,23.96,22.16,22.22,0
2019-04-26 10:15:00,22.22,22.53,22.21,22.49,0
2019-04-26 11:15:00,22.49,22.54,22.31,22.4,0
2019-04-26 12:15:00,22.4,22.49,22.32,22.44,0
2019-04-26 13:15:00,22.45,22.53,22.25,22.39,0
2019-04-26 14:15:00,22.39,22.46,21.66,21.7,0
2019-04-26 15:15:00,21.71,21.88,21.43,21.46,0
2019-04-30 09:15:00,21.72,22.78,20.76,22.48,0
2019-04-30 10:15:00,22.48,22.49,22.08,22.08,0
2019-04-30 11:15:00,22.08,22.27,22.03,22.17,0
2019-04-30 12:15:00,22.17,22.33,22.06,22.24,0
2019-04-30 13:15:00,22.24,22.39,22.01,22.04,0
2019-04-30 14:15:00,22.04,22.11,21.78,21.84,0
2019-04-30 15:15:00,21.84,21.87,21.74,21.78,0
2019-05-02 09:15:00,21.83,22.85,21.77,22.72,0
2019-05-02 10:15:00,22.73,23.27,22.59,22.62,0
2019-05-02 11:15:00,22.63,22.85,22.6,22.78,0
2019-05-02 12:15:00,22.77,23.01,22.67,22.86,0
2019-05-02 13:15:00,22.86,22.93,22.55,22.66,0
2019-05-02 14:15:00,22.66,23.22,22.63,23.04,0
2019-05-02 15:15:00,23.03,23.06,22.93,22.96,0
2019-05-03 09:15:00,22.98,23.38,21.1,23.34,0
2019-05-03 10:15:00,23.34,23.81,23.34,23.76,0
2019-05-03 11:15:00,23.76,23.93,23.74,23.8,0
2019-05-03 12:15:00,23.8,23.85,23.59,23.61,0
2019-05-03 13:15:00,23.61,23.9,23.52,23.89,0
2019-05-03 14:15:00,23.9,24.13,23.75,24.08,0
2019-05-03 15:15:00,24.09,24.15,23.99,23.99,0
2019-05-06 09:15:00,24.03,27.84,19.74,25.41,0
2019-05-06 10:15:00,25.41,25.67,25.38,25.66,0
2019-05-06 11:15:00,25.66,26.05,25.66,26.04,0
2019-05-06 12:15:00,26.04,26.59,25.98,26.59,0
2019-05-06 13:15:00,26.59,26.71,26.29,26.3,0
2019-05-06 14:15:00,26.31,26.73,26.28,26.39,0
2019-05-06 15:15:00,26.39,26.5,26.37,26.5,0
2019-05-07 09:15:00,26.43,26.43,23.09,25.85,0
2019-05-07 10:15:00,25.85,26.23,25.81,26.09,0
2019-05-07 11:15:00,26.09,26.12,25.5,25.52,0
2019-05-07 12:15:00,25.52,25.65,25.31,25.49,0
2019-05-07 13:15:00,25.5,26.4,25.47,26.08,0
2019-05-07 14:15:00,26.08,26.81,25.85,26.5,0
2019-05-07 15:15:00,26.51,26.55,26.3,26.31,0
2019-05-08 09:15:00,26.48,27.03,23.25,26.47,0
2019-05-08 10:15:00,26.46,26.67,26.24,26.31,0
2019-05-08 11:15:00,26.31,26.57,26.26,26.3,0
2019-05-08 12:15:00,26.3,26.43,26.15,26.35,0
2019-05-08 13:15:00,26.35,26.42,26.01,26.3,0
2019-05-08 14:15:00,26.3,26.46,26.13,26.41,0
2019-05-08 15:15:00,26.4,26.45,26.2,26.29,0
2019-05-09 09:15:00,26.37,26.5,23.49,25.82,0
2019-05-09 10:15:00,25.82,25.92,25.46,25.53,0
2019-05-09 11:15:00,25.53,25.77,25.51,25.66,0
2019-05-09 12:15:00,25.66,25.76,25.38,25.71,0
2019-05-09 13:15:00,25.71,25.77,25.47,25.64,0
2019-05-09 14:15:00,25.64,25.78,25.45,25.56,0
2019-05-09 15:15:00,25.57,25.57,25.32,25.46,0
2019-05-10 09:15:00,25.49,25.9,24.54,25.73,0
2019-05-10 10:15:00,25.73,26.04,25.61,25.66,0
2019-05-10 11:15:00,25.66,25.98,25.44,25.48,0
2019-05-10 12:15:00,25.47,26.2,25.45,26.05,0
2019-05-10 13:15:00,26.03,26.38,25.75,25.87,0
2019-05-10 14:15:00,25.88,26.39,25.76,26.25,0
2019-05-10 15:15:00,26.25,26.53,26.25,26.5,0
2019-05-13 09:15:00,26.34,28.06,23.71,26.6,0
2019-05-13 10:15:00,26.6,27.01,26.58,26.86,0
2019-05-13 11:15:00,26.86,27.22,26.8,27.17,0
2019-05-13 12:15:00,27.16,27.25,26.97,27.04,0
2019-05-13 13:15:00,27.04,27.27,26.96,27.11,0
2019-05-13 14:15:00,27.11,27.55,26.91,27.46,0
2019-05-13 15:15:00,27.46,27.53,27.06,27.15,0
2019-05-14 09:15:00,27.38,27.68,22.39,27.17,0
2019-05-14 10:15:00,27.17,27.17,26.98,27.02,0
2019-05-14 11:15:00,27.02,27.2,26.95,26.98,0
2019-05-14 12:15:00,26.98,27.31,26.9,27.28,0
2019-05-14 13:15:00,27.28,27.31,26.62,26.69,0
2019-05-14 14:15:00,26.69,27.76,26.44,27.07,0
2019-05-14 15:15:00,27.07,27.09,26.9,26.91,0
2019-05-15 09:15:00,27.13,27.41,23.18,27.19,0
2019-05-15 10:15:00,27.19,27.76,27.13,27.76,0
2019-05-15 11:15:00,27.76,27.91,27.68,27.83,0
2019-05-15 12:15:00,27.83,27.93,27.44,27.8,0
2019-05-15 13:15:00,27.8,28.69,27.72,28.11,0
2019-05-15 14:15:00,28.08,29.08,27.79,28.42,0
2019-05-15 15:15:00,28.41,29.01,27.97,28.62,0
2019-05-16 09:15:00,28.66,29.03,23.78,28.48,0
2019-05-16 10:15:00,28.49,29.27,28.45,29.22,0
2019-05-16 11:15:00,29.23,29.33,28.89,28.92,0
2019-05-16 12:15:00,28.92,29.01,28.61,28.67,0
2019-05-16 13:15:00,28.67,28.8,28.3,28.43,0
2019-05-16 14:15:00,28.42,28.94,28.1,28.22,0
2019-05-16 15:15:00,28.22,28.43,28.05,28.35,0
2019-05-17 09:15:00,28.37,28.79,25.5,28.63,0
2019-05-17 10:15:00,28.66,28.71,28.32,28.36,0
2019-05-17 11:15:00,28.36,28.48,27.72,28.34,0
2019-05-17 12:15:00,28.34,29.23,27.83,27.91,0
2019-05-17 13:15:00,27.91,29.15,27.81,29.06,0
2019-05-17 14:15:00,29.06,29.22,28.08,28.14,0
2019-05-17 15:15:00,28.13,28.14,27.71,28.1,0
2019-05-20 09:15:00,28.08,28.08,19.76,22.98,0
2019-05-20 10:15:00,22.98,23.71,22.9,23.68,0
2019-05-20 11:15:00,23.68,23.7,22.97,22.98,0
2019-05-20 12:15:00,22.97,23.4,22.89,23.2,0
2019-05-20 13:15:00,23.2,25.21,23.15,23.91,0
2019-05-20 14:15:00,23.91,24.05,23.68,23.76,0
2019-05-20 15:15:00,23.76,23.77,23.2,23.38,0
2019-05-21 09:15:00,23.68,24.39,20.24,24.39,0
2019-05-21 10:15:00,24.39,24.85,24.28,24.67,0
2019-05-21 11:15:00,24.66,24.97,24.65,24.92,0
2019-05-21 12:15:00,24.92,27.56,24.78,25.06,0
2019-05-21 13:15:00,25.05,25.13,24.7,24.88,0
2019-05-21 14:15:00,24.88,28.1,24.78,25.51,0
2019-05-21 15:15:00,25.51,26.02,25.47,25.86,0
2019-05-22 09:15:00,25.65,27.05,19.04,26.98,0
2019-05-22 10:15:00,26.97,27.45,26.85,27.42,0
2019-05-22 11:15:00,27.42,28.05,27.4,28.03,0
2019-05-22 12:15:00,28.03,28.95,27.94,28.63,0
2019-05-22 13:15:00,28.63,29.53,28.26,29.44,0
2019-05-22 14:15:00,29.44,30.18,27.23,27.28,0
2019-05-22 15:15:00,27.27,27.69,27.19,27.55,0
2019-05-23 09:15:00,27.63,27.63,19.99,20.43,0
2019-05-23 10:15:00,20.44,20.63,19.73,20.24,0
2019-05-23 11:15:00,20.23,20.67,19.82,19.97,0
2019-05-23 12:15:00,19.97,20.1,19.38,19.45,0
2019-05-23 13:15:00,19.45,19.6,19.04,19.16,0
2019-05-23 14:15:00,19.16,19.69,18.99,19.63,0
2019-05-23 15:15:00,19.64,19.77,18.96,19.57,0
2019-05-24 09:15:00,19.41,19.41,14.49,17.26,0
2019-05-24 10:15:00,17.23,17.23,16.31,16.45,0
2019-05-24 11:15:00,16.45,16.56,16.14,16.4,0
2019-05-24 12:15:00,16.41,16.63,16.27,16.59,0
2019-05-24 13:15:00,16.59,16.87,16.43,16.84,0
2019-05-24 14:15:00,16.84,16.89,16.31,16.36,0
2019-05-24 15:15:00,16.36,16.6,16.33,16.54,0
2019-05-27 09:15:00,16.47,16.73,13.48,16.35,0
2019-05-27 10:15:00,16.35,17.34,16.3,16.34,0
2019-05-27 11:15:00,16.34,16.38,15.98,16.14,0
2019-05-27 12:15:00,16.14,16.36,16.11,16.32,0
2019-05-27 13:15:00,16.32,16.4,16.11,16.16,0
2019-05-27 14:15:00,16.16,16.4,16.04,16.25,0
2019-05-27 15:15:00,16.25,16.34,15.97,16.2,0
2019-05-28 09:15:00,16.19,16.54,15.38,16.39,0
2019-05-28 10:15:00,16.38,16.47,16.02,16.03,0
2019-05-28 11:15:00,16.03,16.22,15.98,16.04,0
2019-05-28 12:15:00,16.05,16.29,16.0,16.14,0
2019-05-28 13:15:00,16.14,16.3,15.95,16.21,0
2019-05-28 14:15:00,16.21,16.39,15.63,16.03,0
2019-05-28 15:15:00,16.02,16.29,15.79,16.18,0
2019-05-29 09:15:00,15.92,16.17,14.48,15.77,0
2019-05-29 10:15:00,15.77,16.08,15.7,16.05,0
2019-05-29 11:15:00,16.05,16.19,15.95,16.1,0
2019-05-29 12:15:00,16.09,16.19,15.89,16.05,0
2019-05-29 13:15:00,16.05,16.08,15.87,16.01,0
2019-05-29 14:15:00,16.01,16.51,15.98,16.41,0
2019-05-29 15:15:00,16.41,16.47,16.34,16.37,0
2019-05-30 09:15:00,16.41,16.41,14.85,15.52,0
2019-05-30 10:15:00,15.52,15.96,15.41,15.73,0
2019-05-30 11:15:00,15.73,15.82,15.58,15.63,0
2019-05-30 12:15:00,15.63,15.74,15.53,15.62,0
2019-05-30 13:15:00,15.62,15.76,15.52,15.63,0
2019-05-30 14:15:00,15.63,15.73,15.49,15.56,0
2019-05-30 15:15:00,15.58,15.76,15.57,15.63,0
2019-05-31 09:15:00,15.61,15.61,14.19,15.11,0
2019-05-31 10:15:00,15.11,15.66,15.09,15.51,0
2019-05-31 11:15:00,15.51,16.38,15.45,16.37,0
2019-05-31 12:15:00,16.35,16.6,16.05,16.27,0
2019-05-31 13:15:00,16.27,16.64,16.01,16.12,0
2019-05-31 14:15:00,16.13,16.79,16.03,16.07,0
2019-05-31 15:15:00,16.07,16.11,15.84,15.85,0
2019-06-03 09:15:00,16.07,16.18,14.08,15.82,0
2019-06-03 10:15:00,15.82,16.19,15.69,16.08,0
2019-06-03 11:15:00,16.07,16.23,15.96,16.15,0
2019-06-03 12:15:00,16.15,16.19,15.84,15.87,0
2019-06-03 13:15:00,15.87,16.03,15.82,15.9,0
2019-06-03 14:15:00,15.9,16.22,15.58,15.9,0
2019-06-03 15:15:00,15.9,15.97,15.77,15.94,0
2019-06-04 09:15:00,15.97,15.97,14.67,15.8,0
2019-06-04 10:15:00,15.8,15.91,15.72,15.84,0
2019-06-04 11:15:00,15.84,15.85,15.67,15.82,0
2019-06-04 12:15:00,15.82,15.85,15.51,15.6,0
2019-06-04 13:15:00,15.6,15.74,15.52,15.73,0
2019-06-04 14:15:00,15.73,15.84,15.58,15.62,0
2019-06-04 15:15:00,15.62,15.65,15.48,15.51,0
2019-06-06 09:15:00,15.63,15.93,14.11,15.65,0
2019-06-06 10:15:00,15.65,15.67,15.46,15.52,0
2019-06-06 11:15:00,15.52,15.75,15.29,15.46,0
2019-06-06 12:15:00,15.46,15.71,15.43,15.7,0
2019-06-06 13:15:00,15.7,15.91,15.61,15.83,0
2019-06-06 14:15:00,15.84,15.87,15.42,15.54,0
2019-06-06 15:15:00,15.54,15.57,15.34,15.41,0
2019-06-07 09:15:00,15.53,15.73,14.04,15.14,0
2019-06-07 10:15:00,15.14,15.35,15.02,15.24,0
2019-06-07 11:15:00,15.24,15.39,15.09,15.12,0
2019-06-07 12:15:00,15.12,15.34,14.98,15.29,0
2019-06-07 13:15:00,15.29,15.41,15.12,15.19,0
2019-06-07 14:15:00,15.19,15.19,14.73,14.88,0
2019-06-07 15:15:00,14.88,15.01,14.77,14.79,0
2019-06-10 09:15:00,14.86,14.98,13.45,14.87,0
2019-06-10 10:15:00,14.87,15.2,14.81,15.12,0
2019-06-10 11:15:00,15.12,15.35,15.08,15.34,0
2019-06-10 12:15:00,15.34,15.45,15.17,15.31,0
2019-06-10 13:15:00,15.31,15.39,15.1,15.32,0
2019-06-10 14:15:00,15.32,15.34,14.93,15.0,0
2019-06-10 15:15:00,15.0,15.04,14.77,14.79,0
2019-06-11 09:15:00,14.98,14.98,13.48,14.79,0
2019-06-11 10:15:00,14.79,14.83,14.68,14.73,0
2019-06-11 11:15:00,14.73,14.81,14.58,14.73,0
2019-06-11 12:15:00,14.73,14.82,14.59,14.63,0
2019-06-11 13:15:00,14.63,14.68,14.4,14.45,0
2019-06-11 14:15:00,14.46,14.61,14.34,14.53,0
2019-06-11 15:15:00,14.54,14.58,14.37,14.44,0
2019-06-12 09:15:00,14.49,14.71,13.31,14.46,0
2019-06-12 10:15:00,14.46,14.52,14.31,14.42,0
2019-06-12 11:15:00,14.41,14.42,14.23,14.31,0
2019-06-12 12:15:00,14.31,14.52,14.29,14.43,0
2019-06-12 13:15:00,14.43,14.55,14.21,14.24,0
2019-06-12 14:15:00,14.24,14.35,14.11,14.12,0
2019-06-12 15:15:00,14.19,14.19,14.0,14.11,0
2019-06-13 09:15:00,14.12,14.29,13.28,14.07,0
2019-06-13 10:15:00,14.07,14.12,13.89,14.0,0
2019-06-13 11:15:00,14.0,14.18,13.92,14.03,0
2019-06-13 12:15:00,14.01,14.12,13.89,13.97,0
2019-06-13 13:15:00,13.98,14.08,13.72,13.76,0
2019-06-13 14:15:00,13.76,13.86,13.55,13.59,0
2019-06-13 15:15:00,13.6,13.75,13.54,13.62,0
2019-06-14 09:15:00,13.66,14.03,12.64,13.78,0
2019-06-14 10:15:00,13.78,13.92,13.66,13.85,0
2019-06-14 11:15:00,13.85,14.05,13.8,13.9,0
2019-06-14 12:15:00,13.9,13.94,13.67,13.81,0
2019-06-14 13:15:00,13.81,13.88,13.67,13.81,0
2019-06-14 14:15:00,13.81,14.04,13.55,13.96,0
2019-06-14 15:15:00,13.96,14.12,13.92,13.95,0
2019-06-17 09:15:00,13.9,14.71,13.52,14.56,0
2019-06-17 10:15:00,14.56,14.65,14.46,14.59,0
2019-06-17 11:15:00,14.58,14.7,14.54,14.63,0
2019-06-17 12:15:00,14.62,14.66,14.4,14.52,0
2019-06-17 13:15:00,14.51,14.82,14.47,14.77,0
2019-06-17 14:15:00,14.78,14.96,14.6,14.61,0
2019-06-17 15:15:00,14.61,14.7,14.45,14.63,0
2019-06-18 09:15:00,14.65,14.97,11.74,14.59,0
2019-06-18 10:15:00,14.6,14.78,14.52,14.66,0
2019-06-18 11:15:00,14.66,14.74,14.45,14.48,0
2019-06-18 12:15:00,14.49,14.58,14.29,14.4,0
2019-06-18 13:15:00,14.4,14.79,14.32,14.43,0
2019-06-18 14:15:00,14.43,14.93,14.34,14.58,0
2019-06-18 15:15:00,14.56,14.64,14.51,14.53,0
2019-06-19 09:15:00,14.6,14.6,10.79,14.25,0
2019-06-19 10:15:00,14.23,14.46,14.15,14.42,0
2019-06-19 11:15:00,14.43,14.8,14.34,14.76,0
2019-06-19 12:15:00,14.76,14.89,14.65,14.83,0
2019-06-19 13:15:00,14.83,15.2,14.77,15.1,0
2019-06-19 14:15:00,15.1,15.3,14.63,14.67,0
2019-06-19 15:15:00,14.67,14.76,14.54,14.54,0
2019-06-20 09:15:00,14.73,15.19,12.84,14.47,0
2019-06-20 10:15:00,14.47,14.6,14.34,14.42,0
2019-06-20 11:15:00,14.43,14.67,14.31,14.51,0
2019-06-20 12:15:00,14.5,14.6,14.29,14.37,0
2019-06-20 13:15:00,14.37,14.43,14.07,14.15,0
2019-06-20 14:15:00,14.14,14.23,13.9,13.99,0
2019-06-20 15:15:00,13.99,14.15,13.96,14.15,0
2019-06-21 09:15:00,14.0,14.64,10.6,14.49,0
2019-06-21 10:15:00,14.49,14.64,14.35,14.48,0
2019-06-21 11:15:00,14.47,14.55,14.26,14.33,0
2019-06-21 12:15:00,14.34,14.52,14.21,14.42,0
2019-06-21 13:15:00,14.41,14.79,14.34,14.61,0
2019-06-21 14:15:00,14.61,14.83,14.26,14.54,0
2019-06-21 15:15:00,14.53,14.7,14.48,14.63,0
2019-06-24 09:15:00,14.61,15.48,11.86,15.43,0
2019-06-24 10:15:00,15.42,15.42,15.0,15.06,0
2019-06-24 11:15:00,15.05,15.16,14.9,15.01,0
2019-06-24 12:15:00,15.0,15.46,14.97,15.44,0
2019-06-24 13:15:00,15.43,15.61,15.36,15.5,0
2019-06-24 14:15:00,15.5,15.67,15.14,15.28,0
2019-06-24 15:15:00,15.26,15.3,15.12,15.21,0
2019-06-25 09:15:00,15.22,15.59,15.12,15.2,0
2019-06-25 10:15:00,15.2,15.39,15.19,15.34,0
2019-06-25 11:15:00,15.34,15.38,15.17,15.21,0
2019-06-25 12:15:00,15.22,15.43,15.2,15.22,0
2019-06-25 13:15:00,15.21,15.3,15.07,15.18,0
2019-06-25 14:15:00,15.17,15.2,14.95,15.09,0
2019-06-25 15:15:00,15.1,15.19,14.93,15.16,0
2019-06-26 09:15:00,15.01,15.08,14.39,14.98,0
2019-06-26 10:15:00,14.93,15.2,14.9,15.07,0
2019-06-26 11:15:00,15.07,15.17,15.01,15.05,0
2019-06-26 12:15:00,15.04,15.19,14.92,15.12,0
2019-06-26 13:15:00,15.11,15.19,14.9,14.95,0
2019-06-26 14:15:00,14.95,14.98,14.7,14.73,0
2019-06-26 15:15:00,14.73,14.8,14.68,14.79,0
2019-06-27 09:15:00,14.75,14.75,13.65,14.61,0
2019-06-27 10:15:00,14.61,14.69,14.44,14.47,0
2019-06-27 11:15:00,14.48,14.48,14.29,14.34,0
2019-06-27 12:15:00,14.34,14.36,14.08,14.16,0
2019-06-27 13:15:00,14.15,14.46,14.03,14.35,0
2019-06-27 14:15:00,14.37,14.89,14.3,14.58,0
2019-06-27 15:15:00,14.56,14.65,14.5,14.53,0
2019-06-28 09:15:00,14.65,14.84,14.0,14.68,0
2019-06-28 10:15:00,14.69,14.88,14.69,14.78,0
2019-06-28 11:15:00,14.77,14.91,14.77,14.8,0
2019-06-28 12:15:00,14.8,14.84,14.59,14.72,0
2019-06-28 13:15:00,14.72,14.87,14.56,14.81,0
2019-06-28 14:15:00,14.8,15.07,14.75,14.97,0
2019-06-28 15:15:00,14.96,14.98,14.87,14.91,0
2019-07-01 09:15:00,14.95,15.02,14.47,14.89,0
2019-07-01 10:15:00,14.89,14.97,14.71,14.78,0
2019-07-01 11:15:00,14.78,14.79,14.64,14.74,0
2019-07-01 12:15:00,14.74,14.78,14.68,14.7,0
2019-07-01 13:15:00,14.7,14.8,14.58,14.61,0
2019-07-01 14:15:00,14.61,14.7,14.58,14.61,0
2019-07-01 15:15:00,14.61,14.61,14.55,14.57,0
2019-07-03 09:15:00,14.25,14.32,13.67,14.23,0
2019-07-03 10:15:00,14.23,14.27,14.05,14.1,0
2019-07-03 11:15:00,14.09,14.18,14.07,14.15,0
2019-07-03 12:15:00,14.15,14.17,13.87,13.87,0
2019-07-03 13:15:00,13.88,13.92,13.72,13.76,0
2019-07-03 14:15:00,13.76,13.84,13.54,13.73,0
2019-07-03 15:15:00,13.73,13.75,13.52,13.55,0
2019-07-04 09:15:00,13.7,13.7,13.01,13.45,0
2019-07-04 10:15:00,13.44,13.47,13.28,13.4,0
2019-07-04 11:15:00,13.4,13.49,13.36,13.45,0
2019-07-04 12:15:00,13.45,13.54,13.41,13.48,0
2019-07-04 13:15:00,13.48,13.58,13.45,13.55,0
2019-07-04 14:15:00,13.56,13.64,13.37,13.51,0
2019-07-04 15:15:00,13.51,13.61,13.5,13.53,0
2019-07-05 09:15:00,13.53,13.77,12.67,13.77,0
2019-07-05 10:15:00,13.76,13.97,13.69,13.74,0
2019-07-05 11:15:00,13.73,13.86,13.6,13.68,0
2019-07-05 12:15:00,13.68,13.68,13.32,13.44,0
2019-07-05 13:15:00,13.46,13.49,12.97,13.14,0
2019-07-05 14:15:00,13.15,13.27,12.71,13.04,0
2019-07-05 15:15:00,13.03,13.13,12.92,13.02,0
2019-07-08 09:15:00,13.07,13.51,12.11,13.19,0
2019-07-08 10:15:00,13.19,13.55,13.15,13.47,0
2019-07-08 11:15:00,13.47,13.6,13.33,13.34,0
2019-07-08 12:15:00,13.34,13.77,13.33,13.59,0
2019-07-08 13:15:00,13.6,13.72,13.39,13.64,0
2019-07-08 14:15:00,13.64,14.04,13.57,13.66,0
2019-07-08 15:15:00,13.67,14.02,13.67,14.02,0
2019-07-09 09:15:00,13.85,14.22,13.35,13.92,0
2019-07-09 10:15:00,13.91,14.04,13.73,13.8,0
2019-07-09 11:15:00,13.8,13.89,13.46,13.61,0
2019-07-09 12:15:00,13.63,13.95,13.61,13.83,0
2019-07-09 13:15:00,13.83,14.04,13.74,13.86,0
2019-07-09 14:15:00,13.85,13.96,13.65,13.66,0
2019-07-09 15:15:00,13.67,13.76,13.58,13.6,0
2019-07-10 09:15:00,13.69,13.83,12.4,13.72,0
2019-07-10 10:15:00,13.72,13.91,13.65,13.73,0
2019-07-10 11:15:00,13.72,13.8,13.59,13.74,0
2019-07-10 12:15:00,13.75,13.96,13.65,13.67,0
2019-07-10 13:15:00,13.68,13.74,13.5,13.53,0
2019-07-10 14:15:00,13.53,13.73,13.52,13.72,0
2019-07-10 15:15:00,13.73,13.8,13.48,13.53,0
2019-07-11 09:15:00,13.64,13.64,12.18,12.92,0
2019-07-11 10:15:00,12.91,13.09,12.87,12.97,0
2019-07-11 11:15:00,12.98,13.06,12.82,12.87,0
2019-07-11 12:15:00,12.87,12.9,12.71,12.74,0
2019-07-11 13:15:00,12.74,12.77,12.56,12.67,0
2019-07-11 14:15:00,12.66,12.71,12.43,12.44,0
2019-07-11 15:15:00,12.44,12.53,12.34,12.51,0
2019-07-12 09:15:00,12.47,12.55,11.55,12.38,0
2019-07-12 10:15:00,12.37,12.38,12.21,12.27,0
2019-07-12 11:15:00,12.28,12.29,12.09,12.2,0
2019-07-12 12:15:00,12.21,12.33,11.94,12.09,0
2019-07-12 13:15:00,12.08,12.11,11.93,11.97,0
2019-07-12 14:15:00,11.97,12.28,11.87,12.0,0
2019-07-12 15:15:00,12.0,12.02,11.9,11.91,0
2019-07-15 09:15:00,12.0,12.29,10.64,12.22,0
2019-07-15 10:15:00,12.24,12.46,12.12,12.32,0
2019-07-15 11:15:00,12.31,12.52,12.21,12.44,0
2019-07-15 12:15:00,12.44,12.51,12.26,12.29,0
2019-07-15 13:15:00,12.28,12.37,12.21,12.25,0
2019-07-15 14:15:00,12.25,12.26,11.96,12.04,0
2019-07-15 15:15:00,12.04,12.08,11.89,12.0,0
2019-07-16 09:15:00,12.02,12.02,11.06,11.76,0
2019-07-16 10:15:00,11.75,11.81,11.67,11.7,0
2019-07-16 11:15:00,11.69,11.75,11.57,11.59,0
2019-07-16 12:15:00,11.6,11.69,11.54,11.67,0
2019-07-16 13:15:00,11.66,11.74,11.53,11.58,0
2019-07-16 14:15:00,11.57,11.66,11.5,11.54,0
2019-07-16 15:15:00,11.54,11.6,11.51,11.57,0
2019-07-17 09:15:00,11.56,11.74,9.16,11.57,0
2019-07-17 10:15:00,11.58,11.61,11.4,11.48,0
2019-07-17 11:15:00,11.48,11.55,11.38,11.48,0
2019-07-17 12:15:00,11.47,11.76,11.47,11.76,0
2019-07-17 13:15:00,11.77,11.82,11.64,11.75,0
2019-07-17 14:15:00,11.76,11.91,11.74,11.81,0
2019-07-17 15:15:00,11.81,11.82,11.74,11.78,0
2019-07-18 09:15:00,11.8,11.98,9.22,11.79,0
2019-07-18 10:15:00,11.79,11.89,11.71,11.87,0
2019-07-18 11:15:00,11.87,11.9,11.79,11.79,0
2019-07-18 12:15:00,11.79,11.89,11.71,11.78,0
2019-07-18 13:15:00,11.78,11.79,11.62,11.69,0
2019-07-18 14:15:00,11.7,11.88,11.59,11.8,0
2019-07-18 15:15:00,11.8,11.81,11.65,11.67,0
2019-07-19 09:15:00,11.75,12.35,10.59,12.17,0
2019-07-19 10:15:00,12.18,12.46,12.08,12.41,0
2019-07-19 11:15:00,12.41,12.43,12.14,12.37,0
2019-07-19 12:15:00,12.37,12.4,12.11,12.33,0
2019-07-19 13:15:00,12.33,12.56,12.27,12.41,0
2019-07-19 14:15:00,12.41,12.68,12.11,12.54,0
2019-07-19 15:15:00,12.54,12.66,12.39,12.46,0
2019-07-22 09:15:00,12.52,13.28,11.56,13.05,0
2019-07-22 10:15:00,13.05,13.12,12.81,12.96,0
2019-07-22 11:15:00,12.96,13.26,12.92,13.13,0
2019-07-22 12:15:00,13.12,13.37,13.08,13.37,0
2019-07-22 13:15:00,13.36,13.4,12.97,12.99,0
2019-07-22 14:15:00,12.99,13.3,12.86,12.9,0
2019-07-22 15:15:00,12.9,13.1,12.9,13.08,0
2019-07-23 09:15:00,13.01,13.78,11.59,13.35,0
2019-07-23 10:15:00,13.34,13.43,13.15,13.28,0
2019-07-23 11:15:00,13.27,13.42,13.11,13.35,0
2019-07-23 12:15:00,13.34,13.67,13.15,13.49,0
2019-07-23 13:15:00,13.5,13.61,13.11,13.26,0
2019-07-23 14:15:00,13.28,13.62,13.15,13.47,0
2019-07-23 15:15:00,13.48,13.49,13.29,13.29,0
2019-07-24 09:15:00,13.43,14.48,13.39,13.92,0
2019-07-24 10:15:00,13.92,13.98,13.32,13.62,0
2019-07-24 11:15:00,13.62,13.69,13.26,13.39,0
2019-07-24 12:15:00,13.36,13.51,13.32,13.41,0
2019-07-24 13:15:00,13.43,13.45,12.82,12.9,0
2019-07-24 14:15:00,12.89,13.11,12.6,12.79,0
2019-07-24 15:15:00,12.79,12.97,12.65,12.92,0
2019-07-25 09:15:00,12.76,13.55,12.0,12.27,0
2019-07-25 10:15:00,12.27,12.51,12.17,12.24,0
2019-07-25 11:15:00,12.25,12.67,12.15,12.6,0
2019-07-25 12:15:00,12.6,12.64,12.31,12.61,0
2019-07-25 13:15:00,12.6,12.68,12.28,12.63,0
2019-07-25 14:15:00,12.64,12.78,12.49,12.69,0
2019-07-25 15:15:00,12.69,12.78,12.46,12.47,0
2019-07-26 09:15:00,12.64,13.31,12.52,12.79,0
2019-07-26 10:15:00,12.79,12.82,12.42,12.54,0
2019-07-26 11:15:00,12.53,12.56,12.29,12.4,0
2019-07-26 12:15:00,12.41,12.46,12.26,12.28,0
2019-07-26 13:15:00,12.28,12.5,12.2,12.25,0
2019-07-26 14:15:00,12.25,12.36,12.1,12.13,0
2019-07-26 15:15:00,12.15,12.16,11.93,11.93,0
2019-07-29 09:15:00,12.13,12.99,12.04,12.77,0
2019-07-29 10:15:00,12.75,12.88,12.65,12.88,0
2019-07-29 11:15:00,12.88,13.4,12.83,13.18,0
2019-07-29 12:15:00,13.19,13.53,13.1,13.24,0
2019-07-29 13:15:00,13.24,13.24,12.86,12.94,0
2019-07-29 14:15:00,12.95,13.21,12.89,13.08,0
2019-07-29 15:15:00,13.09,13.11,12.97,13.06,0
2019-07-30 09:15:00,13.06,13.15,12.5,12.84,0
2019-07-30 10:15:00,12.85,13.09,12.79,12.99,0
2019-07-30 11:15:00,12.98,13.35,12.9,12.97,0
2019-07-30 12:15:00,12.94,13.12,12.88,13.07,0
2019-07-30 13:15:00,13.06,13.19,13.01,13.15,0
2019-07-30 14:15:00,13.15,13.87,13.14,13.6,0
2019-07-30 15:15:00,13.64,13.73,13.46,13.56,0
2019-07-31 09:15:00,13.61,14.15,13.43,13.99,0
2019-07-31 10:15:00,14.01,14.55,13.9,14.12,0
2019-07-31 11:15:00,14.12,14.16,13.8,13.96,0
2019-07-31 12:15:00,13.96,14.03,13.8,13.81,0
2019-07-31 13:15:00,13.81,13.95,13.66,13.87,0
2019-07-31 14:15:00,13.88,13.88,13.42,13.5,0
2019-07-31 15:15:00,13.5,13.71,13.49,13.68,0
2019-08-01 09:15:00,13.59,14.1,13.27,13.87,0
2019-08-01 10:15:00,13.89,14.3,13.84,14.3,0
2019-08-01 11:15:00,14.29,14.39,14.02,14.29,0
2019-08-01 12:15:00,14.3,14.47,14.08,14.4,0
2019-08-01 13:15:00,14.41,14.69,14.28,14.56,0
2019-08-01 14:15:00,14.56,15.28,14.26,14.37,0
2019-08-01 15:15:00,14.36,14.63,14.35,14.56,0
2019-08-02 09:15:00,14.56,16.03,14.56,15.92,0
2019-08-02 10:15:00,15.93,16.16,15.59,15.7,0
2019-08-02 11:15:00,15.68,15.73,15.11,15.26,0
2019-08-02 12:15:00,15.25,15.43,14.97,15.27,0
2019-08-02 13:15:00,15.26,15.42,14.79,14.92,0
2019-08-02 14:15:00,14.92,15.58,14.44,15.04,0
2019-08-02 15:15:00,15.04,15.3,15.0,15.21,0
2019-08-05 09:15:00,15.19,17.53,15.19,17.14,0
2019-08-05 10:15:00,17.14,17.71,17.04,17.59,0
2019-08-05 11:15:00,17.6,17.82,16.57,16.79,0
2019-08-05 12:15:00,16.8,16.97,16.32,16.66,0
2019-08-05 13:15:00,16.66,17.03,16.42,16.7,0
2019-08-05 14:15:00,16.69,16.95,16.52,16.57,0
2019-08-05 15:15:00,16.57,16.66,16.35,16.54,0
2019-08-06 09:15:00,16.59,16.79,15.95,16.55,0
2019-08-06 10:15:00,16.55,16.73,16.41,16.7,0
2019-08-06 11:15:00,16.71,16.73,16.53,16.58,0
2019-08-06 12:15:00,16.59,16.62,16.14,16.29,0
2019-08-06 13:15:00,16.3,16.36,15.79,15.79,0
2019-08-06 14:15:00,15.78,16.11,15.59,16.07,0
2019-08-06 15:15:00,16.07,16.49,16.07,16.45,0
2019-08-07 09:15:00,16.12,16.32,15.74,16.08,0
2019-08-07 10:15:00,16.08,16.38,16.07,16.14,0
2019-08-07 11:15:00,16.14,16.42,15.76,15.99,0
2019-08-07 12:15:00,15.99,16.33,15.91,16.07,0
2019-08-07 13:15:00,16.05,16.7,16.04,16.32,0
2019-08-07 14:15:00,16.32,16.91,16.24,16.63,0
2019-08-07 15:15:00,16.62,16.89,16.61,16.88,0
2019-08-08 09:15:00,16.74,16.74,15.52,16.32,0
2019-08-08 10:15:00,16.33,16.55,16.3,16.51,0
2019-08-08 11:15:00,16.52,16.63,16.34,16.39,0
2019-08-08 12:15:00,16.39,16.59,16.35,16.46,0
2019-08-08 13:15:00,16.46,16.51,16.09,16.2,0
2019-08-08 14:15:00,16.21,16.31,15.77,16.06,0
2019-08-08 15:15:00,16.07,16.52,16.05,16.41,0
2019-08-09 09:15:00,16.09,16.16,15.03,15.85,0
2019-08-09 10:15:00,15.86,16.13,15.83,16.09,0
2019-08-09 11:15:00,16.09,16.1,15.96,16.07,0
2019-08-09 12:15:00,16.03,16.11,15.85,15.94,0
2019-08-09 13:15:00,15.94,16.08,15.87,15.95,0
2019-08-09 14:15:00,15.94,16.01,15.75,15.84,0
2019-08-09 15:15:00,15.85,15.93,15.76,15.79,0
2019-08-13 09:15:00,15.85,16.75,15.12,16.44,0
2019-08-13 10:15:00,16.43,16.49,16.14,16.27,0
2019-08-13 11:15:00,16.27,16.61,16.27,16.55,0
2019-08-13 12:15:00,16.55,16.71,16.44,16.71,0
2019-08-13 13:15:00,16.7,17.03,16.7,16.91,0
2019-08-13 14:15:00,16.91,17.81,16.87,17.65,0
2019-08-13 15:15:00,17.65,18.01,17.64,18.0,0
2019-08-14 09:15:00,17.78,17.78,16.11,17.0,0
2019-08-14 10:15:00,17.0,17.0,16.31,16.73,0
2019-08-14 11:15:00,16.74,16.92,16.56,16.91,0
2019-08-14 12:15:00,16.91,16.91,16.63,16.68,0
2019-08-14 13:15:00,16.68,16.71,16.29,16.34,0
2019-08-14 14:15:00,16.34,16.54,16.25,16.26,0
2019-08-14 15:15:00,16.27,16.47,16.24,16.36,0
2019-08-16 09:15:00,16.36,17.43,15.99,16.99,0
2019-08-16 10:15:00,17.0,17.02,16.54,16.55,0
2019-08-16 11:15:00,16.56,16.81,16.52,16.55,0
2019-08-16 12:15:00,16.54,16.77,16.47,16.65,0
2019-08-16 13:15:00,16.65,16.87,16.55,16.75,0
2019-08-16 14:15:00,16.76,16.91,16.54,16.57,0
2019-08-16 15:15:00,16.57,16.77,16.57,16.71,0
2019-08-19 09:15:00,16.65,16.9,14.71,16.41,0
2019-08-19 10:15:00,16.42,16.42,16.05,16.35,0
2019-08-19 11:15:00,16.34,16.36,16.18,16.24,0
2019-08-19 12:15:00,16.25,16.3,16.13,16.2,0
2019-08-19 13:15:00,16.2,16.58,16.16,16.46,0
2019-08-19 14:15:00,16.46,17.03,16.46,16.75,0
2019-08-19 15:15:00,16.73,16.82,16.69,16.69,0
2019-08-20 09:15:00,16.75,17.1,15.11,16.99,0
2019-08-20 10:15:00,17.0,17.09,16.73,16.81,0
2019-08-20 11:15:00,16.8,16.91,16.7,16.78,0
2019-08-20 12:15:00,16.76,16.9,16.71,16.72,0
2019-08-20 13:15:00,16.72,16.74,16.33,16.43,0
2019-08-20 14:15:00,16.43,16.84,16.4,16.63,0
2019-08-20 15:15:00,16.62,16.71,16.45,16.46,0
2019-08-21 09:15:00,16.63,16.94,14.0,16.55,0
2019-08-21 10:15:00,16.55,16.76,16.51,16.74,0
2019-08-21 11:15:00,16.73,17.15,16.66,17.02,0
2019-08-21 12:15:00,17.02,17.08,16.84,16.94,0
2019-08-21 13:15:00,16.94,17.17,16.83,17.14,0
2019-08-21 14:15:00,17.13,17.33,16.79,17.03,0
2019-08-21 15:15:00,17.02,17.1,16.94,16.97,0
2019-08-22 09:15:00,17.02,17.49,14.49,17.35,0
2019-08-22 10:15:00,17.35,17.71,17.17,17.65,0
2019-08-22 11:15:00,17.66,17.7,17.35,17.5,0
2019-08-22 12:15:00,17.5,17.58,17.26,17.32,0
2019-08-22 13:15:00,17.33,17.69,17.12,17.55,0
2019-08-22 14:15:00,17.54,18.12,17.14,17.81,0
2019-08-22 15:15:00,17.82,17.99,17.67,17.84,0
2019-08-23 09:15:00,17.85,18.26,13.7,17.67,0
2019-08-23 10:15:00,17.67,17.82,17.16,17.73,0
2019-08-23 11:15:00,17.73,17.79,17.57,17.75,0
2019-08-23 12:15:00,17.76,17.81,17.35,17.42,0
2019-08-23 13:15:00,17.41,17.56,17.13,17.45,0
2019-08-23 14:15:00,17.45,17.57,17.26,17.35,0
2019-08-23 15:15:00,17.35,17.38,17.19,17.27,0
2019-08-26 09:15:00,17.35,19.15,13.7,18.85,0
2019-08-26 10:15:00,18.86,18.86,17.93,18.25,0
2019-08-26 11:15:00,18.27,18.27,17.47,17.5,0
2019-08-26 12:15:00,17.5,17.52,16.91,16.94,0
2019-08-26 13:15:00,16.94,17.13,16.84,17.07,0
2019-08-26 14:15:00,17.06,17.11,16.49,16.68,0
2019-08-26 15:15:00,16.68,16.8,16.58,16.63,0
2019-08-27 09:15:00,16.66,16.83,14.42,16.37,0
2019-08-27 10:15:00,16.36,16.51,16.17,16.28,0
2019-08-27 11:15:00,16.26,16.33,16.07,16.24,0
2019-08-27 12:15:00,16.23,16.36,16.04,16.3,0
2019-08-27 13:15:00,16.31,16.44,16.11,16.27,0
2019-08-27 14:15:00,16.27,16.36,15.91,15.99,0
2019-08-27 15:15:00,15.98,16.15,15.9,15.94,0
2019-08-28 09:15:00,16.01,16.26,14.12,15.96,0
2019-08-28 10:15:00,15.97,16.06,15.82,15.83,0
2019-08-28 11:15:00,15.84,16.2,15.78,16.06,0
2019-08-28 12:15:00,16.06,16.63,16.05,16.62,0
2019-08-28 13:15:00,16.62,17.11,16.53,17.1,0
2019-08-28 14:15:00,17.1,17.38,16.59,16.87,0
2019-08-28 15:15:00,16.86,16.96,16.78,16.83,0
2019-08-29 09:15:00,16.84,17.24,13.87,16.67,0
2019-08-29 10:15:00,16.66,17.13,16.61,16.95,0
2019-08-29 11:15:00,16.95,17.36,16.85,17.32,0
2019-08-29 12:15:00,17.31,17.45,16.71,16.78,0
2019-08-29 13:15:00,16.78,16.98,16.21,16.32,0
2019-08-29 14:15:00,16.32,16.72,16.15,16.56,0
2019-08-29 15:15:00,16.55,16.56,16.15,16.28,0
2019-08-30 09:15:00,16.43,16.43,15.19,16.34,0
2019-08-30 10:15:00,16.35,16.82,16.28,16.73,0
2019-08-30 11:15:00,16.73,17.38,16.72,17.07,0
2019-08-30 12:15:00,17.08,17.15,16.63,16.77,0
2019-08-30 13:15:00,16.78,17.13,16.43,16.66,0
2019-08-30 14:15:00,16.67,16.82,16.28,16.31,0
2019-08-30 15:15:00,16.33,16.33,16.13,16.28,0
2019-09-03 09:15:00,16.28,17.8,16.28,17.65,0
2019-09-03 10:15:00,17.66,17.96,17.55,17.7,0
2019-09-03 11:15:00,17.7,17.8,17.55,17.72,0
2019-09-03 12:15:00,17.72,18.01,17.65,17.7,0
2019-09-03 13:15:00,17.71,18.05,17.53,17.89,0
2019-09-03 14:15:00,17.89,18.06,17.57,18.0,0
2019-09-03 15:15:00,18.01,18.27,17.96,18.15,0
2019-09-04 09:15:00,18.06,18.31,17.2,17.77,0
2019-09-04 10:15:00,17.77,17.95,17.67,17.88,0
2019-09-04 11:15:00,17.88,17.89,17.46,17.75,0
2019-09-04 12:15:00,17.75,17.92,17.48,17.49,0
2019-09-04 13:15:00,17.49,17.56,17.29,17.36,0
2019-09-04 14:15:00,17.36,17.64,17.17,17.19,0
2019-09-04 15:15:00,17.19,17.28,17.13,17.23,0
2019-09-05 09:15:00,17.24,17.24,16.06,16.67,0
2019-09-05 10:15:00,16.67,16.77,16.41,16.61,0
2019-09-05 11:15:00,16.62,17.39,16.6,17.3,0
2019-09-05 12:15:00,17.3,17.43,17.01,17.02,0
2019-09-05 13:15:00,17.02,17.7,16.96,17.66,0
2019-09-05 14:15:00,17.65,17.7,17.18,17.31,0
2019-09-05 15:15:00,17.31,17.33,17.19,17.24,0
2019-09-06 09:15:00,17.27,17.27,15.89,16.78,0
2019-09-06 10:15:00,16.78,17.08,16.62,16.69,0
2019-09-06 11:15:00,16.68,16.75,16.55,16.61,0
2019-09-06 12:15:00,16.6,16.81,16.56,16.69,0
2019-09-06 13:15:00,16.7,16.7,16.45,16.49,0
2019-09-06 14:15:00,16.49,16.68,16.34,16.34,0
2019-09-06 15:15:00,16.34,16.35,16.05,16.08,0
2019-09-09 09:15:00,16.28,16.64,13.67,16.05,0
2019-09-09 10:15:00,16.04,16.15,15.94,15.99,0
2019-09-09 11:15:00,15.99,16.05,15.89,15.91,0
2019-09-09 12:15:00,15.9,16.1,15.86,16.01,0
2019-09-09 13:15:00,16.02,16.21,15.97,16.03,0
2019-09-09 14:15:00,16.03,16.12,15.82,15.87,0
2019-09-09 15:15:00,15.87,15.89,15.78,15.81,0
2019-09-11 09:15:00,15.85,15.85,14.65,15.62,0
2019-09-11 10:15:00,15.63,15.68,15.46,15.52,0
2019-09-11 11:15:00,15.52,15.65,15.49,15.61,0
2019-09-11 12:15:00,15.61,15.72,15.56,15.61,0
2019-09-11 13:15:00,15.61,15.67,15.39,15.41,0
2019-09-11 14:15:00,15.41,15.51,15.31,15.31,0
2019-09-11 15:15:00,15.32,15.49,15.31,15.49,0
2019-09-12 09:15:00,15.37,15.37,14.61,14.75,0
2019-09-12 10:15:00,14.75,14.89,14.7,14.88,0
2019-09-12 11:15:00,14.89,15.01,14.66,14.74,0
2019-09-12 12:15:00,14.75,14.88,14.66,14.75,0
2019-09-12 13:15:00,14.75,14.96,14.69,14.83,0
2019-09-12 14:15:00,14.83,15.13,14.81,14.92,0
2019-09-12 15:15:00,14.92,14.92,14.81,14.88,0
2019-09-13 09:15:00,14.9,15.2,14.2,15.1,0
2019-09-13 10:15:00,15.08,15.14,14.91,15.05,0
2019-09-13 11:15:00,15.05,15.1,14.85,14.91,0
2019-09-13 12:15:00,14.91,15.0,14.84,14.94,0
2019-09-13 13:15:00,14.94,14.95,14.55,14.62,0
2019-09-13 14:15:00,14.62,14.64,14.09,14.09,0
2019-09-13 15:15:00,14.08,14.09,13.9,13.91,0
2019-09-16 09:15:00,14.12,15.05,14.12,14.9,0
2019-09-16 10:15:00,14.89,15.05,14.85,15.02,0
2019-09-16 11:15:00,15.03,15.1,14.91,15.06,0
2019-09-16 12:15:00,15.04,15.27,14.98,15.22,0
2019-09-16 13:15:00,15.22,15.31,14.98,15.1,0
2019-09-16 14:15:00,15.1,15.14,14.93,14.97,0
2019-09-16 15:15:00,14.97,15.02,14.86,14.93,0
2019-09-17 09:15:00,14.95,15.38,13.29,15.37,0
2019-09-17 10:15:00,15.39,15.63,15.35,15.47,0
2019-09-17 11:15:00,15.46,15.59,15.39,15.51,0
2019-09-17 12:15:00,15.51,15.75,15.44,15.75,0
2019-09-17 13:15:00,15.75,16.23,15.73,16.17,0
2019-09-17 14:15:00,16.16,16.31,15.93,16.08,0
2019-09-17 15:15:00,16.08,16.1,15.9,15.99,0
2019-09-18 09:15:00,16.02,16.19,13.91,16.08,0
2019-09-18 10:15:00,16.08,16.11,15.89,15.96,0
2019-09-18 11:15:00,15.95,15.99,15.69,15.88,0
2019-09-18 12:15:00,15.87,15.94,15.53,15.55,0
2019-09-18 13:15:00,15.56,15.81,15.45,15.46,0
2019-09-18 14:15:00,15.46,15.54,15.24,15.45,0
2019-09-18 15:15:00,15.44,15.49,15.13,15.17,0
2019-09-19 09:15:00,15.35,15.66,14.18,15.43,0
2019-09-19 10:15:00,15.44,15.66,15.39,15.55,0
2019-09-19 11:15:00,15.56,15.63,15.44,15.62,0
2019-09-19 12:15:00,15.59,15.91,15.56,15.88,0
2019-09-19 13:15:00,15.89,15.97,15.69,15.75,0
2019-09-19 14:15:00,15.76,15.96,15.48,15.53,0
2019-09-19 15:15:00,15.52,15.63,15.41,15.6,0
2019-09-20 09:15:00,15.55,15.81,13.83,15.49,0
2019-09-20 10:15:00,15.47,15.51,14.46,15.15,0
2019-09-20 11:15:00,15.17,16.38,14.86,15.68,0
2019-09-20 12:15:00,15.66,16.08,15.56,15.82,0
2019-09-20 13:15:00,15.83,16.55,15.8,16.47,0
2019-09-20 14:15:00,16.46,17.05,15.18,15.23,0
2019-09-20 15:15:00,15.23,15.38,15.03,15.35,0
2019-09-23 09:15:00,15.4,17.64,14.21,16.53,0
2019-09-23 10:15:00,16.55,16.67,16.19,16.59,0
2019-09-23 11:15:00,16.6,17.05,16.38,16.77,0
2019-09-23 12:15:00,16.77,17.34,16.72,17.21,0
2019-09-23 13:15:00,17.21,17.29,16.89,16.93,0
2019-09-23 14:15:00,16.94,17.06,16.68,16.92,0
2019-09-23 15:15:00,16.92,17.03,16.92,17.03,0
2019-09-24 09:15:00,16.79,18.53,15.9,17.6,0
2019-09-24 10:15:00,17.61,17.86,17.12,17.23,0
2019-09-24 11:15:00,17.23,17.3,16.66,16.69,0
2019-09-24 12:15:00,16.67,17.09,16.6,16.89,0
2019-09-24 13:15:00,16.89,17.02,16.62,16.74,0
2019-09-24 14:15:00,16.74,17.07,16.63,16.68,0
2019-09-24 15:15:00,16.69,16.89,16.58,16.79,0
2019-09-25 09:15:00,16.73,17.42,14.1,16.06,0
2019-09-25 10:15:00,16.03,16.18,15.83,16.16,0
2019-09-25 11:15:00,16.17,16.24,15.96,16.02,0
2019-09-25 12:15:00,16.01,16.12,15.85,15.99,0
2019-09-25 13:15:00,16.0,16.21,15.88,16.1,0
2019-09-25 14:15:00,16.11,16.35,15.95,16.14,0
2019-09-25 15:15:00,16.11,16.33,16.11,16.22,0
2019-09-26 09:15:00,16.17,16.17,13.64,15.78,0
2019-09-26 10:15:00,15.74,16.49,15.71,16.18,0
2019-09-26 11:15:00,16.24,16.7,16.11,16.67,0
2019-09-26 12:15:00,16.66,17.01,16.43,16.5,0
2019-09-26 13:15:00,16.49,16.68,16.36,16.38,0
2019-09-26 14:15:00,16.38,16.57,16.06,16.36,0
2019-09-26 15:15:00,16.35,16.36,16.18,16.28,0
2019-09-27 09:15:00,16.34,16.82,16.13,16.46,0
2019-09-27 10:15:00,16.45,16.54,16.32,16.38,0
2019-09-27 11:15:00,16.37,16.43,16.22,16.32,0
2019-09-27 12:15:00,16.26,16.4,16.15,16.23,0
2019-09-27 13:15:00,16.22,16.3,16.0,16.21,0
2019-09-27 14:15:00,16.22,16.35,16.09,16.15,0
2019-09-27 15:15:00,16.14,16.2,15.93,16.0,0
2019-09-30 09:15:00,16.12,16.46,15.94,16.45,0
2019-09-30 10:15:00,16.45,16.51,16.27,16.41,0
2019-09-30 11:15:00,16.4,16.49,16.32,16.4,0
2019-09-30 12:15:00,16.39,16.5,16.25,16.38,0
2019-09-30 13:15:00,16.38,16.47,16.25,16.29,0
2019-09-30 14:15:00,16.29,16.33,15.8,15.85,0
2019-09-30 15:15:00,15.85,15.94,15.81,15.94,0
2019-10-01 09:15:00,15.87,16.43,14.95,16.24,0
2019-10-01 10:15:00,16.24,16.3,15.83,16.18,0
2019-10-01 11:15:00,16.16,16.19,15.98,16.15,0
2019-10-01 12:15:00,16.16,16.31,16.02,16.24,0
2019-10-01 13:15:00,16.23,18.21,16.16,17.84,0
2019-10-01 14:15:00,17.84,18.22,16.53,17.02,0
2019-10-01 15:15:00,17.02,17.08,16.5,16.7,0
2019-10-03 09:15:00,16.76,17.83,16.45,17.59,0
2019-10-03 10:15:00,17.6,17.86,17.45,17.49,0
2019-10-03 11:15:00,17.49,17.55,17.35,17.43,0
2019-10-03 12:15:00,17.43,17.57,17.32,17.54,0
2019-10-03 13:15:00,17.53,18.05,17.53,17.8,0
2019-10-03 14:15:00,17.8,17.9,17.63,17.72,0
2019-10-03 15:15:00,17.72,17.78,17.67,17.71,0
2019-10-04 09:15:00,17.7,17.7,16.35,17.14,0
2019-10-04 10:15:00,17.13,17.28,17.09,17.13,0
2019-10-04 11:15:00,17.13,17.69,16.9,17.69,0
2019-10-04 12:15:00,17.69,17.74,17.12,17.49,0
2019-10-04 13:15:00,17.48,17.55,17.19,17.19,0
2019-10-04 14:15:00,17.2,17.63,17.09,17.6,0
2019-10-04 15:15:00,17.6,17.93,17.6,17.93,0
2019-10-07 09:15:00,17.58,18.43,17.0,17.86,0
2019-10-07 10:15:00,17.87,18.13,17.8,17.89,0
2019-10-07 11:15:00,17.9,18.04,17.79,17.83,0
2019-10-07 12:15:00,17.83,17.96,17.75,17.79,0
2019-10-07 13:15:00,17.79,17.91,17.7,17.85,0
2019-10-07 14:15:00,17.89,17.92,17.6,17.9,0
2019-10-07 15:15:00,17.9,18.0,17.78,17.85,0
2019-10-09 09:15:00,17.83,18.33,16.34,17.97,0
2019-10-09 10:15:00,17.96,18.29,17.85,18.03,0
2019-10-09 11:15:00,18.03,18.12,17.62,17.71,0
2019-10-09 12:15:00,17.7,17.78,17.32,17.34,0
2019-10-09 13:15:00,17.33,17.49,17.27,17.34,0
2019-10-09 14:15:00,17.34,17.36,17.09,17.1,0
2019-10-09 15:15:00,17.1,17.26,17.07,17.09,0
2019-10-10 09:15:00,17.16,17.31,15.73,17.17,0
2019-10-10 10:15:00,17.17,17.39,17.11,17.22,0
2019-10-10 11:15:00,17.23,17.44,17.21,17.41,0
2019-10-10 12:15:00,17.41,17.47,17.28,17.35,0
2019-10-10 13:15:00,17.35,17.54,17.21,17.31,0
2019-10-10 14:15:00,17.31,17.42,17.19,17.22,0
2019-10-10 15:15:00,17.21,17.26,17.1,17.19,0
2019-10-11 09:15:00,17.23,17.23,15.78,16.92,0
2019-10-11 10:15:00,16.93,18.28,16.89,17.55,0
2019-10-11 11:15:00,17.55,17.84,17.39,17.71,0
2019-10-11 12:15:00,17.71,17.73,17.45,17.47,0
2019-10-11 13:15:00,17.46,17.59,17.15,17.25,0
2019-10-11 14:15:00,17.26,17.36,17.04,17.05,0
2019-10-11 15:15:00,17.05,17.18,17.03,17.1,0
2019-10-14 09:15:00,17.14,17.96,17.14,17.71,0
2019-10-14 10:15:00,17.69,17.82,17.49,17.57,0
2019-10-14 11:15:00,17.57,17.62,17.42,17.45,0
2019-10-14 12:15:00,17.45,17.57,17.43,17.48,0
2019-10-14 13:15:00,17.48,17.52,17.31,17.41,0
2019-10-14 14:15:00,17.41,17.5,17.25,17.46,0
2019-10-14 15:15:00,17.48,17.52,17.33,17.39,0
2019-10-15 09:15:00,17.43,17.43,16.69,17.11,0
2019-10-15 10:15:00,17.1,17.19,17.03,17.08,0
2019-10-15 11:15:00,17.09,17.2,16.98,17.13,0
2019-10-15 12:15:00,17.12,17.2,17.05,17.06,0
2019-10-15 13:15:00,17.06,17.12,16.87,16.88,0
2019-10-15 14:15:00,16.89,16.95,16.76,16.87,0
2019-10-15 15:15:00,16.87,16.91,16.78,16.79,0
2019-10-16 09:15:00,16.85,16.95,15.5,16.86,0
2019-10-16 10:15:00,16.87,16.88,16.56,16.56,0
2019-10-16 11:15:00,16.57,16.64,16.42,16.5,0
2019-10-16 12:15:00,16.5,16.69,16.49,16.58,0
2019-10-16 13:15:00,16.6,16.74,16.51,16.55,0
2019-10-16 14:15:00,16.55,16.59,16.35,16.35,0
2019-10-16 15:15:00,16.36,16.36,16.24,16.27,0
2019-10-17 09:15:00,16.36,16.36,15.52,16.07,0
2019-10-17 10:15:00,16.07,16.1,15.91,16.07,0
2019-10-17 11:15:00,16.06,16.2,16.0,16.03,0
2019-10-17 12:15:00,16.04,16.09,15.88,15.92,0
2019-10-17 13:15:00,15.92,16.05,15.74,15.85,0
2019-10-17 14:15:00,15.85,16.1,15.67,15.92,0
2019-10-17 15:15:00,15.91,15.94,15.76,15.84,0
2019-10-18 09:15:00,15.88,16.11,14.99,15.96,0
2019-10-18 10:15:00,15.95,15.99,15.8,15.85,0
2019-10-18 11:15:00,15.85,15.89,15.74,15.84,0
2019-10-18 12:15:00,15.83,16.08,15.79,16.0,0
2019-10-18 13:15:00,16.0,16.12,15.9,16.08,0
2019-10-18 14:15:00,16.11,16.15,15.87,15.94,0
2019-10-18 15:15:00,15.95,16.0,15.84,15.98,0
2019-10-22 09:15:00,15.93,16.8,13.6,16.5,0
2019-10-22 10:15:00,16.49,16.63,16.42,16.51,0
2019-10-22 11:15:00,16.52,16.59,16.43,16.59,0
2019-10-22 12:15:00,16.59,16.9,16.47,16.79,0
2019-10-22 13:15:00,16.79,17.12,16.47,16.97,0
2019-10-22 14:15:00,16.98,17.1,16.74,16.89,0
2019-10-22 15:15:00,16.89,16.92,16.64,16.66,0
2019-10-23 09:15:00,16.81,16.81,14.83,16.57,0
2019-10-23 10:15:00,16.56,16.85,16.39,16.46,0
2019-10-23 11:15:00,16.45,16.58,16.41,16.47,0
2019-10-23 12:15:00,16.46,16.78,16.42,16.7,0
2019-10-23 13:15:00,16.7,16.71,16.46,16.62,0
2019-10-23 14:15:00,16.61,16.78,16.42,16.63,0
2019-10-23 15:15:00,16.64,16.64,16.42,16.49,0
2019-10-24 09:15:00,16.54,16.63,14.71,16.28,0
2019-10-24 10:15:00,16.28,16.78,16.23,16.71,0
2019-10-24 11:15:00,16.73,16.74,16.38,16.45,0
2019-10-24 12:15:00,16.45,16.52,16.29,16.43,0
2019-10-24 13:15:00,16.43,16.68,16.29,16.6,0
2019-10-24 14:15:00,16.59,16.62,16.21,16.27,0
2019-10-24 15:15:00,16.26,16.3,16.05,16.06,0
2019-10-25 09:15:00,16.24,16.24,15.64,15.99,0
2019-10-25 10:15:00,15.99,16.13,15.75,15.76,0
2019-10-25 11:15:00,15.77,15.87,15.67,15.7,0
2019-10-25 12:15:00,15.7,15.99,15.64,15.89,0
2019-10-25 13:15:00,15.9,16.01,15.51,15.53,0
2019-10-25 14:15:00,15.54,15.64,15.28,15.3,0
2019-10-25 15:15:00,15.29,15.36,15.2,15.25,0
2019-10-27 18:15:00,16.24,16.24,13.98,15.56,0
2019-10-29 09:15:00,15.59,16.04,15.5,15.69,0
2019-10-29 10:15:00,15.69,16.1,15.64,16.08,0
2019-10-29 11:15:00,16.09,16.2,15.98,16.14,0
2019-10-29 12:15:00,16.12,16.21,16.03,16.1,0
2019-10-29 13:15:00,16.09,16.37,15.91,16.37,0
2019-10-29 14:15:00,16.36,16.55,16.25,16.38,0
2019-10-29 15:15:00,16.38,16.46,16.28,16.35,0
2019-10-30 09:15:00,16.42,16.63,16.25,16.61,0
2019-10-30 10:15:00,16.62,16.76,16.57,16.58,0
2019-10-30 11:15:00,16.59,16.72,16.57,16.67,0
2019-10-30 12:15:00,16.67,16.82,16.62,16.7,0
2019-10-30 13:15:00,16.69,16.84,16.61,16.76,0
2019-10-30 14:15:00,16.76,16.85,16.55,16.6,0
2019-10-30 15:15:00,16.61,16.71,16.59,16.71,0
2019-10-31 09:15:00,16.66,16.8,15.5,16.5,0
2019-10-31 10:15:00,16.5,16.57,16.4,16.48,0
2019-10-31 11:15:00,16.49,16.56,16.41,16.46,0
2019-10-31 12:15:00,16.46,16.5,16.35,16.39,0
2019-10-31 13:15:00,16.38,16.44,16.19,16.22,0
2019-10-31 14:15:00,16.23,16.52,16.04,16.22,0
2019-10-31 15:15:00,16.22,16.31,16.2,16.3,0
2019-11-01 09:15:00,16.28,16.47,15.17,16.35,0
2019-11-01 10:15:00,16.34,16.4,16.16,16.18,0
2019-11-01 11:15:00,16.18,16.24,16.1,16.16,0
2019-11-01 12:15:00,16.16,16.24,16.08,16.18,0
2019-11-01 13:15:00,16.17,16.24,16.02,16.07,0
2019-11-01 14:15:00,16.06,16.07,15.72,15.75,0
2019-11-01 15:15:00,15.75,15.76,15.63,15.63,0
2019-11-04 09:15:00,15.73,16.18,13.5,16.05,0
2019-11-04 10:15:00,16.03,16.12,16.0,16.01,0
2019-11-04 11:15:00,16.02,16.37,15.9,16.26,0
2019-11-04 12:15:00,16.24,16.31,16.1,16.12,0
2019-11-04 13:15:00,16.12,16.21,16.0,16.07,0
2019-11-04 14:15:00,16.07,16.11,15.89,15.95,0
2019-11-04 15:15:00,15.96,15.96,15.87,15.9,0
2019-11-05 09:15:00,15.93,16.34,13.51,16.06,0
2019-11-05 10:15:00,16.06,16.14,16.01,16.12,0
2019-11-05 11:15:00,16.13,16.29,16.07,16.19,0
2019-11-05 12:15:00,16.19,16.24,16.13,16.19,0
2019-11-05 13:15:00,16.18,16.26,15.97,16.0,0
2019-11-05 14:15:00,15.99,16.16,15.9,15.92,0
2019-11-05 15:15:00,15.92,15.94,15.83,15.89,0
2019-11-06 09:15:00,15.92,16.03,13.38,15.98,0
2019-11-06 10:15:00,15.97,15.97,15.81,15.87,0
2019-11-06 11:15:00,15.87,15.88,15.66,15.76,0
2019-11-06 12:15:00,15.77,16.15,15.72,15.85,0
2019-11-06 13:15:00,15.84,15.9,15.75,15.79,0
2019-11-06 14:15:00,15.79,15.98,15.7,15.79,0
2019-11-06 15:15:00,15.8,15.81,15.66,15.71,0
2019-11-07 09:15:00,15.78,15.82,13.53,15.65,0
2019-11-07 10:15:00,15.65,15.92,15.64,15.72,0
2019-11-07 11:15:00,15.73,15.81,15.61,15.64,0
2019-11-07 12:15:00,15.65,15.86,15.52,15.59,0
2019-11-07 13:15:00,15.59,15.65,15.41,15.43,0
2019-11-07 14:15:00,15.43,15.46,15.18,15.21,0
2019-11-07 15:15:00,15.22,15.23,15.11,15.11,0
2019-11-08 09:15:00,15.21,15.78,13.71,15.69,0
2019-11-08 10:15:00,15.68,15.87,15.62,15.77,0
2019-11-08 11:15:00,15.77,15.85,15.59,15.69,0
2019-11-08 12:15:00,15.68,15.75,15.54,15.62,0
2019-11-08 13:15:00,15.62,15.81,15.34,15.73,0
2019-11-08 14:15:00,15.73,15.95,15.3,15.95,0
2019-11-08 15:15:00,15.93,15.99,15.83,15.88,0
2019-11-11 09:15:00,15.86,16.68,15.2,16.6,0
2019-11-11 10:15:00,16.6,16.77,16.2,16.68,0
2019-11-11 11:15:00,16.68,16.76,16.52,16.58,0
2019-11-11 12:15:00,16.58,16.65,16.38,16.63,0
2019-11-11 13:15:00,16.63,16.65,16.41,16.47,0
2019-11-11 14:15:00,16.46,16.59,16.18,16.19,0
2019-11-11 15:15:00,16.19,16.2,16.09,16.11,0
2019-11-13 09:15:00,16.25,16.67,14.47,16.43,0
2019-11-13 10:15:00,16.43,16.5,16.35,16.42,0
2019-11-13 11:15:00,16.42,16.45,16.28,16.42,0
2019-11-13 12:15:00,16.42,16.43,16.24,16.32,0
2019-11-13 13:15:00,16.32,16.5,16.28,16.37,0
2019-11-13 14:15:00,16.38,16.63,16.36,16.5,0
2019-11-13 15:15:00,16.49,16.52,16.33,16.35,0
2019-11-14 09:15:00,16.46,16.46,14.09,15.62,0
2019-11-14 10:15:00,15.61,16.1,15.53,15.94,0
2019-11-14 11:15:00,15.93,15.93,15.4,15.46,0
2019-11-14 12:15:00,15.46,15.96,15.36,15.4,0
2019-11-14 13:15:00,15.4,15.75,15.26,15.75,0
2019-11-14 14:15:00,15.75,15.89,15.6,15.67,0
2019-11-14 15:15:00,15.67,15.69,15.47,15.5,0
2019-11-15 09:15:00,15.65,15.65,12.52,15.04,0
2019-11-15 10:15:00,15.04,15.29,14.95,15.23,0
2019-11-15 11:15:00,15.23,15.33,15.13,15.17,0
2019-11-15 12:15:00,15.17,15.19,15.02,15.12,0
2019-11-15 13:15:00,15.12,15.17,14.89,14.95,0
2019-11-15 14:15:00,14.95,15.33,14.88,15.05,0
2019-11-15 15:15:00,15.06,15.06,14.95,14.98,0
2019-11-18 09:15:00,15.03,16.07,13.16,15.94,0
2019-11-18 10:15:00,15.94,16.07,15.43,15.61,0
2019-11-18 11:15:00,15.61,16.05,15.56,15.92,0
2019-11-18 12:15:00,15.93,15.99,15.84,15.96,0
2019-11-18 13:15:00,15.96,16.03,15.85,15.97,0
2019-11-18 14:15:00,15.96,15.98,15.74,15.79,0
2019-11-18 15:15:00,15.79,15.79,15.65,15.67,0
2019-11-19 09:15:00,15.76,15.76,12.61,15.37,0
2019-11-19 10:15:00,15.37,15.4,15.15,15.27,0
2019-11-19 11:15:00,15.27,15.5,15.14,15.48,0
2019-11-19 12:15:00,15.48,15.56,15.44,15.5,0
2019-11-19 13:15:00,15.5,15.57,15.44,15.48,0
2019-11-19 14:15:00,15.49,15.55,15.35,15.46,0
2019-11-19 15:15:00,15.46,15.5,15.37,15.4,0
2019-11-20 09:15:00,15.41,15.41,12.16,15.21,0
2019-11-20 10:15:00,15.21,15.33,15.17,15.25,0
2019-11-20 11:15:00,15.25,15.33,15.22,15.27,0
2019-11-20 12:15:00,15.27,15.31,15.11,15.18,0
2019-11-20 13:15:00,15.18,15.36,15.16,15.22,0
2019-11-20 14:15:00,15.22,15.4,15.12,15.16,0
2019-11-20 15:15:00,15.16,15.19,15.08,15.14,0
2019-11-21 09:15:00,15.16,15.47,12.61,15.44,0
2019-11-21 10:15:00,15.44,15.58,15.41,15.52,0
2019-11-21 11:15:00,15.52,15.6,15.42,15.45,0
2019-11-21 12:15:00,15.45,15.51,15.28,15.44,0
2019-11-21 13:15:00,15.44,15.49,15.34,15.44,0
2019-11-21 14:15:00,15.44,15.49,14.93,15.0,0
2019-11-21 15:15:00,15.0,15.0,14.87,14.88,0
2019-11-22 09:15:00,14.98,15.28,12.24,15.13,0
2019-11-22 10:15:00,15.13,15.56,14.91,15.44,0
2019-11-22 11:15:00,15.46,15.88,15.39,15.54,0
2019-11-22 12:15:00,15.53,15.56,15.09,15.18,0
2019-11-22 13:15:00,15.18,15.2,14.66,14.8,0
2019-11-22 14:15:00,14.79,15.03,14.64,14.86,0
2019-11-22 15:15:00,14.88,14.9,14.8,14.82,0
2019-11-25 09:15:00,14.87,14.87,13.04,14.34,0
2019-11-25 10:15:00,14.33,14.36,14.16,14.19,0
2019-11-25 11:15:00,14.19,14.51,14.16,14.44,0
2019-11-25 12:15:00,14.44,14.63,14.44,14.55,0
2019-11-25 13:15:00,14.55,15.13,14.5,15.08,0
2019-11-25 14:15:00,15.09,15.21,14.89,15.0,0
2019-11-25 15:15:00,15.0,15.09,14.96,15.01,0
2019-11-26 09:15:00,15.0,15.0,13.11,14.7,0
2019-11-26 10:15:00,14.7,14.84,14.59,14.68,0
2019-11-26 11:15:00,14.68,14.79,14.62,14.65,0
2019-11-26 12:15:00,14.65,14.71,14.56,14.6,0
2019-11-26 13:15:00,14.6,14.98,14.57,14.87,0
2019-11-26 14:15:00,14.87,15.13,14.76,14.79,0
2019-11-26 15:15:00,14.79,14.92,14.74,14.88,0
2019-11-27 09:15:00,14.84,14.84,12.36,14.62,0
2019-11-27 10:15:00,14.62,14.68,14.52,14.56,0
2019-11-27 11:15:00,14.56,14.73,14.47,14.66,0
2019-11-27 12:15:00,14.66,14.72,14.5,14.7,0
2019-11-27 13:15:00,14.7,14.72,14.54,14.62,0
2019-11-27 14:15:00,14.62,14.76,14.5,14.62,0
2019-11-27 15:15:00,14.62,14.71,14.49,14.52,0
2019-11-28 09:15:00,14.62,14.62,13.06,13.91,0
2019-11-28 10:15:00,13.9,14.13,13.86,13.98,0
2019-11-28 11:15:00,13.99,14.32,13.87,14.04,0
2019-11-28 12:15:00,14.04,14.13,13.98,14.1,0
2019-11-28 13:15:00,14.1,14.23,13.93,14.14,0
2019-11-28 14:15:00,14.14,14.19,13.88,14.04,0
2019-11-28 15:15:00,14.04,14.1,13.83,13.91,0
2019-11-29 09:15:00,13.99,13.99,13.14,13.8,0
2019-11-29 10:15:00,13.8,14.13,13.79,14.09,0
2019-11-29 11:15:00,14.09,14.29,14.01,14.12,0
2019-11-29 12:15:00,14.12,14.21,13.98,14.17,0
2019-11-29 13:15:00,14.17,14.22,14.01,14.13,0
2019-11-29 14:15:00,14.13,14.27,13.83,13.91,0
2019-11-29 15:15:00,13.9,14.06,13.78,13.9,0
2019-12-02 09:15:00,13.9,14.51,13.5,14.27,0
2019-12-02 10:15:00,14.26,14.51,13.92,14.15,0
2019-12-02 11:15:00,14.14,14.42,13.97,14.36,0
2019-12-02 12:15:00,14.36,15.85,14.3,14.4,0
2019-12-02 13:15:00,14.39,15.71,14.17,14.24,0
2019-12-02 14:15:00,14.24,14.38,14.19,14.19,0
2019-12-02 15:15:00,14.19,14.24,14.05,14.05,0
2019-12-03 09:15:00,14.2,16.34,12.07,13.67,0
2019-12-03 10:15:00,13.67,16.08,13.65,13.79,0
2019-12-03 11:15:00,13.79,15.74,13.79,15.65,0
2019-12-03 12:15:00,15.63,15.96,13.93,14.18,0
2019-12-03 13:15:00,14.18,15.25,14.03,14.11,0
2019-12-03 14:15:00,14.11,15.59,14.0,14.01,0
2019-12-03 15:15:00,14.0,14.68,13.85,13.86,0
2019-12-04 09:15:00,14.56,15.87,12.26,14.91,0
2019-12-04 10:15:00,14.9,15.05,14.78,14.97,0
2019-12-04 11:15:00,14.98,15.05,13.9,14.94,0
2019-12-04 12:15:00,14.94,14.97,13.93,14.84,0
2019-12-04 13:15:00,14.84,15.02,13.79,13.84,0
2019-12-04 14:15:00,13.85,13.88,13.29,13.3,0
2019-12-04 15:15:00,13.3,13.36,13.2,13.28,0
2019-12-05 09:15:00,13.32,14.78,12.83,14.34,0
2019-12-05 10:15:00,14.34,15.0,13.13,14.99,0
2019-12-05 11:15:00,15.0,15.12,13.78,14.58,0
2019-12-05 12:15:00,14.57,14.78,14.21,14.58,0
2019-12-05 13:15:00,14.58,14.75,13.23,14.51,0
2019-12-05 14:15:00,14.51,14.87,14.3,14.49,0
2019-12-05 15:15:00,14.49,14.49,13.14,13.14,0
2019-12-06 09:15:00,14.31,14.31,11.41,13.08,0
2019-12-06 10:15:00,13.08,14.18,13.06,13.78,0
2019-12-06 11:15:00,13.78,14.45,13.34,13.36,0
2019-12-06 12:15:00,13.36,13.4,13.13,13.39,0
2019-12-06 13:15:00,13.38,14.68,13.31,14.62,0
2019-12-06 14:15:00,14.62,14.65,13.48,13.6,0
2019-12-06 15:15:00,13.59,14.72,13.49,14.72,0
2019-12-09 09:15:00,13.64,15.18,12.47,14.44,0
2019-12-09 10:15:00,14.44,15.1,13.71,14.82,0
2019-12-09 11:15:00,14.82,14.87,13.65,14.64,0
2019-12-09 12:15:00,14.64,14.64,14.44,14.59,0
2019-12-09 13:15:00,14.6,15.36,14.51,14.81,0
2019-12-09 14:15:00,14.81,15.16,13.61,14.69,0
2019-12-09 15:15:00,14.69,14.86,14.47,14.67,0
2019-12-10 09:15:00,14.6,14.88,11.79,14.81,0
2019-12-10 10:15:00,14.81,15.22,14.37,14.54,0
2019-12-10 11:15:00,14.55,14.55,14.32,14.44,0
2019-12-10 12:15:00,14.44,14.54,14.31,14.41,0
2019-12-10 13:15:00,14.41,15.26,14.34,15.24,0
2019-12-10 14:15:00,15.24,15.26,14.58,14.73,0
2019-12-10 15:15:00,14.74,15.66,13.64,14.37,0
2019-12-11 09:15:00,14.29,14.29,11.71,13.78,0
2019-12-11 10:15:00,13.78,14.43,13.39,14.22,0
2019-12-11 11:15:00,14.22,14.45,13.73,13.76,0
2019-12-11 12:15:00,13.77,13.92,13.66,13.67,0
2019-12-11 13:15:00,13.67,13.79,13.51,13.69,0
2019-12-11 14:15:00,13.69,13.85,13.37,13.43,0
2019-12-11 15:15:00,13.43,13.6,13.12,13.14,0
2019-12-12 09:15:00,13.38,13.38,11.83,13.26,0
2019-12-12 10:15:00,13.26,13.77,13.23,13.38,0
2019-12-12 11:15:00,13.39,13.56,13.27,13.52,0
2019-12-12 12:15:00,13.52,13.53,13.18,13.2,0
2019-12-12 13:15:00,13.19,13.5,13.19,13.28,0
2019-12-12 14:15:00,13.28,13.65,13.11,13.33,0
2019-12-12 15:15:00,13.33,13.4,13.25,13.33,0
2019-12-13 09:15:00,13.35,14.67,12.19,13.58,0
2019-12-13 10:15:00,13.59,13.61,12.75,12.82,0
2019-12-13 11:15:00,12.82,14.2,12.77,14.16,0
2019-12-13 12:15:00,14.16,14.25,13.7,13.88,0
2019-12-13 13:15:00,13.89,13.93,13.06,13.72,0
2019-12-13 14:15:00,13.72,13.78,13.52,13.62,0
2019-12-13 15:15:00,13.63,14.23,12.85,12.97,0
2019-12-16 09:15:00,13.3,14.11,12.89,13.69,0
2019-12-16 10:15:00,13.69,13.71,13.19,13.51,0
2019-12-16 11:15:00,13.51,13.69,13.41,13.46,0
2019-12-16 12:15:00,13.46,13.59,13.46,13.57,0
2019-12-16 13:15:00,13.57,13.68,13.42,13.44,0
2019-12-16 14:15:00,13.44,13.57,12.88,13.35,0
2019-12-16 15:15:00,13.36,13.51,13.28,13.44,0
2019-12-17 09:15:00,13.42,13.42,11.96,12.61,0
2019-12-17 10:15:00,12.6,13.01,12.6,12.75,0
2019-12-17 11:15:00,12.75,12.91,12.63,12.68,0
2019-12-17 12:15:00,12.68,13.17,12.61,12.93,0
2019-12-17 13:15:00,12.92,13.28,12.73,13.2,0
2019-12-17 14:15:00,13.2,13.43,12.44,12.49,0
2019-12-17 15:15:00,12.49,12.59,12.47,12.54,0
2019-12-18 09:15:00,12.52,12.69,11.39,12.64,0
2019-12-18 10:15:00,12.64,12.72,12.53,12.59,0
2019-12-18 11:15:00,12.59,12.64,12.53,12.55,0
2019-12-18 12:15:00,12.55,12.63,12.44,12.46,0
2019-12-18 13:15:00,12.48,12.56,12.41,12.5,0
2019-12-18 14:15:00,12.51,12.54,12.29,12.35,0
2019-12-18 15:15:00,12.35,12.38,12.24,12.27,0
2019-12-19 09:15:00,12.34,12.41,11.33,12.18,0
2019-12-19 10:15:00,12.18,12.2,11.97,12.01,0
2019-12-19 11:15:00,12.01,12.16,11.98,12.13,0
2019-12-19 12:15:00,12.13,12.17,12.03,12.13,0
2019-12-19 13:15:00,12.13,12.17,12.02,12.06,0
2019-12-19 14:15:00,12.06,12.15,12.01,12.11,0
2019-12-19 15:15:00,12.11,12.2,12.08,12.16,0
2019-12-20 09:15:00,12.12,12.3,11.9,12.18,0
2019-12-20 10:15:00,12.18,12.32,12.14,12.25,0
2019-12-20 11:15:00,12.25,12.36,12.22,12.33,0
2019-12-20 12:15:00,12.32,12.47,12.3,12.47,0
2019-12-20 13:15:00,12.47,12.5,12.35,12.38,0
2019-12-20 14:15:00,12.38,12.73,12.32,12.35,0
2019-12-20 15:15:00,12.35,12.36,12.22,12.24,0
2019-12-23 09:15:00,12.33,14.51,11.93,12.18,0
2019-12-23 10:15:00,12.18,12.26,12.03,12.15,0
2019-12-23 11:15:00,12.15,12.19,11.97,12.04,0
2019-12-23 12:15:00,12.04,12.31,11.97,12.22,0
2019-12-23 13:15:00,12.22,12.36,12.07,12.15,0
2019-12-23 14:15:00,12.14,12.47,11.91,11.93,0
2019-12-23 15:15:00,11.93,11.96,11.78,11.82,0
2019-12-24 09:15:00,11.96,13.31,11.09,11.7,0
2019-12-24 10:15:00,11.7,11.93,11.62,11.69,0
2019-12-24 11:15:00,11.69,11.69,11.48,11.58,0
2019-12-24 12:15:00,11.58,11.82,11.47,11.55,0
2019-12-24 13:15:00,11.55,11.83,11.55,11.72,0
2019-12-24 14:15:00,11.72,11.79,11.56,11.68,0
2019-12-24 15:15:00,11.68,11.72,11.41,11.43,0
2019-12-26 09:15:00,11.63,12.35,11.31,11.63,0
2019-12-26 10:15:00,11.63,11.8,11.42,11.55,0
2019-12-26 11:15:00,11.55,11.59,11.33,11.37,0
2019-12-26 12:15:00,11.37,11.48,11.27,11.3,0
2019-12-26 13:15:00,11.3,11.36,11.15,11.21,0
2019-12-26 14:15:00,11.21,11.3,11.02,11.17,0
2019-12-26 15:15:00,11.17,11.23,10.89,10.89,0
2019-12-27 09:15:00,11.12,11.47,10.66,10.96,0
2019-12-27 10:15:00,10.96,11.15,10.82,10.94,0
2019-12-27 11:15:00,10.95,11.08,10.74,10.75,0
2019-12-27 12:15:00,10.75,10.92,10.66,10.78,0
2019-12-27 13:15:00,10.78,10.87,10.71,10.83,0
2019-12-27 14:15:00,10.83,10.89,10.43,10.5,0
2019-12-27 15:15:00,10.5,10.58,10.45,10.45,0
2019-12-30 09:15:00,10.53,11.45,9.62,11.26,0
2019-12-30 10:15:00,11.26,11.29,11.12,11.15,0
2019-12-30 11:15:00,11.14,11.4,11.1,11.17,0
2019-12-30 12:15:00,11.17,11.28,11.13,11.24,0
2019-12-30 13:15:00,11.24,11.32,11.13,11.22,0
2019-12-30 14:15:00,11.22,11.25,10.87,11.03,0
2019-12-30 15:15:00,11.03,11.09,10.89,10.89,0
2019-12-31 09:15:00,11.01,11.5,10.44,11.47,0
2019-12-31 10:15:00,11.47,11.64,11.42,11.63,0
2019-12-31 11:15:00,11.62,11.77,11.29,11.48,0
2019-12-31 12:15:00,11.48,11.64,11.47,11.54,0
2019-12-31 13:15:00,11.54,11.62,11.48,11.51,0
2019-12-31 14:15:00,11.51,11.76,11.5,11.68,0
2019-12-31 15:15:00,11.68,11.79,11.5,11.56,0
2020-01-01 09:15:00,11.67,11.71,11.09,11.65,0
2020-01-01 10:15:00,11.65,11.68,11.51,11.63,0
2020-01-01 11:15:00,11.63,11.72,11.53,11.61,0
2020-01-01 12:15:00,11.61,11.73,11.58,11.69,0
2020-01-01 13:15:00,11.69,11.72,11.59,11.68,0
2020-01-01 14:15:00,11.67,11.7,11.57,11.62,0
2020-01-01 15:15:00,11.62,11.65,11.47,11.54,0
2020-01-02 09:15:00,11.6,11.7,10.73,11.55,0
2020-01-02 10:15:00,11.55,11.57,11.44,11.44,0
2020-01-02 11:15:00,11.44,11.57,11.39,11.46,0
2020-01-02 12:15:00,11.46,11.51,11.39,11.49,0
2020-01-02 13:15:00,11.49,11.52,11.41,11.47,0
2020-01-02 14:15:00,11.47,11.56,11.37,11.49,0
2020-01-02 15:15:00,11.49,11.54,11.47,11.52,0
2020-01-03 09:15:00,11.49,12.52,10.69,12.16,0
2020-01-03 10:15:00,12.16,12.46,12.06,12.39,0
2020-01-03 11:15:00,12.39,12.5,12.35,12.42,0
2020-01-03 12:15:00,12.42,12.48,12.31,12.38,0
2020-01-03 13:15:00,12.38,12.66,12.38,12.65,0
2020-01-03 14:15:00,12.65,12.94,12.59,12.66,0
2020-01-03 15:15:00,12.66,12.75,12.63,12.66,0
2020-01-06 09:15:00,12.7,14.69,12.7,14.49,0
2020-01-06 10:15:00,14.49,14.7,14.41,14.66,0
2020-01-06 11:15:00,14.66,15.03,14.6,15.0,0
2020-01-06 12:15:00,15.01,15.1,14.82,14.95,0
2020-01-06 13:15:00,14.95,15.06,14.76,14.88,0
2020-01-06 14:15:00,14.88,14.97,14.72,14.8,0
2020-01-06 15:15:00,14.8,14.82,14.75,14.8,0
2020-01-07 09:15:00,12.7,14.78,12.7,14.0,0
2020-01-07 10:15:00,14.0,14.58,13.97,14.46,0
2020-01-07 11:15:00,14.48,14.58,14.26,14.42,0
2020-01-07 12:15:00,14.42,14.89,14.32,14.85,0
2020-01-07 13:15:00,14.87,15.08,14.45,14.84,0
2020-01-07 14:15:00,14.84,14.91,14.48,14.56,0
2020-01-07 15:15:00,14.56,14.6,14.46,14.55,0
2020-01-08 09:15:00,14.61,16.01,13.79,15.89,0
2020-01-08 10:15:00,15.89,16.19,15.67,16.14,0
2020-01-08 11:15:00,16.14,16.39,16.08,16.16,0
2020-01-08 12:15:00,16.16,16.19,15.69,16.04,0
2020-01-08 13:15:00,16.04,16.16,15.54,15.71,0
2020-01-08 14:15:00,15.7,15.85,15.48,15.63,0
2020-01-08 15:15:00,15.63,15.71,15.62,15.68,0
2020-01-09 09:15:00,15.64,15.64,13.0,14.03,0
2020-01-09 10:15:00,14.0,14.11,13.81,14.05,0
2020-01-09 11:15:00,14.06,14.17,14.02,14.12,0
2020-01-09 12:15:00,14.13,14.17,14.03,14.05,0
2020-01-09 13:15:00,14.05,14.12,13.95,14.06,0
2020-01-09 14:15:00,14.06,14.08,13.96,13.97,0
2020-01-09 15:15:00,13.97,14.07,13.9,14.05,0
2020-01-10 09:15:00,14.0,14.09,13.18,13.87,0
2020-01-10 10:15:00,13.87,14.01,13.84,14.01,0
2020-01-10 11:15:00,14.01,14.16,13.94,14.09,0
2020-01-10 12:15:00,14.09,14.19,13.99,14.05,0
2020-01-10 13:15:00,14.06,14.17,13.99,14.15,0
2020-01-10 14:15:00,14.14,14.25,13.99,14.09,0
2020-01-10 15:15:00,14.08,14.11,13.97,13.98,0
2020-01-13 09:15:00,14.08,14.5,13.58,14.36,0
2020-01-13 10:15:00,14.36,14.41,14.26,14.36,0
2020-01-13 11:15:00,14.37,14.41,14.28,14.32,0
2020-01-13 12:15:00,14.34,14.41,14.27,14.4,0
2020-01-13 13:15:00,14.4,14.43,14.17,14.34,0
2020-01-13 14:15:00,14.34,14.37,14.19,14.27,0
2020-01-13 15:15:00,14.27,14.35,14.24,14.31,0
2020-01-14 09:15:00,14.28,14.28,13.06,14.04,0
2020-01-14 10:15:00,14.03,14.13,14.0,14.03,0
2020-01-14 11:15:00,14.03,14.1,13.96,14.03,0
2020-01-14 12:15:00,14.03,14.06,13.9,13.98,0
2020-01-14 13:15:00,13.99,14.08,13.81,14.03,0
2020-01-14 14:15:00,14.04,14.07,13.85,13.92,0
2020-01-14 15:15:00,13.92,13.97,13.83,13.97,0
2020-01-15 09:15:00,13.91,14.43,13.59,14.37,0
2020-01-15 10:15:00,14.36,14.46,14.27,14.31,0
2020-01-15 11:15:00,14.29,14.38,14.19,14.3,0
2020-01-15 12:15:00,14.31,14.37,14.16,14.25,0
2020-01-15 13:15:00,14.24,14.4,14.17,14.28,0
2020-01-15 14:15:00,14.28,14.31,14.05,14.13,0
2020-01-15 15:15:00,14.11,14.17,14.02,14.08,0
2020-01-16 09:15:00,14.12,14.18,12.6,14.12,0
2020-01-16 10:15:00,14.12,14.32,14.07,14.26,0
2020-01-16 11:15:00,14.29,14.37,14.22,14.31,0
2020-01-16 12:15:00,14.31,14.37,14.17,14.21,0
2020-01-16 13:15:00,14.21,14.27,14.13,14.22,0
2020-01-16 14:15:00,14.22,14.28,14.14,14.19,0
2020-01-16 15:15:00,14.17,14.2,14.12,14.13,0
2020-01-17 09:15:00,14.18,14.53,12.5,14.35,0
2020-01-17 10:15:00,14.36,14.44,14.26,14.27,0
2020-01-17 11:15:00,14.28,14.41,14.23,14.31,0
2020-01-17 12:15:00,14.29,14.36,14.24,14.26,0
2020-01-17 13:15:00,14.26,14.32,14.14,14.19,0
2020-01-17 14:15:00,14.19,14.23,14.06,14.16,0
2020-01-17 15:15:00,14.15,14.2,14.06,14.06,0
2020-01-20 09:15:00,14.13,14.98,12.59,14.96,0
2020-01-20 10:15:00,14.95,15.23,14.89,15.19,0
2020-01-20 11:15:00,15.19,15.39,15.14,15.15,0
2020-01-20 12:15:00,15.15,15.33,15.08,15.33,0
2020-01-20 13:15:00,15.33,15.36,15.19,15.3,0
2020-01-20 14:15:00,15.31,15.47,15.3,15.42,0
2020-01-20 15:15:00,15.42,15.5,15.37,15.44,0
2020-01-21 09:15:00,15.41,15.95,15.07,15.87,0
2020-01-21 10:15:00,15.87,15.97,15.77,15.86,0
2020-01-21 11:15:00,15.86,15.94,15.7,15.79,0
2020-01-21 12:15:00,15.79,15.95,15.76,15.83,0
2020-01-21 13:15:00,15.82,16.02,15.78,15.9,0
2020-01-21 14:15:00,15.9,16.04,15.76,15.87,0
2020-01-21 15:15:00,15.87,15.93,15.8,15.86,0
2020-01-22 09:15:00,15.86,16.09,15.36,16.02,0
2020-01-22 10:15:00,16.04,16.48,16.02,16.29,0
2020-01-22 11:15:00,16.28,16.38,16.17,16.21,0
2020-01-22 12:15:00,16.21,16.3,16.07,16.12,0
2020-01-22 13:15:00,16.13,16.56,16.13,16.46,0
2020-01-22 14:15:00,16.46,16.61,16.23,16.31,0
2020-01-22 15:15:00,16.29,16.52,16.29,16.41,0
2020-01-23 09:15:00,16.36,16.71,16.03,16.1,0
2020-01-23 10:15:00,16.1,16.44,16.05,16.41,0
2020-01-23 11:15:00,16.4,16.47,16.2,16.26,0
2020-01-23 12:15:00,16.26,16.27,15.99,16.02,0
2020-01-23 13:15:00,16.01,16.14,15.95,16.0,0
2020-01-23 14:15:00,16.0,16.04,15.79,15.87,0
2020-01-23 15:15:00,15.88,15.91,15.78,15.78,0
2020-01-24 09:15:00,15.86,16.22,14.59,15.55,0
2020-01-24 10:15:00,15.55,15.58,15.42,15.56,0
2020-01-24 11:15:00,15.56,15.61,15.5,15.6,0
2020-01-24 12:15:00,15.6,15.62,15.44,15.47,0
2020-01-24 13:15:00,15.47,15.5,15.35,15.39,0
2020-01-24 14:15:00,15.39,15.69,15.29,15.66,0
2020-01-24 15:15:00,15.66,15.67,15.51,15.54,0
2020-01-27 09:15:00,15.56,16.84,14.68,16.55,0
2020-01-27 10:15:00,16.55,16.75,16.52,16.68,0
2020-01-27 11:15:00,16.68,16.71,16.54,16.57,0
2020-01-27 12:15:00,16.57,16.73,16.5,16.72,0
2020-01-27 13:15:00,16.72,16.78,16.67,16.75,0
2020-01-27 14:15:00,16.75,17.19,16.69,17.16,0
2020-01-27 15:15:00,17.16,17.34,17.11,17.28,0
2020-01-28 09:15:00,17.18,17.6,16.96,17.4,0
2020-01-28 10:15:00,17.4,17.54,17.29,17.4,0
2020-01-28 11:15:00,17.4,17.41,17.21,17.24,0
2020-01-28 12:15:00,17.24,17.32,17.13,17.14,0
2020-01-28 13:15:00,17.14,17.55,17.12,17.45,0
2020-01-28 14:15:00,17.46,17.62,17.25,17.27,0
2020-01-28 15:15:00,17.27,17.3,17.17,17.24,0
2020-01-29 09:15:00,17.3,17.3,15.65,16.74,0
2020-01-29 10:15:00,16.74,16.77,16.54,16.7,0
2020-01-29 11:15:00,16.7,16.71,16.51,16.55,0
2020-01-29 12:15:00,16.55,16.6,16.47,16.51,0
2020-01-29 13:15:00,16.51,16.79,16.41,16.56,0
2020-01-29 14:15:00,16.56,16.74,16.42,16.51,0
2020-01-29 15:15:00,16.51,16.51,16.38,16.41,0
2020-01-30 09:15:00,16.5,16.75,15.38,16.57,0
2020-01-30 10:15:00,16.57,16.63,16.47,16.59,0
2020-01-30 11:15:00,16.59,16.75,16.44,16.72,0
2020-01-30 12:15:00,16.72,16.82,16.62,16.76,0
2020-01-30 13:15:00,16.76,17.09,16.65,17.06,0
2020-01-30 14:15:00,17.06,17.14,16.64,16.83,0
2020-01-30 15:15:00,16.83,16.94,16.82,16.88,0
2020-01-31 09:15:00,16.8,17.35,14.9,17.16,0
2020-01-31 10:15:00,17.15,17.48,17.13,17.41,0
2020-01-31 11:15:00,17.41,17.59,17.41,17.5,0
2020-01-31 12:15:00,17.49,17.5,17.1,17.19,0
2020-01-31 13:15:00,17.19,17.28,16.91,16.92,0
2020-01-31 14:15:00,16.92,17.48,16.84,17.39,0
2020-01-31 15:15:00,17.4,17.44,17.29,17.3,0
2020-02-01 09:15:00,17.37,17.93,16.86,17.71,0
2020-02-01 10:15:00,17.71,17.72,17.24,17.4,0
2020-02-01 11:15:00,17.41,17.74,17.34,17.39,0
2020-02-01 12:15:00,17.39,17.59,17.05,17.15,0
2020-02-01 13:15:00,17.15,17.39,16.05,16.28,0
2020-02-01 14:15:00,16.28,16.8,16.03,16.78,0
2020-02-01 15:15:00,16.77,17.25,16.67,17.13,0
2020-02-03 09:15:00,16.84,17.03,15.72,16.21,0
2020-02-03 10:15:00,16.22,16.25,15.77,15.93,0
2020-02-03 11:15:00,15.93,16.23,15.86,16.06,0
2020-02-03 12:15:00,16.06,16.17,15.81,15.95,0
2020-02-03 13:15:00,15.95,16.07,15.65,15.74,0
2020-02-03 14:15:00,15.74,15.96,15.48,15.86,0
2020-02-03 15:15:00,15.87,15.87,15.52,15.53,0
2020-02-04 09:15:00,15.78,15.78,14.52,14.64,0
2020-02-04 10:15:00,14.64,14.81,14.5,14.7,0
2020-02-04 11:15:00,14.7,14.8,14.55,14.61,0
2020-02-04 12:15:00,14.61,14.69,14.55,14.6,0
2020-02-04 13:15:00,14.6,14.72,14.52,14.64,0
2020-02-04 14:15:00,14.64,14.67,14.32,14.38,0
2020-02-04 15:15:00,14.38,14.42,14.31,14.33,0
2020-02-05 09:15:00,14.38,14.53,13.82,14.31,0
2020-02-05 10:15:00,14.3,14.31,14.02,14.1,0
2020-02-05 11:15:00,14.1,14.5,14.09,14.45,0
2020-02-05 12:15:00,14.45,14.48,14.24,14.32,0
2020-02-05 13:15:00,14.31,14.36,14.05,14.2,0
2020-02-05 14:15:00,14.21,14.36,14.13,14.19,0
2020-02-05 15:15:00,14.19,14.19,13.96,13.98,0
2020-02-06 09:15:00,14.17,14.19,12.65,14.18,0
2020-02-06 10:15:00,14.18,14.21,14.06,14.19,0
2020-02-06 11:15:00,14.19,14.24,13.92,14.01,0
2020-02-06 12:15:00,14.01,14.02,13.84,13.88,0
2020-02-06 13:15:00,13.88,13.97,13.73,13.87,0
2020-02-06 14:15:00,13.87,13.92,13.74,13.76,0
2020-02-06 15:15:00,13.76,13.78,13.68,13.76,0
2020-02-07 09:15:00,13.78,13.99,12.98,13.73,0
2020-02-07 10:15:00,13.74,13.76,13.62,13.64,0
2020-02-07 11:15:00,13.64,13.93,13.63,13.92,0
2020-02-07 12:15:00,13.92,13.93,13.68,13.72,0
2020-02-07 13:15:00,13.72,13.9,13.7,13.8,0
2020-02-07 14:15:00,13.8,13.86,13.67,13.76,0
2020-02-07 15:15:00,13.76,13.83,13.73,13.77,0
2020-02-10 09:15:00,13.75,14.44,12.97,14.42,0
2020-02-10 10:15:00,14.43,14.6,14.34,14.38,0
2020-02-10 11:15:00,14.38,14.48,14.26,14.31,0
2020-02-10 12:15:00,14.31,14.4,14.21,14.39,0
2020-02-10 13:15:00,14.39,14.49,14.21,14.26,0
2020-02-10 14:15:00,14.26,14.37,14.2,14.23,0
2020-02-10 15:15:00,14.23,14.23,14.13,14.16,0
2020-02-11 09:15:00,14.21,14.21,11.38,13.82,0
2020-02-11 10:15:00,13.82,13.95,13.82,13.92,0
2020-02-11 11:15:00,13.92,13.96,13.82,13.84,0
2020-02-11 12:15:00,13.84,13.91,13.82,13.85,0
2020-02-11 13:15:00,13.85,13.88,13.82,13.82,0
2020-02-11 14:15:00,13.83,13.93,13.81,13.91,0
2020-02-11 15:15:00,13.9,13.93,13.79,13.88,0
2020-02-12 09:15:00,13.88,13.88,13.15,13.32,0
2020-02-12 10:15:00,13.32,13.75,13.19,13.72,0
2020-02-12 11:15:00,13.72,13.73,13.48,13.52,0
2020-02-12 12:15:00,13.52,13.57,13.32,13.4,0
2020-02-12 13:15:00,13.4,13.66,13.37,13.62,0
2020-02-12 14:15:00,13.61,13.69,13.51,13.56,0
2020-02-12 15:15:00,13.56,13.7,13.55,13.56,0
2020-02-13 09:15:00,13.62,13.62,11.8,13.4,0
2020-02-13 10:15:00,13.39,13.5,13.34,13.42,0
2020-02-13 11:15:00,13.42,13.47,13.37,13.4,0
2020-02-13 12:15:00,13.4,13.67,13.38,13.61,0
2020-02-13 13:15:00,13.61,13.67,13.53,13.57,0
2020-02-13 14:15:00,13.57,13.58,13.28,13.37,0
2020-02-13 15:15:00,13.36,13.48,13.32,13.46,0
2020-02-14 09:15:00,13.37,13.49,11.9,13.12,0
2020-02-14 10:15:00,13.12,13.62,13.03,13.47,0
2020-02-14 11:15:00,13.46,13.71,13.3,13.53,0
2020-02-14 12:15:00,13.53,13.6,13.46,13.52,0
2020-02-14 13:15:00,13.52,13.77,13.49,13.68,0
2020-02-14 14:15:00,13.67,13.99,13.59,13.61,0
2020-02-14 15:15:00,13.6,13.66,13.51,13.64,0
2020-02-17 09:15:00,13.62,14.4,13.38,14.2,0
2020-02-17 10:15:00,14.21,14.46,14.13,14.4,0
2020-02-17 11:15:00,14.4,14.51,14.33,14.45,0
2020-02-17 12:15:00,14.45,14.55,14.38,14.48,0
2020-02-17 13:15:00,14.48,14.62,14.4,14.44,0
2020-02-17 14:15:00,14.44,14.54,14.25,14.46,0
2020-02-17 15:15:00,14.46,14.56,14.34,14.52,0
2020-02-18 09:15:00,14.42,14.82,11.38,14.66,0
2020-02-18 10:15:00,14.66,14.69,14.43,14.61,0
2020-02-18 11:15:00,14.61,14.67,14.49,14.58,0
2020-02-18 12:15:00,14.59,14.7,14.46,14.58,0
2020-02-18 13:15:00,14.58,14.65,14.44,14.57,0
2020-02-18 14:15:00,14.58,14.81,14.36,14.36,0
2020-02-18 15:15:00,14.36,14.68,14.35,14.42,0
2020-02-19 09:15:00,14.51,14.51,13.48,13.97,0
2020-02-19 10:15:00,13.97,14.38,13.9,14.17,0
2020-02-19 11:15:00,14.17,14.21,14.03,14.1,0
2020-02-19 12:15:00,14.1,14.16,13.98,14.06,0
2020-02-19 13:15:00,14.06,14.3,13.95,14.02,0
2020-02-19 14:15:00,14.02,14.22,13.84,14.12,0
2020-02-19 15:15:00,14.12,14.15,14.03,14.07,0
2020-02-20 09:15:00,14.02,14.03,10.17,13.9,0
2020-02-20 10:15:00,13.9,13.97,13.66,13.69,0
2020-02-20 11:15:00,13.69,13.69,13.53,13.58,0
2020-02-20 12:15:00,13.58,13.62,13.49,13.55,0
2020-02-20 13:15:00,13.55,13.78,13.55,13.68,0
2020-02-20 14:15:00,13.68,13.89,13.51,13.64,0
2020-02-20 15:15:00,13.63,13.74,13.59,13.7,0
2020-02-24 09:15:00,13.7,15.26,12.3,14.97,0
2020-02-24 10:15:00,14.97,15.1,14.78,14.94,0
2020-02-24 11:15:00,14.94,15.21,14.93,15.12,0
2020-02-24 12:15:00,15.11,15.35,15.06,15.32,0
2020-02-24 13:15:00,15.32,15.82,15.27,15.63,0
2020-02-24 14:15:00,15.63,17.0,15.63,16.97,0
2020-02-24 15:15:00,16.97,17.38,16.89,17.22,0
2020-02-25 09:15:00,17.0,17.32,15.62,16.86,0
2020-02-25 10:15:00,16.87,17.06,16.61,16.61,0
2020-02-25 11:15:00,16.6,16.71,16.33,16.35,0
2020-02-25 12:15:00,16.35,16.67,16.23,16.67,0
2020-02-25 13:15:00,16.67,16.95,16.47,16.91,0
2020-02-25 14:15:00,16.91,17.09,16.53,16.77,0
2020-02-25 15:15:00,16.77,16.94,16.71,16.75,0
2020-02-26 09:15:00,16.9,17.25,16.5,17.17,0
2020-02-26 10:15:00,17.32,17.46,17.07,17.39,0
2020-02-26 11:15:00,17.39,17.39,17.09,17.24,0
2020-02-26 12:15:00,17.24,17.38,17.15,17.19,0
2020-02-26 13:15:00,17.19,17.5,16.94,17.44,0
2020-02-26 14:15:00,17.44,18.87,17.42,18.1,0
2020-02-26 15:15:00,18.1,18.38,17.98,18.3,0
2020-02-27 09:15:00,18.26,19.16,16.83,19.04,0
2020-02-27 10:15:00,19.04,19.04,18.67,18.89,0
2020-02-27 11:15:00,18.89,18.99,18.6,18.91,0
2020-02-27 12:15:00,18.91,19.07,18.36,18.52,0
2020-02-27 13:15:00,18.52,18.83,18.39,18.69,0
2020-02-27 14:15:00,18.69,18.82,17.77,17.81,0
2020-02-27 15:15:00,17.81,17.82,17.4,17.61,0
2020-02-28 09:15:00,17.77,22.11,17.48,21.41,0
2020-02-28 10:15:00,21.42,21.79,20.91,21.71,0
2020-02-28 11:15:00,21.72,22.78,21.5,22.76,0
2020-02-28 12:15:00,22.75,23.04,21.96,22.2,0
2020-02-28 13:15:00,22.19,22.53,21.82,22.49,0
2020-02-28 14:15:00,22.47,23.7,22.46,23.03,0
2020-02-28 15:15:00,23.03,23.25,22.81,22.86,0
2020-03-02 09:15:00,23.24,23.24,19.92,21.62,0
2020-03-02 10:15:00,21.63,21.72,21.3,21.67,0
2020-03-02 11:15:00,21.68,21.73,21.42,21.59,0
2020-03-02 12:15:00,21.59,21.7,21.45,21.6,0
2020-03-02 13:15:00,21.59,21.6,21.13,21.33,0
2020-03-02 14:15:00,21.33,26.29,21.27,26.25,0
2020-03-02 15:15:00,26.25,26.34,24.58,25.25,0
2020-03-03 09:15:00,25.2,25.2,21.54,23.95,0
2020-03-03 10:15:00,23.94,26.09,23.94,26.04,0
2020-03-03 11:15:00,26.04,26.49,25.68,25.92,0
2020-03-03 12:15:00,25.93,26.33,24.92,25.89,0
2020-03-03 13:15:00,25.9,26.28,24.91,25.14,0
2020-03-03 14:15:00,25.15,25.39,24.57,24.61,0
2020-03-03 15:15:00,24.6,24.61,23.84,24.28,0
2020-03-04 09:15:00,24.54,25.0,22.43,24.56,0
2020-03-04 10:15:00,24.56,25.05,24.32,24.63,0
2020-03-04 11:15:00,24.63,24.71,24.08,24.12,0
2020-03-04 12:15:00,24.12,25.14,24.05,24.92,0
2020-03-04 13:15:00,24.91,26.29,24.8,25.98,0
2020-03-04 14:15:00,25.98,25.98,24.06,24.11,0
2020-03-04 15:15:00,24.12,24.29,24.05,24.27,0
2020-03-05 09:15:00,24.23,24.23,22.61,23.64,0
2020-03-05 10:15:00,23.63,23.77,22.68,22.83,0
2020-03-05 11:15:00,22.84,22.9,22.24,22.29,0
2020-03-05 12:15:00,22.28,22.78,22.13,22.49,0
2020-03-05 13:15:00,22.49,23.14,22.49,23.03,0
2020-03-05 14:15:00,23.03,23.46,22.78,23.3,0
2020-03-05 15:15:00,23.3,23.4,23.21,23.36,0
2020-03-06 09:15:00,23.25,27.55,23.25,26.24,0
2020-03-06 10:15:00,26.25,26.84,26.12,26.71,0
2020-03-06 11:15:00,26.7,26.86,25.81,26.07,0
2020-03-06 12:15:00,26.07,26.32,25.58,25.67,0
2020-03-06 13:15:00,25.67,26.15,25.02,25.98,0
2020-03-06 14:15:00,25.99,26.27,25.32,25.46,0
2020-03-06 15:15:00,25.46,26.01,25.45,25.98,0
2020-03-09 09:15:00,25.64,29.03,21.43,28.44,0
2020-03-09 10:15:00,28.43,29.77,28.16,29.57,0
2020-03-09 11:15:00,29.57,29.76,29.39,29.65,0
2020-03-09 12:15:00,29.65,34.36,29.48,33.46,0
2020-03-09 13:15:00,33.47,34.05,31.11,32.09,0
2020-03-09 14:15:00,32.08,32.17,30.01,30.62,0
2020-03-09 15:15:00,30.62,31.26,30.59,31.06,0
2020-03-11 09:15:00,30.8,33.21,29.65,33.06,0
2020-03-11 10:15:00,33.06,33.24,32.27,32.64,0
2020-03-11 11:15:00,32.64,32.94,32.03,32.37,0
2020-03-11 12:15:00,32.37,32.38,31.64,31.81,0
2020-03-11 13:15:00,31.81,32.59,31.52,32.11,0
2020-03-11 14:15:00,32.08,32.08,31.48,31.6,0
2020-03-11 15:15:00,31.59,31.66,31.29,31.54,0
2020-03-12 09:15:00,31.56,35.72,29.81,35.36,0
2020-03-12 10:15:00,35.36,37.32,34.78,36.42,0
2020-03-12 11:15:00,36.41,36.96,36.11,36.92,0
2020-03-12 12:15:00,36.91,37.3,36.2,37.2,0
2020-03-12 13:15:00,37.19,37.49,36.93,37.34,0
2020-03-12 14:15:00,37.35,41.35,37.32,41.25,0
2020-03-12 15:15:00,41.26,42.31,41.26,42.28,0
2020-03-13 09:15:00,41.16,41.16,41.16,41.16,0
2020-03-13 10:15:00,41.16,59.35,41.16,56.79,0
2020-03-13 11:15:00,56.72,59.48,54.01,54.42,0
2020-03-13 12:15:00,54.41,54.45,46.03,48.7,0
2020-03-13 13:15:00,48.7,51.24,47.02,50.89,0
2020-03-13 14:15:00,50.89,53.64,50.63,51.47,0
2020-03-13 15:15:00,51.46,51.63,51.0,51.25,0
2020-03-16 09:15:00,51.47,58.34,51.47,56.85,0
2020-03-16 10:15:00,56.85,57.61,56.25,56.79,0
2020-03-16 11:15:00,56.78,57.75,56.57,57.5,0
2020-03-16 12:15:00,57.49,57.72,56.98,57.31,0
2020-03-16 13:15:00,57.31,57.77,57.11,57.76,0
2020-03-16 14:15:00,57.76,58.77,57.62,58.7,0
2020-03-16 15:15:00,58.7,59.87,58.68,59.77,0
2020-03-17 09:15:00,58.88,63.14,57.25,61.25,0
2020-03-17 10:15:00,61.25,61.47,60.08,61.19,0
2020-03-17 11:15:00,61.14,61.62,59.91,60.32,0
2020-03-17 12:15:00,60.32,61.48,60.21,61.32,0
2020-03-17 13:15:00,61.31,61.91,60.92,61.52,0
2020-03-17 14:15:00,61.53,63.26,61.12,63.08,0
2020-03-17 15:15:00,63.08,63.44,62.7,63.28,0
2020-03-18 09:15:00,62.93,63.49,61.15,62.75,0
2020-03-18 10:15:00,62.76,64.46,61.86,63.75,0
2020-03-18 11:15:00,63.76,64.25,63.36,63.92,0
2020-03-18 12:15:00,63.89,64.37,63.43,63.9,0
2020-03-18 13:15:00,63.9,64.4,63.54,64.22,0
2020-03-18 14:15:00,64.21,64.28,63.6,64.03,0
2020-03-18 15:15:00,64.03,64.58,63.86,64.48,0
2020-03-19 09:15:00,63.96,71.33,63.1,71.06,0
2020-03-19 10:15:00,71.06,72.09,70.85,71.8,0
2020-03-19 11:15:00,71.78,73.34,71.28,72.78,0
2020-03-19 12:15:00,72.76,73.22,72.02,72.89,0
2020-03-19 13:15:00,72.88,73.19,71.52,71.65,0
2020-03-19 14:15:00,71.63,72.86,71.63,72.22,0
2020-03-19 15:15:00,72.19,72.44,71.67,71.97,0
2020-03-20 09:15:00,72.2,72.97,68.02,70.55,0
2020-03-20 10:15:00,70.54,70.6,66.9,67.18,0
2020-03-20 11:15:00,67.18,67.79,66.43,67.73,0
2020-03-20 12:15:00,67.74,69.23,67.71,69.14,0
2020-03-20 13:15:00,69.13,69.57,67.59,69.09,0
2020-03-20 14:15:00,69.05,69.37,67.18,67.62,0
2020-03-20 15:15:00,67.63,67.67,65.38,66.67,0
2020-03-23 09:15:00,67.1,72.79,66.32,70.85,0
2020-03-23 10:15:00,70.85,73.37,69.29,72.54,0
2020-03-23 11:15:00,72.57,72.82,71.15,71.43,0
2020-03-23 12:15:00,71.39,72.43,70.66,72.09,0
2020-03-23 13:15:00,72.09,72.43,71.51,72.0,0
2020-03-23 14:15:00,71.99,73.19,71.85,71.89,0
2020-03-23 15:15:00,71.9,72.07,71.06,71.59,0
2020-03-24 09:15:00,71.99,86.64,71.99,82.74,0
2020-03-24 10:15:00,82.75,83.21,79.97,81.57,0
2020-03-24 11:15:00,81.55,81.55,79.73,79.74,0
2020-03-24 12:15:00,79.75,82.45,79.24,82.45,0
2020-03-24 13:15:00,82.45,83.65,80.5,81.71,0
2020-03-24 14:15:00,81.71,84.17,79.82,84.17,0
2020-03-24 15:15:00,84.24,84.77,81.54,81.9,0
2020-03-25 09:15:00,83.61,84.6,81.75,82.73,0
2020-03-25 10:15:00,82.72,82.73,79.19,81.71,0
2020-03-25 11:15:00,81.68,81.72,77.65,79.18,0
2020-03-25 12:15:00,79.2,80.05,77.92,78.29,0
2020-03-25 13:15:00,78.29,78.68,75.97,77.4,0
2020-03-25 14:15:00,77.39,77.98,76.5,77.84,0
2020-03-25 15:15:00,77.84,78.74,76.78,76.95,0
2020-03-26 09:15:00,77.63,79.41,72.92,72.95,0
2020-03-26 10:15:00,72.95,73.96,71.4,73.13,0
2020-03-26 11:15:00,73.12,74.21,72.21,72.42,0
2020-03-26 12:15:00,72.42,73.14,70.78,71.13,0
2020-03-26 13:15:00,71.13,74.19,71.13,72.77,0
2020-03-26 14:15:00,72.78,73.73,71.14,71.74,0
2020-03-26 15:15:00,71.74,71.78,70.68,71.13,0
2020-03-27 09:15:00,71.53,71.53,65.63,69.8,0
2020-03-27 10:15:00,69.81,72.39,66.9,72.23,0
2020-03-27 11:15:00,72.23,73.03,69.6,70.2,0
2020-03-27 12:15:00,70.22,72.33,69.81,71.86,0
2020-03-27 13:15:00,71.86,72.17,70.25,71.0,0
2020-03-27 14:15:00,71.01,71.95,69.94,70.01,0
2020-03-27 15:15:00,70.01,70.99,69.74,70.96,0
2020-03-30 09:15:00,70.39,73.37,70.28,71.76,0
2020-03-30 10:15:00,71.76,73.01,71.56,72.74,0
2020-03-30 11:15:00,72.74,72.74,72.01,72.22,0
2020-03-30 12:15:00,72.23,72.36,71.75,72.01,0
2020-03-30 13:15:00,72.01,72.86,71.77,72.58,0
2020-03-30 14:15:00,72.58,72.87,71.54,71.55,0
2020-03-30 15:15:00,71.55,71.7,71.4,71.48,0
2020-03-31 09:15:00,71.89,71.89,67.44,67.44,0
2020-03-31 10:15:00,67.44,67.46,66.12,66.93,0
2020-03-31 11:15:00,66.94,66.96,66.16,66.42,0
2020-03-31 12:15:00,66.43,67.04,66.23,66.23,0
2020-03-31 13:15:00,66.23,66.33,64.51,64.81,0
2020-03-31 14:15:00,64.81,64.92,63.61,64.34,0
2020-03-31 15:15:00,64.34,64.53,64.22,64.49,0
2020-04-01 09:15:00,64.41,64.41,60.31,61.18,0
2020-04-01 10:15:00,61.18,61.27,60.55,60.95,0
2020-04-01 11:15:00,60.95,61.37,60.53,61.34,0
2020-04-01 12:15:00,61.33,61.54,60.82,61.52,0
2020-04-01 13:15:00,61.52,61.83,61.22,61.22,0
2020-04-01 14:15:00,61.22,61.42,59.99,59.99,0
2020-04-01 15:15:00,59.99,60.56,59.78,60.51,0
2020-04-03 09:15:00,60.05,60.59,58.53,58.54,0
2020-04-03 10:15:00,58.54,58.87,57.11,57.2,0
2020-04-03 11:15:00,57.2,57.36,56.79,57.31,0
2020-04-03 12:15:00,57.29,57.59,56.97,57.03,0
2020-04-03 13:15:00,57.03,57.03,55.99,56.36,0
2020-04-03 14:15:00,56.33,56.43,55.26,55.36,0
2020-04-03 15:15:00,55.36,55.38,54.9,55.03,0
2020-04-07 09:15:00,55.3,55.3,49.94,51.99,0
2020-04-07 10:15:00,52.0,52.37,51.15,51.18,0
2020-04-07 11:15:00,51.17,51.35,50.79,51.04,0
2020-04-07 12:15:00,51.03,51.37,50.74,51.06,0
2020-04-07 13:15:00,51.05,53.11,51.02,52.9,0
2020-04-07 14:15:00,52.9,52.94,51.31,52.0,0
2020-04-07 15:15:00,51.99,52.14,51.72,52.02,0
2020-04-08 09:15:00,51.8,52.81,46.99,52.08,0
2020-04-08 10:15:00,52.08,52.98,51.35,52.46,0
2020-04-08 11:15:00,52.46,53.73,52.11,53.47,0
2020-04-08 12:15:00,53.48,53.58,52.26,52.4,0
2020-04-08 13:15:00,52.41,53.06,52.23,52.4,0
2020-04-08 14:15:00,52.41,52.58,52.07,52.39,0
2020-04-08 15:15:00,52.4,52.49,52.08,52.43,0
2020-04-09 09:15:00,52.24,52.24,46.9,51.29,0
2020-04-09 10:15:00,51.3,51.51,50.49,50.51,0
2020-04-09 11:15:00,50.51,51.19,50.15,50.79,0
2020-04-09 12:15:00,50.78,50.86,50.12,50.31,0
2020-04-09 13:15:00,50.3,50.38,49.95,50.21,0
2020-04-09 14:15:00,50.21,50.39,49.64,49.68,0
2020-04-09 15:15:00,49.68,49.83,49.55,49.58,0
2020-04-13 09:15:00,49.75,52.49,43.64,51.84,0
2020-04-13 10:15:00,51.84,51.99,51.34,51.67,0
2020-04-13 11:15:00,51.67,51.78,51.31,51.67,0
2020-04-13 12:15:00,51.66,51.83,51.4,51.71,0
2020-04-13 13:15:00,51.71,51.8,51.36,51.77,0
2020-04-13 14:15:00,51.77,51.82,51.28,51.61,0
2020-04-13 15:15:00,51.6,51.71,51.25,51.44,0
2020-04-15 09:15:00,51.46,51.46,44.65,48.88,0
2020-04-15 10:15:00,48.88,49.09,48.71,48.84,0
2020-04-15 11:15:00,48.85,49.18,48.71,48.84,0
2020-04-15 12:15:00,48.83,49.24,48.76,49.2,0
2020-04-15 13:15:00,49.19,49.9,48.99,49.83,0
2020-04-15 14:15:00,49.85,50.52,49.77,49.83,0
2020-04-15 15:15:00,49.82,49.87,49.32,49.43,0
2020-04-16 09:15:00,49.74,49.74,42.26,47.96,0
2020-04-16 10:15:00,47.96,48.26,47.16,47.46,0
2020-04-16 11:15:00,47.45,47.66,46.87,47.21,0
2020-04-16 12:15:00,47.17,47.81,46.7,47.1,0
2020-04-16 13:15:00,47.1,47.5,46.95,47.01,0
2020-04-16 14:15:00,47.01,47.22,46.0,46.01,0
2020-04-16 15:15:00,46.02,46.09,45.67,45.91,0
2020-04-17 09:15:00,46.1,46.1,40.31,43.89,0
2020-04-17 10:15:00,43.89,44.56,43.72,44.14,0
2020-04-17 11:15:00,44.14,44.8,43.85,44.31,0
2020-04-17 12:15:00,44.31,44.53,43.67,43.95,0
2020-04-17 13:15:00,43.95,44.25,43.21,43.31,0
2020-04-17 14:15:00,43.31,43.43,42.48,42.49,0
2020-04-17 15:15:00,42.49,42.75,42.35,42.56,0
2020-04-20 09:15:00,42.59,43.98,40.3,43.66,0
2020-04-20 10:15:00,43.67,44.04,42.8,43.09,0
2020-04-20 11:15:00,43.08,43.49,43.08,43.42,0
2020-04-20 12:15:00,43.42,43.74,43.29,43.65,0
2020-04-20 13:15:00,43.65,43.72,43.24,43.27,0
2020-04-20 14:15:00,43.27,43.66,43.03,43.37,0
2020-04-20 15:15:00,43.37,43.51,43.3,43.34,0
2020-04-21 09:15:00,43.46,45.96,36.22,45.01,0
2020-04-21 10:15:00,45.01,45.27,44.79,44.86,0
2020-04-21 11:15:00,44.87,45.39,44.85,45.03,0
2020-04-21 12:15:00,45.03,45.67,45.03,45.2,0
2020-04-21 13:15:00,45.2,45.94,45.18,45.43,0
2020-04-21 14:15:00,45.42,45.49,44.57,45.29,0
2020-04-21 15:15:00,45.29,45.41,45.01,45.39,0
2020-04-22 09:15:00,45.2,45.43,40.47,45.23,0
2020-04-22 10:15:00,45.23,45.26,44.14,44.14,0
2020-04-22 11:15:00,44.14,44.29,43.86,44.03,0
2020-04-22 12:15:00,44.03,44.09,43.35,43.4,0
2020-04-22 13:15:00,43.4,43.84,43.22,43.28,0
2020-04-22 14:15:00,43.28,43.3,42.53,42.69,0
2020-04-22 15:15:00,42.69,42.98,42.68,42.98,0
2020-04-23 09:15:00,42.82,42.82,37.0,40.25,0
2020-04-23 10:15:00,40.25,40.26,39.35,39.71,0
2020-04-23 11:15:00,39.71,39.77,39.38,39.62,0
2020-04-23 12:15:00,39.62,40.05,39.54,39.76,0
2020-04-23 13:15:00,39.76,39.92,39.45,39.57,0
2020-04-23 14:15:00,39.57,39.71,39.22,39.24,0
2020-04-23 15:15:00,39.24,39.3,38.99,39.01,0
2020-04-24 09:15:00,39.23,39.95,34.98,39.64,0
2020-04-24 10:15:00,39.64,39.67,39.09,39.11,0
2020-04-24 11:15:00,39.11,39.2,38.89,39.0,0
2020-04-24 12:15:00,39.0,39.41,38.72,39.36,0
2020-04-24 13:15:00,39.36,39.57,39.21,39.43,0
2020-04-24 14:15:00,39.43,39.58,39.09,39.11,0
2020-04-24 15:15:00,39.11,39.11,38.94,39.05,0
2020-04-27 09:15:00,39.12,40.17,35.21,38.22,0
2020-04-27 10:15:00,38.22,38.23,37.81,38.06,0
2020-04-27 11:15:00,38.06,38.14,37.91,38.0,0
2020-04-27 12:15:00,38.0,38.19,37.94,38.14,0
2020-04-27 13:15:00,38.14,38.66,38.1,38.23,0
2020-04-27 14:15:00,38.24,38.4,37.97,38.06,0
2020-04-27 15:15:00,38.06,38.13,37.85,37.91,0
2020-04-28 09:15:00,38.04,41.91,35.47,37.68,0
2020-04-28 10:15:00,37.68,37.71,37.16,37.23,0
2020-04-28 11:15:00,37.23,37.31,36.52,36.74,0
2020-04-28 12:15:00,36.74,36.91,36.45,36.5,0
2020-04-28 13:15:00,36.5,36.52,36.01,36.02,0
2020-04-28 14:15:00,36.02,36.09,35.3,35.3,0
2020-04-28 15:15:00,35.31,35.31,35.07,35.12,0
2020-04-29 09:15:00,35.36,35.36,31.48,34.16,0
2020-04-29 10:15:00,34.16,34.26,33.87,33.91,0
2020-04-29 11:15:00,33.91,33.94,33.69,33.74,0
2020-04-29 12:15:00,33.75,33.81,33.64,33.75,0
2020-04-29 13:15:00,33.74,33.83,33.4,33.44,0
2020-04-29 14:15:00,33.42,33.93,33.28,33.87,0
2020-04-29 15:15:00,33.86,33.92,33.78,33.84,0
2020-04-30 09:15:00,33.84,33.84,32.54,33.03,0
2020-04-30 10:15:00,33.04,33.38,33.01,33.33,0
2020-04-30 11:15:00,33.34,33.44,33.13,33.37,0
2020-04-30 12:15:00,33.37,33.97,33.35,33.86,0
2020-04-30 13:15:00,33.86,34.2,33.85,34.08,0
2020-04-30 14:15:00,34.08,34.25,33.74,34.02,0
2020-04-30 15:15:00,34.02,34.19,33.88,33.96,0
2020-05-04 09:15:00,33.99,43.61,33.99,43.24,0
2020-05-04 10:15:00,43.24,43.4,42.65,43.13,0
2020-05-04 11:15:00,43.13,43.67,42.76,42.9,0
2020-05-04 12:15:00,42.9,43.46,42.83,43.1,0
2020-05-04 13:15:00,43.1,43.73,42.85,43.56,0
2020-05-04 14:15:00,43.55,43.92,43.4,43.8,0
2020-05-04 15:15:00,43.8,43.81,43.34,43.71,0
2020-05-05 09:15:00,43.67,43.67,38.15,42.23,0
2020-05-05 10:15:00,42.22,42.22,41.55,41.85,0
2020-05-05 11:15:00,41.84,42.87,41.84,42.58,0
2020-05-05 12:15:00,42.58,43.05,42.04,42.23,0
2020-05-05 13:15:00,42.23,42.58,41.8,42.31,0
2020-05-05 14:15:00,42.33,43.87,42.33,43.73,0
2020-05-05 15:15:00,43.74,43.76,43.16,43.17,0
2020-05-06 09:15:00,43.61,43.63,40.2,41.23,0
2020-05-06 10:15:00,41.23,41.82,41.2,41.65,0
2020-05-06 11:15:00,41.65,41.96,41.41,41.58,0
2020-05-06 12:15:00,41.57,41.77,41.44,41.65,0
2020-05-06 13:15:00,41.65,41.81,41.26,41.58,0
2020-05-06 14:15:00,41.59,42.22,41.18,41.23,0
2020-05-06 15:15:00,41.23,41.35,41.11,41.27,0
2020-05-07 09:15:00,41.25,41.72,40.21,40.55,0
2020-05-07 10:15:00,40.56,40.86,40.4,40.59,0
2020-05-07 11:15:00,40.58,40.59,40.21,40.4,0
2020-05-07 12:15:00,40.4,40.62,40.03,40.1,0
2020-05-07 13:15:00,40.11,40.46,39.89,40.24,0
2020-05-07 14:15:00,40.25,40.36,39.88,39.9,0
2020-05-07 15:15:00,39.88,39.98,39.66,39.77,0
2020-05-08 09:15:00,39.93,39.93,36.55,38.32,0
2020-05-08 10:15:00,38.32,38.34,37.84,37.88,0
2020-05-08 11:15:00,37.88,38.19,37.85,38.01,0
2020-05-08 12:15:00,38.01,38.18,37.8,37.9,0
2020-05-08 13:15:00,37.9,38.45,37.76,38.36,0
2020-05-08 14:15:00,38.36,38.61,38.23,38.43,0
2020-05-08 15:15:00,38.43,38.56,38.35,38.53,0
2020-05-11 09:15:00,38.41,38.5,36.95,37.68,0
2020-05-11 10:15:00,37.68,37.82,37.5,37.53,0
2020-05-11 11:15:00,37.55,37.9,37.47,37.63,0
2020-05-11 12:15:00,37.64,37.73,37.18,37.25,0
2020-05-11 13:15:00,37.25,37.6,37.2,37.59,0
2020-05-11 14:15:00,37.59,38.22,37.37,38.14,0
2020-05-11 15:15:00,38.13,38.13,37.83,38.09,0
2020-05-12 09:15:00,38.04,38.81,35.25,38.3,0
2020-05-12 10:15:00,38.3,38.37,37.91,38.03,0
2020-05-12 11:15:00,38.03,38.39,38.02,38.13,0
2020-05-12 12:15:00,38.13,38.25,37.92,37.99,0
2020-05-12 13:15:00,37.98,38.3,37.81,38.04,0
2020-05-12 14:15:00,38.04,38.34,37.76,38.32,0
2020-05-12 15:15:00,38.32,38.32,38.1,38.18,0
2020-05-13 09:15:00,38.21,39.05,33.44,38.64,0
2020-05-13 10:15:00,38.64,38.74,38.15,38.18,0
2020-05-13 11:15:00,38.19,38.34,38.08,38.12,0
2020-05-13 12:15:00,38.12,38.44,38.06,38.41,0
2020-05-13 13:15:00,38.41,38.65,38.23,38.62,0
2020-05-13 14:15:00,38.62,38.96,38.54,38.87,0
2020-05-13 15:15:00,38.87,38.91,38.75,38.91,0
2020-05-14 09:15:00,38.84,38.84,35.8,37.69,0
2020-05-14 10:15:00,37.7,37.81,37.57,37.75,0
2020-05-14 11:15:00,37.75,38.05,37.73,37.88,0
2020-05-14 12:15:00,37.88,38.01,37.67,37.73,0
2020-05-14 13:15:00,37.73,38.4,37.73,38.34,0
2020-05-14 14:15:00,38.35,38.64,37.99,38.16,0
2020-05-14 15:15:00,38.16,38.33,38.09,38.23,0
2020-05-15 09:15:00,38.18,38.46,34.06,38.03,0
2020-05-15 10:15:00,38.03,38.11,37.89,38.05,0
2020-05-15 11:15:00,38.05,38.2,37.99,38.13,0
2020-05-15 12:15:00,38.13,38.33,38.0,38.2,0
2020-05-15 13:15:00,38.2,38.37,38.12,38.14,0
2020-05-15 14:15:00,38.14,38.21,37.97,38.06,0
2020-05-15 15:15:00,38.06,38.14,37.87,38.11,0
2020-05-18 09:15:00,38.02,40.24,34.84,40.07,0
2020-05-18 10:15:00,40.07,41.25,39.76,41.01,0
2020-05-18 11:15:00,41.01,41.07,40.63,40.8,0
2020-05-18 12:15:00,40.8,41.18,40.46,40.78,0
2020-05-18 13:15:00,40.78,41.23,40.51,40.53,0
2020-05-18 14:15:00,40.53,41.07,40.52,40.89,0
2020-05-18 15:15:00,40.89,41.04,40.82,40.9,0
2020-05-19 09:15:00,40.92,40.92,37.95,39.92,0
2020-05-19 10:15:00,39.92,39.94,39.37,39.76,0
2020-05-19 11:15:00,39.76,39.86,39.26,39.42,0
2020-05-19 12:15:00,39.42,39.48,39.3,39.37,0
2020-05-19 13:15:00,39.37,39.99,39.25,39.84,0
2020-05-19 14:15:00,39.84,39.88,39.38,39.38,0
2020-05-19 15:15:00,39.38,39.49,39.09,39.11,0
2020-05-20 09:15:00,39.45,39.45,34.1,37.6,0
2020-05-20 10:15:00,37.6,37.8,37.39,37.42,0
2020-05-20 11:15:00,37.42,37.43,36.8,36.91,0
2020-05-20 12:15:00,36.91,36.98,36.68,36.75,0
2020-05-20 13:15:00,36.75,36.87,36.13,36.29,0
2020-05-20 14:15:00,36.3,36.5,35.76,35.77,0
2020-05-20 15:15:00,35.77,35.77,35.52,35.6,0
2020-05-21 09:15:00,35.81,35.81,33.64,34.17,0
2020-05-21 10:15:00,34.17,34.21,33.6,33.66,0
2020-05-21 11:15:00,33.66,33.8,33.39,33.41,0
2020-05-21 12:15:00,33.41,33.49,32.58,33.0,0
2020-05-21 13:15:00,32.99,33.09,32.82,32.87,0
2020-05-21 14:15:00,32.86,33.51,32.84,32.91,0
2020-05-21 15:15:00,32.91,33.02,32.86,33.02,0
2020-05-22 09:15:00,32.99,33.61,26.34,33.53,0
2020-05-22 10:15:00,33.53,34.36,33.52,33.82,0
2020-05-22 11:15:00,33.82,33.91,33.43,33.6,0
2020-05-22 12:15:00,33.6,33.7,33.34,33.36,0
2020-05-22 13:15:00,33.35,33.48,33.11,33.13,0
2020-05-22 14:15:00,33.13,33.14,32.46,32.46,0
2020-05-22 15:15:00,32.46,32.48,32.02,32.2,0
2020-05-26 09:15:00,32.38,33.21,31.16,31.37,0
2020-05-26 10:15:00,31.37,31.65,31.19,31.54,0
2020-05-26 11:15:00,31.54,32.07,31.36,31.41,0
2020-05-26 12:15:00,31.4,31.56,30.97,31.56,0
2020-05-26 13:15:00,31.56,32.3,31.56,32.22,0
2020-05-26 14:15:00,32.21,32.4,31.37,31.61,0
2020-05-26 15:15:00,31.62,31.62,31.36,31.37,0
2020-05-27 09:15:00,31.47,31.47,28.86,30.76,0
2020-05-27 10:15:00,30.76,30.79,30.48,30.71,0
2020-05-27 11:15:00,30.71,30.82,30.59,30.76,0
2020-05-27 12:15:00,30.76,30.91,30.62,30.88,0
2020-05-27 13:15:00,30.88,32.02,30.82,31.69,0
2020-05-27 14:15:00,31.7,31.78,31.21,31.31,0
2020-05-27 15:15:00,31.31,31.32,30.99,31.17,0
2020-05-28 09:15:00,31.27,31.27,29.2,29.89,0
2020-05-28 10:15:00,29.88,30.23,29.76,30.22,0
2020-05-28 11:15:00,30.22,30.35,30.09,30.29,0
2020-05-28 12:15:00,30.29,30.43,30.14,30.34,0
2020-05-28 13:15:00,30.34,30.54,30.22,30.23,0
2020-05-28 14:15:00,30.23,30.43,29.95,29.97,0
2020-05-28 15:15:00,29.98,30.14,29.96,30.0,0
2020-05-29 09:15:00,30.02,30.57,27.41,29.68,0
2020-05-29 10:15:00,29.68,29.89,29.55,29.82,0
2020-05-29 11:15:00,29.83,29.98,29.73,29.79,0
2020-05-29 12:15:00,29.79,29.96,29.64,29.9,0
2020-05-29 13:15:00,29.9,30.04,29.8,29.92,0
2020-05-29 14:15:00,29.92,30.2,29.9,30.2,0
2020-05-29 15:15:00,30.2,30.49,30.16,30.37,0
2020-06-01 09:15:00,30.22,30.22,28.83,29.94,0
2020-06-01 10:15:00,29.94,30.41,29.83,30.41,0
2020-06-01 11:15:00,30.41,31.62,30.34,31.56,0
2020-06-01 12:15:00,31.55,32.17,31.18,31.42,0
2020-06-01 13:15:00,31.43,31.44,30.78,30.87,0
2020-06-01 14:15:00,30.87,31.03,30.66,30.79,0
2020-06-01 15:15:00,30.79,30.85,30.53,30.56,0
2020-06-02 09:15:00,30.74,30.92,27.9,30.35,0
2020-06-02 10:15:00,30.38,30.53,30.26,30.4,0
2020-06-02 11:15:00,30.4,30.51,30.16,30.49,0
2020-06-02 12:15:00,30.49,30.58,30.11,30.2,0
2020-06-02 13:15:00,30.19,30.38,30.14,30.2,0
2020-06-02 14:15:00,30.2,30.43,30.03,30.19,0
2020-06-02 15:15:00,30.19,30.23,29.86,29.98,0
2020-06-03 09:15:00,30.12,30.28,29.34,29.61,0
2020-06-03 10:15:00,29.62,29.99,29.57,29.93,0
2020-06-03 11:15:00,29.92,30.01,29.85,29.95,0
2020-06-03 12:15:00,29.92,30.06,29.81,29.89,0
2020-06-03 13:15:00,29.89,29.96,29.7,29.94,0
2020-06-03 14:15:00,29.94,30.27,29.43,30.27,0
2020-06-03 15:15:00,30.28,30.4,30.1,30.23,0
2020-06-04 09:15:00,30.04,30.15,28.45,30.04,0
2020-06-04 10:15:00,30.04,30.06,29.44,29.79,0
2020-06-04 11:15:00,29.79,29.98,29.71,29.92,0
2020-06-04 12:15:00,29.92,30.15,29.84,30.09,0
2020-06-04 13:15:00,30.09,30.27,29.52,29.82,0
2020-06-04 14:15:00,29.82,30.08,29.66,29.69,0
2020-06-04 15:15:00,29.69,29.71,29.48,29.53,0
2020-06-05 09:15:00,29.69,29.69,25.92,29.35,0
2020-06-05 10:15:00,29.36,29.48,29.02,29.04,0
2020-06-05 11:15:00,29.04,29.15,28.86,29.01,0
2020-06-05 12:15:00,29.0,29.09,28.95,28.99,0
2020-06-05 13:15:00,29.0,29.03,28.87,29.01,0
2020-06-05 14:15:00,29.01,29.07,28.66,28.68,0
2020-06-05 15:15:00,28.68,28.72,28.51,28.52,0
2020-06-08 09:15:00,28.68,29.45,27.8,29.33,0
2020-06-08 10:15:00,29.33,29.35,29.15,29.2,0
2020-06-08 11:15:00,29.2,29.41,29.13,29.28,0
2020-06-08 12:15:00,29.29,29.94,29.24,29.77,0
2020-06-08 13:15:00,29.77,30.15,29.62,29.83,0
2020-06-08 14:15:00,29.83,29.99,29.53,29.64,0
2020-06-08 15:15:00,29.64,29.81,29.54,29.73,0
2020-06-09 09:15:00,29.65,30.28,27.24,29.71,0
2020-06-09 10:15:00,29.71,29.8,29.59,29.6,0
2020-06-09 11:15:00,29.6,29.78,29.59,29.7,0
2020-06-09 12:15:00,29.71,29.9,29.64,29.83,0
2020-06-09 13:15:00,29.83,30.09,29.73,29.98,0
2020-06-09 14:15:00,29.98,30.26,29.91,30.26,0
2020-06-09 15:15:00,30.27,30.34,30.19,30.27,0
2020-06-10 09:15:00,30.21,30.21,28.73,29.89,0
2020-06-10 10:15:00,29.9,29.98,29.76,29.95,0
2020-06-10 11:15:00,29.94,30.02,29.8,29.9,0
2020-06-10 12:15:00,29.9,30.01,29.8,29.95,0
2020-06-10 13:15:00,29.95,29.97,29.76,29.8,0
2020-06-10 14:15:00,29.8,29.87,29.32,29.35,0
2020-06-10 15:15:00,29.35,29.4,29.22,29.36,0
2020-06-11 09:15:00,29.44,29.53,28.39,29.43,0
2020-06-11 10:15:00,29.43,29.87,29.33,29.86,0
2020-06-11 11:15:00,29.86,30.02,29.69,29.93,0
2020-06-11 12:15:00,29.94,30.42,29.8,29.94,0
2020-06-11 13:15:00,29.94,30.25,29.93,30.04,0
2020-06-11 14:15:00,30.04,30.04,29.53,29.62,0
2020-06-11 15:15:00,29.62,29.79,29.6,29.73,0
2020-06-12 09:15:00,29.66,32.88,29.66,32.47,0
2020-06-12 10:15:00,32.47,32.53,31.86,32.08,0
2020-06-12 11:15:00,32.07,32.08,31.19,31.79,0
2020-06-12 12:15:00,31.79,32.05,31.59,31.9,0
2020-06-12 13:15:00,31.9,31.95,31.18,31.44,0
2020-06-12 14:15:00,31.44,31.7,30.67,30.72,0
2020-06-12 15:15:00,30.72,30.93,30.64,30.67,0
2020-06-15 09:15:00,30.82,32.21,29.92,32.18,0
2020-06-15 10:15:00,32.19,33.32,32.15,33.3,0
2020-06-15 11:15:00,33.31,33.78,33.22,33.74,0
2020-06-15 12:15:00,33.73,33.74,33.19,33.39,0
2020-06-15 13:15:00,33.39,33.39,32.65,32.82,0
2020-06-15 14:15:00,32.82,32.83,32.24,32.65,0
2020-06-15 15:15:00,32.65,32.74,32.56,32.7,0
2020-06-16 09:15:00,32.58,32.58,30.41,31.38,0
2020-06-16 10:15:00,31.38,31.49,30.97,31.13,0
2020-06-16 11:15:00,31.13,31.25,31.0,31.15,0
2020-06-16 12:15:00,31.15,32.84,31.09,32.84,0
2020-06-16 13:15:00,32.84,35.31,32.84,33.66,0
2020-06-16 14:15:00,33.66,33.9,32.39,32.92,0
2020-06-16 15:15:00,32.92,33.17,32.91,33.16,0
2020-06-17 09:15:00,32.97,33.96,29.05,33.59,0
2020-06-17 10:15:00,33.59,34.02,33.56,33.92,0
2020-06-17 11:15:00,33.92,33.96,33.45,33.5,0
2020-06-17 12:15:00,33.49,33.52,33.06,33.13,0
2020-06-17 13:15:00,33.13,33.6,33.03,33.45,0
2020-06-17 14:15:00,33.45,33.5,33.19,33.39,0
2020-06-17 15:15:00,33.39,33.52,33.33,33.48,0
2020-06-18 09:15:00,33.36,33.42,32.37,32.45,0
2020-06-18 10:15:00,32.43,32.43,32.07,32.16,0
2020-06-18 11:15:00,32.16,32.22,31.7,31.84,0
2020-06-18 12:15:00,31.86,31.97,31.41,31.57,0
2020-06-18 13:15:00,31.57,31.58,31.22,31.22,0
2020-06-18 14:15:00,31.23,31.68,31.22,31.46,0
2020-06-18 15:15:00,31.47,31.62,31.38,31.57,0
2020-06-19 09:15:00,31.46,31.91,30.8,30.95,0
2020-06-19 10:15:00,30.94,31.12,30.82,30.91,0
2020-06-19 11:15:00,30.9,30.92,30.56,30.8,0
2020-06-19 12:15:00,30.8,30.9,30.66,30.74,0
2020-06-19 13:15:00,30.72,30.77,30.36,30.37,0
2020-06-19 14:15:00,30.37,30.48,29.95,29.99,0
2020-06-19 15:15:00,29.99,30.0,29.68,29.78,0
2020-06-22 09:15:00,29.97,30.98,29.97,30.66,0
2020-06-22 10:15:00,30.66,30.94,30.53,30.84,0
2020-06-22 11:15:00,30.84,30.98,30.72,30.87,0
2020-06-22 12:15:00,30.87,30.87,30.61,30.73,0
2020-06-22 13:15:00,30.73,30.78,30.4,30.41,0
2020-06-22 14:15:00,30.41,30.76,30.34,30.43,0
2020-06-22 15:15:00,30.42,30.49,30.15,30.2,0
2020-06-23 09:15:00,30.46,31.12,30.46,30.88,0
2020-06-23 10:15:00,30.88,31.12,30.74,30.94,0
2020-06-23 11:15:00,30.94,31.15,30.79,30.94,0
2020-06-23 12:15:00,30.93,31.01,30.32,30.35,0
2020-06-23 13:15:00,30.35,30.47,29.88,29.98,0
2020-06-23 14:15:00,29.99,30.04,29.25,29.34,0
2020-06-23 15:15:00,29.34,29.41,29.24,29.41,0
2020-06-24 09:15:00,29.34,30.53,27.79,29.05,0
2020-06-24 10:15:00,29.05,29.34,28.98,29.18,0
2020-06-24 11:15:00,29.19,29.51,29.08,29.19,0
2020-06-24 12:15:00,29.19,29.41,28.92,29.4,0
2020-06-24 13:15:00,29.4,29.76,29.28,29.69,0
2020-06-24 14:15:00,29.68,30.1,29.25,29.63,0
2020-06-24 15:15:00,29.62,30.01,29.42,30.01,0
2020-06-25 09:15:00,29.58,31.29,29.37,29.5,0
2020-06-25 10:15:00,29.51,29.54,29.2,29.43,0
2020-06-25 11:15:00,29.43,29.92,29.2,29.71,0
2020-06-25 12:15:00,29.71,30.02,29.51,29.72,0
2020-06-25 13:15:00,29.72,29.98,29.06,29.51,0
2020-06-25 14:15:00,29.5,29.85,29.28,29.72,0
2020-06-25 15:15:00,29.72,30.21,29.62,30.03,0
2020-06-26 09:15:00,29.73,29.73,28.33,28.97,0
2020-06-26 10:15:00,28.97,30.02,28.95,29.46,0
2020-06-26 11:15:00,29.46,29.81,29.37,29.41,0
2020-06-26 12:15:00,29.41,30.0,29.36,29.85,0
2020-06-26 13:15:00,29.85,30.07,29.37,29.46,0
2020-06-26 14:15:00,29.46,29.62,28.71,28.71,0
2020-06-26 15:15:00,28.71,28.77,28.32,28.35,0
2020-06-29 09:15:00,28.74,30.45,27.98,30.21,0
2020-06-29 10:15:00,30.21,30.31,29.87,29.95,0
2020-06-29 11:15:00,29.94,30.2,29.91,30.05,0
2020-06-29 12:15:00,30.05,30.05,29.27,29.62,0
2020-06-29 13:15:00,29.62,29.85,29.39,29.55,0
2020-06-29 14:15:00,29.54,29.74,28.76,28.76,0
2020-06-29 15:15:00,28.78,28.84,28.64,28.73,0
2020-06-30 09:15:00,28.91,28.91,28.41,28.65,0
2020-06-30 10:15:00,28.65,28.97,28.64,28.9,0
2020-06-30 11:15:00,28.89,29.13,28.73,28.97,0
2020-06-30 12:15:00,28.95,29.21,28.73,28.96,0
2020-06-30 13:15:00,28.96,29.07,28.75,28.97,0
2020-06-30 14:15:00,28.97,29.63,28.96,29.15,0
2020-06-30 15:15:00,29.15,29.15,28.93,29.03,0
2020-07-01 09:15:00,29.12,29.16,28.33,28.47,0
2020-07-01 10:15:00,28.48,28.61,28.35,28.42,0
2020-07-01 11:15:00,28.41,28.48,27.99,28.21,0
2020-07-01 12:15:00,28.21,28.28,27.99,28.16,0
2020-07-01 13:15:00,28.16,28.3,27.94,28.2,0
2020-07-01 14:15:00,28.2,28.4,28.05,28.06,0
2020-07-01 15:15:00,28.07,28.15,28.02,28.1,0
2020-07-02 09:15:00,28.12,28.12,26.32,27.52,0
2020-07-02 10:15:00,27.52,27.52,27.22,27.24,0
2020-07-02 11:15:00,27.24,27.33,26.98,27.0,0
2020-07-02 12:15:00,27.01,27.21,26.86,26.88,0
2020-07-02 13:15:00,26.88,26.96,26.6,26.61,0
2020-07-02 14:15:00,26.6,26.72,26.41,26.48,0
2020-07-02 15:15:00,26.48,26.6,26.46,26.5,0
2020-07-03 09:15:00,26.51,26.78,26.21,26.57,0
2020-07-03 10:15:00,26.58,26.66,26.36,26.45,0
2020-07-03 11:15:00,26.45,26.47,26.07,26.21,0
2020-07-03 12:15:00,26.21,26.28,26.08,26.22,0
2020-07-03 13:15:00,26.21,26.28,25.95,26.06,0
2020-07-03 14:15:00,26.07,26.16,25.74,25.75,0
2020-07-03 15:15:00,25.75,25.79,25.63,25.69,0
2020-07-06 09:15:00,25.77,26.18,24.54,25.64,0
2020-07-06 10:15:00,25.64,25.68,25.46,25.49,0
2020-07-06 11:15:00,25.5,25.54,25.38,25.41,0
2020-07-06 12:15:00,25.41,25.42,25.16,25.28,0
2020-07-06 13:15:00,25.28,25.52,25.21,25.45,0
2020-07-06 14:15:00,25.46,25.5,25.15,25.16,0
2020-07-06 15:15:00,25.15,25.23,25.07,25.08,0
2020-07-07 09:15:00,25.2,25.65,24.24,25.13,0
2020-07-07 10:15:00,25.13,25.24,24.93,25.21,0
2020-07-07 11:15:00,25.22,25.45,25.01,25.02,0
2020-07-07 12:15:00,25.02,25.03,24.72,24.77,0
2020-07-07 13:15:00,24.78,25.22,24.76,25.12,0
2020-07-07 14:15:00,25.12,25.31,24.98,25.13,0
2020-07-07 15:15:00,25.13,25.23,25.06,25.18,0
2020-07-08 09:15:00,25.1,25.79,25.03,25.7,0
2020-07-08 10:15:00,25.7,25.8,25.47,25.74,0
2020-07-08 11:15:00,25.74,26.36,25.63,25.9,0
2020-07-08 12:15:00,25.89,26.03,25.52,25.68,0
2020-07-08 13:15:00,25.67,25.75,25.26,25.3,0
2020-07-08 14:15:00,25.31,26.16,25.27,26.04,0
2020-07-08 15:15:00,26.04,26.34,26.04,26.1,0
2020-07-09 09:15:00,26.1,27.66,25.32,25.4,0
2020-07-09 10:15:00,25.41,25.65,25.32,25.45,0
2020-07-09 11:15:00,25.45,25.54,25.4,25.48,0
2020-07-09 12:15:00,25.48,25.5,25.29,25.42,0
2020-07-09 13:15:00,25.42,25.44,25.19,25.29,0
2020-07-09 14:15:00,25.29,25.29,24.87,24.93,0
2020-07-09 15:15:00,24.93,24.96,24.74,24.76,0
2020-07-10 09:15:00,24.91,25.28,23.49,25.15,0
2020-07-10 10:15:00,25.15,25.24,25.08,25.18,0
2020-07-10 11:15:00,25.18,25.39,25.12,25.33,0
2020-07-10 12:15:00,25.32,25.48,25.15,25.22,0
2020-07-10 13:15:00,25.23,25.24,24.92,25.18,0
2020-07-10 14:15:00,25.18,25.2,24.94,24.98,0
2020-07-10 15:15:00,24.98,25.03,24.76,24.82,0
2020-07-13 09:15:00,24.94,25.42,22.81,25.35,0
2020-07-13 10:15:00,25.35,25.38,24.95,25.17,0
2020-07-13 11:15:00,25.17,25.44,25.12,25.41,0
2020-07-13 12:15:00,25.41,25.72,25.25,25.53,0
2020-07-13 13:15:00,25.53,25.91,25.51,25.67,0
2020-07-13 14:15:00,25.67,25.81,25.11,25.12,0
2020-07-13 15:15:00,25.12,25.27,25.05,25.2,0
2020-07-14 09:15:00,25.25,26.27,25.25,25.99,0
2020-07-14 10:15:00,25.99,26.9,25.97,26.81,0
2020-07-14 11:15:00,26.81,26.84,26.56,26.74,0
2020-07-14 12:15:00,26.75,27.27,26.6,27.24,0
2020-07-14 13:15:00,27.24,27.26,26.49,26.57,0
2020-07-14 14:15:00,26.56,26.71,26.39,26.6,0
2020-07-14 15:15:00,26.61,26.74,26.56,26.7,0
2020-07-15 09:15:00,26.64,26.64,23.74,25.96,0
2020-07-15 10:15:00,25.96,26.01,25.81,25.87,0
2020-07-15 11:15:00,25.87,26.06,25.76,26.02,0
2020-07-15 12:15:00,26.02,26.1,25.94,26.01,0
2020-07-15 13:15:00,26.01,26.14,25.88,26.08,0
2020-07-15 14:15:00,26.07,26.58,25.79,26.42,0
2020-07-15 15:15:00,26.42,26.61,26.13,26.21,0
2020-07-16 09:15:00,26.29,26.6,25.65,25.84,0
2020-07-16 10:15:00,25.85,25.96,25.68,25.83,0
2020-07-16 11:15:00,25.83,25.87,25.58,25.87,0
2020-07-16 12:15:00,25.87,25.97,25.64,25.82,0
2020-07-16 13:15:00,25.82,25.88,25.56,25.83,0
2020-07-16 14:15:00,25.82,25.84,25.27,25.46,0
2020-07-16 15:15:00,25.46,25.48,25.25,25.43,0
2020-07-17 09:15:00,25.36,25.5,23.77,25.02,0
2020-07-17 10:15:00,25.02,25.06,24.81,24.83,0
2020-07-17 11:15:00,24.83,24.86,24.63,24.68,0
2020-07-17 12:15:00,24.68,24.73,24.56,24.68,0
2020-07-17 13:15:00,24.69,24.74,24.45,24.5,0
2020-07-17 14:15:00,24.51,24.53,24.04,24.1,0
2020-07-17 15:15:00,24.1,24.25,23.97,23.98,0
2020-07-20 09:15:00,24.16,25.12,24.16,24.7,0
2020-07-20 10:15:00,24.7,24.74,24.53,24.54,0
2020-07-20 11:15:00,24.54,24.84,24.52,24.73,0
2020-07-20 12:15:00,24.73,24.83,24.64,24.75,0
2020-07-20 13:15:00,24.75,24.87,24.48,24.66,0
2020-07-20 14:15:00,24.66,24.87,24.59,24.74,0
2020-07-20 15:15:00,24.74,24.79,24.6,24.6,0
2020-07-21 09:15:00,24.71,24.71,23.73,24.11,0
2020-07-21 10:15:00,24.11,24.24,24.06,24.24,0
2020-07-21 11:15:00,24.23,24.31,24.1,24.16,0
2020-07-21 12:15:00,24.2,24.3,24.13,24.25,0
2020-07-21 13:15:00,24.25,24.4,24.24,24.37,0
2020-07-21 14:15:00,24.37,24.53,24.17,24.36,0
2020-07-21 15:15:00,24.36,24.59,24.35,24.59,0
2020-07-22 09:15:00,24.43,25.0,23.73,24.8,0
2020-07-22 10:15:00,24.8,24.82,24.62,24.69,0
2020-07-22 11:15:00,24.69,24.83,24.63,24.75,0
2020-07-22 12:15:00,24.75,24.9,24.62,24.87,0
2020-07-22 13:15:00,24.87,25.8,24.85,25.74,0
2020-07-22 14:15:00,25.73,25.8,24.9,24.9,0
2020-07-22 15:15:00,24.89,24.89,24.6,24.75,0
2020-07-23 09:15:00,24.89,24.94,24.33,24.38,0
2020-07-23 10:15:00,24.37,24.37,24.01,24.12,0
2020-07-23 11:15:00,24.12,24.32,24.06,24.29,0
2020-07-23 12:15:00,24.29,24.49,24.15,24.45,0
2020-07-23 13:15:00,24.45,24.67,24.31,24.62,0
2020-07-23 14:15:00,24.62,24.74,24.54,24.63,0
2020-07-23 15:15:00,24.63,24.72,24.54,24.69,0
2020-07-24 09:15:00,24.64,25.3,22.74,25.07,0
2020-07-24 10:15:00,25.08,25.11,24.81,24.85,0
2020-07-24 11:15:00,24.85,24.91,24.65,24.69,0
2020-07-24 12:15:00,24.68,24.91,24.58,24.87,0
2020-07-24 13:15:00,24.87,24.91,24.48,24.78,0
2020-07-24 14:15:00,24.78,24.84,24.5,24.52,0
2020-07-24 15:15:00,24.52,24.53,24.37,24.37,0
2020-07-27 09:15:00,24.54,25.72,23.29,25.56,0
2020-07-27 10:15:00,25.56,25.58,25.24,25.29,0
2020-07-27 11:15:00,25.29,25.41,25.02,25.05,0
2020-07-27 12:15:00,25.06,25.16,24.97,25.11,0
2020-07-27 13:15:00,25.12,25.26,24.95,25.11,0
2020-07-27 14:15:00,25.11,25.29,24.9,25.04,0
2020-07-27 15:15:00,25.04,25.08,24.98,25.04,0
2020-07-28 09:15:00,25.02,25.22,24.59,24.73,0
2020-07-28 10:15:00,24.73,24.74,24.44,24.48,0
2020-07-28 11:15:00,24.49,24.52,24.24,24.28,0
2020-07-28 12:15:00,24.28,24.44,24.12,24.17,0
2020-07-28 13:15:00,24.17,24.24,23.78,23.92,0
2020-07-28 14:15:00,23.92,23.93,23.55,23.59,0
2020-07-28 15:15:00,23.59,23.76,23.55,23.73,0
2020-07-29 09:15:00,23.64,24.04,23.64,23.96,0
2020-07-29 10:15:00,23.96,24.37,23.93,24.35,0
2020-07-29 11:15:00,24.35,24.37,24.09,24.14,0
2020-07-29 12:15:00,24.14,24.3,24.08,24.14,0
2020-07-29 13:15:00,24.14,24.46,24.11,24.34,0
2020-07-29 14:15:00,24.34,24.5,24.05,24.07,0
2020-07-29 15:15:00,24.07,24.14,24.0,24.11,0
2020-07-30 09:15:00,24.11,24.11,22.09,23.64,0
2020-07-30 10:15:00,23.64,23.67,23.47,23.49,0
2020-07-30 11:15:00,23.49,23.68,23.47,23.61,0
2020-07-30 12:15:00,23.6,24.53,23.58,24.38,0
2020-07-30 13:15:00,24.38,25.0,24.04,24.83,0
2020-07-30 14:15:00,24.83,25.14,24.55,24.57,0
2020-07-30 15:15:00,24.57,24.94,24.52,24.9,0
2020-07-31 09:15:00,24.73,25.14,24.4,25.01,0
2020-07-31 10:15:00,25.01,25.03,24.68,24.88,0
2020-07-31 11:15:00,24.89,25.37,24.77,24.84,0
2020-07-31 12:15:00,24.84,25.01,24.68,24.72,0
2020-07-31 13:15:00,24.71,24.99,24.28,24.42,0
2020-07-31 14:15:00,24.41,24.6,24.07,24.23,0
2020-07-31 15:15:00,24.23,24.27,23.97,24.05,0
2020-08-03 09:15:00,24.19,25.69,23.26,25.21,0
2020-08-03 10:15:00,25.21,25.23,24.92,24.97,0
2020-08-03 11:15:00,24.97,25.04,24.84,24.96,0
2020-08-03 12:15:00,24.96,25.25,24.92,25.17,0
2020-08-03 13:15:00,25.16,25.35,24.99,25.21,0
2020-08-03 14:15:00,25.22,25.46,25.04,25.23,0
2020-08-03 15:15:00,25.24,25.24,25.06,25.15,0
2020-08-04 09:15:00,25.19,25.19,23.56,24.6,0
2020-08-04 10:15:00,24.6,24.67,24.36,24.38,0
2020-08-04 11:15:00,24.39,24.39,24.09,24.21,0
2020-08-04 12:15:00,24.21,24.46,24.17,24.2,0
2020-08-04 13:15:00,24.19,24.34,24.1,24.13,0
2020-08-04 14:15:00,24.15,24.16,23.76,23.79,0
2020-08-04 15:15:00,23.79,23.84,23.59,23.68,0
2020-08-05 09:15:00,23.82,23.82,21.83,23.37,0
2020-08-05 10:15:00,23.37,23.48,23.29,23.31,0
2020-08-05 11:15:00,23.31,23.93,23.29,23.64,0
2020-08-05 12:15:00,23.64,23.76,23.49,23.74,0
2020-08-05 13:15:00,23.73,23.89,23.52,23.56,0
2020-08-05 14:15:00,23.56,23.85,23.41,23.54,0
2020-08-05 15:15:00,23.55,23.58,23.45,23.52,0
2020-08-06 09:15:00,23.57,23.63,22.53,23.54,0
2020-08-06 10:15:00,23.53,23.71,23.33,23.35,0
2020-08-06 11:15:00,23.35,23.64,23.22,23.29,0
2020-08-06 12:15:00,23.28,23.31,22.9,22.93,0
2020-08-06 13:15:00,22.94,23.3,22.85,23.2,0
2020-08-06 14:15:00,23.2,23.48,22.98,23.15,0
2020-08-06 15:15:00,23.15,23.18,23.05,23.14,0
2020-08-07 09:15:00,23.15,23.31,21.76,23.14,0
2020-08-07 10:15:00,23.14,23.15,22.78,23.1,0
2020-08-07 11:15:00,23.1,23.12,22.76,22.9,0
2020-08-07 12:15:00,22.9,23.17,22.87,22.89,0
2020-08-07 13:15:00,22.89,22.92,22.74,22.79,0
2020-08-07 14:15:00,22.79,22.83,22.57,22.6,0
2020-08-07 15:15:00,22.6,22.62,22.37,22.38,0
2020-08-10 09:15:00,22.58,23.02,21.45,22.99,0
2020-08-10 10:15:00,22.98,22.99,22.49,22.54,0
2020-08-10 11:15:00,22.54,22.6,22.45,22.51,0
2020-08-10 12:15:00,22.5,22.61,22.28,22.42,0
2020-08-10 13:15:00,22.42,22.98,22.35,22.86,0
2020-08-10 14:15:00,22.86,22.94,22.16,22.52,0
2020-08-10 15:15:00,22.52,22.59,22.37,22.46,0
2020-08-11 09:15:00,22.51,22.51,20.22,21.43,0
2020-08-11 10:15:00,21.43,21.74,21.22,21.45,0
2020-08-11 11:15:00,21.45,21.84,21.43,21.79,0
2020-08-11 12:15:00,21.78,21.85,21.58,21.68,0
2020-08-11 13:15:00,21.68,21.92,21.5,21.52,0
2020-08-11 14:15:00,21.52,21.58,21.33,21.37,0
2020-08-11 15:15:00,21.37,21.39,21.23,21.25,0
2020-08-12 09:15:00,21.36,21.92,16.85,21.75,0
2020-08-12 10:15:00,21.75,21.79,21.47,21.54,0
2020-08-12 11:15:00,21.54,21.58,21.16,21.17,0
2020-08-12 12:15:00,21.16,21.24,21.02,21.16,0
2020-08-12 13:15:00,21.14,21.27,20.92,20.94,0
2020-08-12 14:15:00,20.94,20.98,20.79,20.84,0
2020-08-12 15:15:00,20.84,20.9,20.8,20.89,0
2020-08-13 09:15:00,20.85,20.91,19.46,20.54,0
2020-08-13 10:15:00,20.54,20.97,20.51,20.95,0
2020-08-13 11:15:00,20.95,21.16,20.58,20.68,0
2020-08-13 12:15:00,20.68,21.19,20.66,21.08,0
2020-08-13 13:15:00,21.08,21.15,20.75,20.84,0
2020-08-13 14:15:00,20.84,20.95,20.52,20.57,0
2020-08-13 15:15:00,20.57,20.62,20.36,20.38,0
2020-08-14 09:15:00,20.57,20.57,16.34,19.73,0
2020-08-14 10:15:00,19.73,19.83,19.66,19.69,0
2020-08-14 11:15:00,19.69,19.77,19.44,19.59,0
2020-08-14 12:15:00,19.59,19.86,19.58,19.85,0
2020-08-14 13:15:00,19.85,21.78,19.85,21.67,0
2020-08-14 14:15:00,21.67,22.97,21.38,21.68,0
2020-08-14 15:15:00,21.68,21.77,21.58,21.77,0
2020-08-17 09:15:00,21.67,22.88,19.56,22.22,0
2020-08-17 10:15:00,22.22,22.22,21.7,21.99,0
2020-08-17 11:15:00,21.99,22.11,21.76,21.84,0
2020-08-17 12:15:00,21.84,21.99,21.72,21.79,0
2020-08-17 13:15:00,21.79,21.9,21.43,21.81,0
2020-08-17 14:15:00,21.82,21.95,21.2,21.32,0
2020-08-17 15:15:00,21.32,21.38,21.09,21.14,0
2020-08-18 09:15:00,21.31,21.31,18.25,20.83,0
2020-08-18 10:15:00,20.83,20.85,20.57,20.82,0
2020-08-18 11:15:00,20.82,21.04,20.7,20.88,0
2020-08-18 12:15:00,20.88,20.94,20.68,20.82,0
2020-08-18 13:15:00,20.83,20.93,20.59,20.82,0
2020-08-18 14:15:00,20.82,20.88,20.37,20.45,0
2020-08-18 15:15:00,20.45,20.51,20.35,20.43,0
2020-08-19 09:15:00,20.43,20.43,17.84,20.09,0
2020-08-19 10:15:00,20.1,20.22,19.91,19.98,0
2020-08-19 11:15:00,19.99,20.06,19.83,19.99,0
2020-08-19 12:15:00,19.99,20.0,19.61,19.93,0
2020-08-19 13:15:00,19.93,20.05,19.66,19.96,0
2020-08-19 14:15:00,19.95,20.19,19.69,20.04,0
2020-08-19 15:15:00,20.04,20.06,19.83,19.89,0
2020-08-20 09:15:00,19.96,20.96,17.77,20.46,0
2020-08-20 10:15:00,20.46,20.55,20.04,20.18,0
2020-08-20 11:15:00,20.18,20.52,20.16,20.41,0
2020-08-20 12:15:00,20.41,20.85,20.37,20.6,0
2020-08-20 13:15:00,20.6,21.08,20.39,20.72,0
2020-08-20 14:15:00,20.72,20.91,20.52,20.58,0
2020-08-20 15:15:00,20.58,20.81,20.55,20.81,0
2020-08-21 09:15:00,20.62,20.62,14.89,19.88,0
2020-08-21 10:15:00,19.88,20.0,19.75,19.84,0
2020-08-21 11:15:00,19.84,19.89,19.66,19.79,0
2020-08-21 12:15:00,19.79,19.91,19.73,19.85,0
2020-08-21 13:15:00,19.85,20.05,19.73,20.01,0
2020-08-21 14:15:00,20.01,20.17,19.92,20.0,0
2020-08-21 15:15:00,20.0,20.02,19.61,19.71,0
2020-08-24 09:15:00,19.94,20.07,17.89,19.72,0
2020-08-24 10:15:00,19.72,19.82,19.57,19.66,0
2020-08-24 11:15:00,19.66,19.75,19.31,19.37,0
2020-08-24 12:15:00,19.36,19.67,19.36,19.45,0
2020-08-24 13:15:00,19.46,19.49,19.24,19.29,0
2020-08-24 14:15:00,19.29,19.44,19.14,19.23,0
2020-08-24 15:15:00,19.23,19.51,19.08,19.15,0
2020-08-25 09:15:00,19.23,19.23,15.42,18.86,0
2020-08-25 10:15:00,18.86,19.17,18.81,19.0,0
2020-08-25 11:15:00,19.0,19.21,18.97,19.03,0
2020-08-25 12:15:00,19.03,19.28,19.02,19.24,0
2020-08-25 13:15:00,19.23,19.4,19.1,19.29,0
2020-08-25 14:15:00,19.29,19.35,19.08,19.26,0
2020-08-25 15:15:00,19.26,19.81,19.24,19.62,0
2020-08-26 09:15:00,19.32,19.59,17.22,19.51,0
2020-08-26 10:15:00,19.51,19.52,19.29,19.43,0
2020-08-26 11:15:00,19.43,19.49,19.32,19.44,0
2020-08-26 12:15:00,19.44,19.46,19.29,19.32,0
2020-08-26 13:15:00,19.33,19.44,19.2,19.2,0
2020-08-26 14:15:00,19.2,19.49,19.14,19.25,0
2020-08-26 15:15:00,19.25,19.45,19.19,19.37,0
2020-08-27 09:15:00,19.3,19.47,17.45,19.37,0
2020-08-27 10:15:00,19.37,19.38,19.18,19.23,0
2020-08-27 11:15:00,19.23,19.44,19.0,19.13,0
2020-08-27 12:15:00,19.13,19.21,18.93,19.17,0
2020-08-27 13:15:00,19.17,19.19,18.84,18.86,0
2020-08-27 14:15:00,18.86,19.02,18.79,18.88,0
2020-08-27 15:15:00,18.88,18.94,18.83,18.87,0
2020-08-28 09:15:00,18.9,18.9,16.66,18.4,0
2020-08-28 10:15:00,18.4,18.52,18.18,18.38,0
2020-08-28 11:15:00,18.39,18.73,18.3,18.47,0
2020-08-28 12:15:00,18.47,18.89,18.45,18.52,0
2020-08-28 13:15:00,18.53,18.84,18.35,18.75,0
2020-08-28 14:15:00,18.75,18.77,18.3,18.33,0
2020-08-28 15:15:00,18.33,18.41,18.24,18.26,0
2020-08-31 09:15:00,18.35,19.04,16.4,18.94,0
2020-08-31 10:15:00,18.94,19.68,18.91,19.68,0
2020-08-31 11:15:00,19.68,21.56,19.43,20.9,0
2020-08-31 12:15:00,20.91,21.71,20.63,21.71,0
2020-08-31 13:15:00,21.7,22.82,21.7,22.45,0
2020-08-31 14:15:00,22.45,23.87,22.34,22.66,0
2020-08-31 15:15:00,22.66,23.36,22.41,23.32,0
2020-09-01 09:15:00,22.84,23.24,21.11,22.96,0
2020-09-01 10:15:00,22.96,23.02,22.6,22.92,0
2020-09-01 11:15:00,22.92,23.01,22.18,22.2,0
2020-09-01 12:15:00,22.2,22.33,21.45,21.53,0
2020-09-01 13:15:00,21.52,22.2,21.5,21.91,0
2020-09-01 14:15:00,21.91,22.46,21.71,21.77,0
2020-09-01 15:15:00,21.77,21.79,21.61,21.68,0
2020-09-02 09:15:00,21.8,21.96,19.85,21.92,0
2020-09-02 10:15:00,21.92,22.5,21.87,22.15,0
2020-09-02 11:15:00,22.15,22.16,21.89,22.06,0
2020-09-02 12:15:00,22.06,22.21,21.78,21.85,0
2020-09-02 13:15:00,21.84,22.08,21.65,21.69,0
2020-09-02 14:15:00,21.69,21.69,21.07,21.19,0
2020-09-02 15:15:00,21.19,21.2,20.93,20.93,0
2020-09-03 09:15:00,21.11,21.11,18.16,20.67,0
2020-09-03 10:15:00,20.67,20.67,20.44,20.52,0
2020-09-03 11:15:00,20.52,20.87,20.48,20.84,0
2020-09-03 12:15:00,20.84,20.9,20.49,20.56,0
2020-09-03 13:15:00,20.56,20.63,20.43,20.5,0
2020-09-03 14:15:00,20.5,20.57,20.32,20.5,0
2020-09-03 15:15:00,20.5,20.56,20.43,20.53,0
2020-09-04 09:15:00,20.5,22.24,19.86,21.84,0
2020-09-04 10:15:00,21.84,21.99,21.64,21.7,0
2020-09-04 11:15:00,21.7,21.77,21.52,21.77,0
2020-09-04 12:15:00,21.76,21.87,21.31,21.38,0
2020-09-04 13:15:00,21.38,21.57,21.24,21.57,0
2020-09-04 14:15:00,21.57,22.65,21.46,22.12,0
2020-09-04 15:15:00,22.12,22.26,21.79,21.96,0
2020-09-07 09:15:00,22.15,23.25,17.25,22.69,0
2020-09-07 10:15:00,22.69,22.86,22.45,22.57,0
2020-09-07 11:15:00,22.57,22.59,22.11,22.42,0
2020-09-07 12:15:00,22.43,22.59,22.33,22.35,0
2020-09-07 13:15:00,22.33,22.46,22.02,22.14,0
2020-09-07 14:15:00,22.15,22.68,22.01,22.03,0
2020-09-07 15:15:00,22.03,22.04,21.57,21.59,0
2020-09-08 09:15:00,22.01,22.23,17.57,21.94,0
2020-09-08 10:15:00,21.94,21.97,21.56,21.72,0
2020-09-08 11:15:00,21.72,21.77,21.57,21.64,0
2020-09-08 12:15:00,21.64,21.72,21.49,21.69,0
2020-09-08 13:15:00,21.69,21.92,21.53,21.81,0
2020-09-08 14:15:00,21.81,22.79,21.79,22.67,0
2020-09-08 15:15:00,22.67,23.07,22.64,23.06,0
2020-09-09 09:15:00,22.72,23.06,20.2,22.85,0
2020-09-09 10:15:00,22.85,23.07,22.59,22.71,0
2020-09-09 11:15:00,22.71,23.27,22.66,23.2,0
2020-09-09 12:15:00,23.19,23.19,22.7,22.78,0
2020-09-09 13:15:00,22.78,22.81,22.51,22.79,0
2020-09-09 14:15:00,22.78,22.9,22.18,22.24,0
2020-09-09 15:15:00,22.24,22.24,21.99,22.07,0
2020-09-10 09:15:00,22.23,22.23,17.7,21.4,0
2020-09-10 10:15:00,21.4,21.48,21.26,21.32,0
2020-09-10 11:15:00,21.32,21.39,21.2,21.33,0
2020-09-10 12:15:00,21.33,21.41,21.27,21.37,0
2020-09-10 13:15:00,21.37,21.6,21.19,21.44,0
2020-09-10 14:15:00,21.44,21.53,21.17,21.28,0
2020-09-10 15:15:00,21.27,21.34,21.2,21.27,0
2020-09-11 09:15:00,21.26,21.35,18.17,21.19,0
2020-09-11 10:15:00,21.2,21.24,20.96,21.0,0
2020-09-11 11:15:00,21.0,21.13,20.92,21.02,0
2020-09-11 12:15:00,21.02,21.23,20.92,21.19,0
2020-09-11 13:15:00,21.19,21.26,20.94,20.96,0
2020-09-11 14:15:00,20.95,21.13,20.68,20.69,0
2020-09-11 15:15:00,20.69,20.77,20.67,20.68,0
2020-09-14 09:15:00,20.71,20.95,17.53,20.63,0
2020-09-14 10:15:00,20.61,20.62,20.3,20.34,0
2020-09-14 11:15:00,20.34,20.4,20.24,20.36,0
2020-09-14 12:15:00,20.35,20.49,20.33,20.46,0
2020-09-14 13:15:00,20.46,21.66,20.4,21.38,0
2020-09-14 14:15:00,21.38,21.74,20.88,21.17,0
2020-09-14 15:15:00,21.16,21.51,21.15,21.43,0
2020-09-15 09:15:00,21.19,21.19,18.9,20.83,0
2020-09-15 10:15:00,20.82,21.1,20.82,20.96,0
2020-09-15 11:15:00,20.96,20.98,20.79,20.89,0
2020-09-15 12:15:00,20.89,21.03,20.86,20.99,0
2020-09-15 13:15:00,20.99,21.11,20.73,20.78,0
2020-09-15 14:15:00,20.78,20.82,20.59,20.59,0
2020-09-15 15:15:00,20.59,20.64,20.38,20.4,0
2020-09-16 09:15:00,20.6,20.6,16.33,20.44,0
2020-09-16 10:15:00,20.44,20.49,20.32,20.48,0
2020-09-16 11:15:00,20.48,20.6,20.36,20.43,0
2020-09-16 12:15:00,20.43,20.46,20.2,20.37,0
2020-09-16 13:15:00,20.37,20.42,19.96,20.01,0
2020-09-16 14:15:00,20.0,20.02,19.6,19.68,0
2020-09-16 15:15:00,19.7,19.73,19.59,19.62,0
2020-09-17 09:15:00,19.66,20.03,17.55,19.9,0
2020-09-17 10:15:00,19.9,19.9,19.61,19.83,0
2020-09-17 11:15:00,19.8,20.68,19.73,20.43,0
2020-09-17 12:15:00,20.43,20.45,20.1,20.35,0
2020-09-17 13:15:00,20.35,20.44,20.16,20.19,0
2020-09-17 14:15:00,20.2,20.37,19.96,20.11,0
2020-09-17 15:15:00,20.11,20.12,19.98,20.08,0
2020-09-18 09:15:00,20.1,20.1,17.58,19.49,0
2020-09-18 10:15:00,19.49,19.58,19.44,19.55,0
2020-09-18 11:15:00,19.55,19.62,19.36,19.4,0
2020-09-18 12:15:00,19.4,19.44,19.31,19.39,0
2020-09-18 13:15:00,19.39,19.45,19.12,19.14,0
2020-09-18 14:15:00,19.14,20.77,19.14,20.01,0
2020-09-18 15:15:00,20.01,20.05,19.81,19.93,0
2020-09-21 09:15:00,20.05,20.75,18.27,20.51,0
2020-09-21 10:15:00,20.51,20.56,20.04,20.22,0
2020-09-21 11:15:00,20.22,20.25,20.09,20.11,0
2020-09-21 12:15:00,20.11,20.64,20.02,20.42,0
2020-09-21 13:15:00,20.43,21.92,20.42,21.83,0
2020-09-21 14:15:00,21.83,22.99,21.61,22.14,0
2020-09-21 15:15:00,22.14,22.68,22.12,22.65,0
2020-09-22 09:15:00,22.19,23.28,15.76,22.04,0
2020-09-22 10:15:00,22.04,22.69,21.68,22.52,0
2020-09-22 11:15:00,22.52,22.76,21.77,22.23,0
2020-09-22 12:15:00,22.24,22.37,21.58,21.87,0
2020-09-22 13:15:00,21.88,22.08,21.09,22.07,0
2020-09-22 14:15:00,22.07,22.21,21.28,21.33,0
2020-09-22 15:15:00,21.33,21.35,20.98,21.11,0
2020-09-23 09:15:00,21.41,21.41,19.37,20.74,0
2020-09-23 10:15:00,20.75,20.75,20.37,20.61,0
2020-09-23 11:15:00,20.61,21.22,20.48,21.15,0
2020-09-23 12:15:00,21.15,21.75,20.96,21.25,0
2020-09-23 13:15:00,21.25,22.48,21.21,21.96,0
2020-09-23 14:15:00,21.95,22.0,20.89,20.91,0
2020-09-23 15:15:00,20.93,21.0,20.83,20.85,0
2020-09-24 09:15:00,20.99,22.58,20.93,21.93,0
2020-09-24 10:15:00,21.96,22.37,21.74,22.22,0
2020-09-24 11:15:00,22.22,22.78,22.07,22.6,0
2020-09-24 12:15:00,22.6,22.95,22.29,22.36,0
2020-09-24 13:15:00,22.37,22.85,22.25,22.34,0
2020-09-24 14:15:00,22.33,23.68,22.23,23.62,0
2020-09-24 15:15:00,23.61,23.82,23.4,23.56,0
2020-09-25 09:15:00,23.51,23.51,18.67,22.63,0
2020-09-25 10:15:00,22.63,22.75,21.9,22.08,0
2020-09-25 11:15:00,22.08,22.13,21.59,21.94,0
2020-09-25 12:15:00,21.94,21.96,21.6,21.81,0
2020-09-25 13:15:00,21.82,21.96,21.13,21.3,0
2020-09-25 14:15:00,21.3,21.42,20.34,20.53,0
2020-09-25 15:15:00,20.54,20.87,20.54,20.76,0
2020-09-28 09:15:00,20.68,21.1,20.35,20.68,0
2020-09-28 10:15:00,20.68,20.75,20.14,20.19,0
2020-09-28 11:15:00,20.19,20.23,20.01,20.06,0
2020-09-28 12:15:00,20.06,20.35,19.84,20.0,0
2020-09-28 13:15:00,19.99,20.15,19.88,20.02,0
2020-09-28 14:15:00,20.0,20.09,19.6,19.6,0
2020-09-28 15:15:00,19.59,19.62,19.35,19.41,0
2020-09-29 09:15:00,19.57,19.57,18.43,19.51,0
2020-09-29 10:15:00,19.51,19.87,19.48,19.63,0
2020-09-29 11:15:00,19.63,19.75,19.48,19.57,0
2020-09-29 12:15:00,19.57,20.0,19.52,19.96,0
2020-09-29 13:15:00,19.96,20.2,19.8,20.04,0
2020-09-29 14:15:00,20.04,20.06,19.83,19.9,0
2020-09-29 15:15:00,19.9,19.91,19.51,19.68,0
2020-09-30 09:15:00,19.78,20.22,17.68,19.93,0
2020-09-30 10:15:00,19.93,19.98,19.61,19.65,0
2020-09-30 11:15:00,19.65,20.21,19.63,19.88,0
2020-09-30 12:15:00,19.88,20.02,19.72,19.9,0
2020-09-30 13:15:00,19.89,19.91,19.62,19.7,0
2020-09-30 14:15:00,19.71,19.77,19.44,19.52,0
2020-09-30 15:15:00,19.51,19.65,19.5,19.65,0
2020-10-01 09:15:00,19.53,19.53,17.38,18.66,0
2020-10-01 10:15:00,18.66,18.79,18.61,18.79,0
2020-10-01 11:15:00,18.8,18.82,18.66,18.79,0
2020-10-01 12:15:00,18.79,18.89,18.65,18.71,0
2020-10-01 13:15:00,18.71,18.75,18.53,18.53,0
2020-10-01 14:15:00,18.53,18.59,18.31,18.38,0
2020-10-01 15:15:00,18.38,18.41,18.22,18.27,0
2020-10-05 09:15:00,18.35,19.84,18.35,19.81,0
2020-10-05 10:15:00,19.81,19.99,19.62,19.83,0
2020-10-05 11:15:00,19.83,19.98,19.72,19.84,0
2020-10-05 12:15:00,19.84,19.99,19.54,19.94,0
2020-10-05 13:15:00,19.96,20.03,19.57,19.6,0
2020-10-05 14:15:00,19.6,19.74,19.5,19.68,0
2020-10-05 15:15:00,19.68,19.77,19.67,19.75,0
2020-10-06 09:15:00,19.71,19.89,18.36,19.72,0
2020-10-06 10:15:00,19.73,19.84,19.67,19.77,0
2020-10-06 11:15:00,19.77,19.81,19.62,19.68,0
2020-10-06 12:15:00,19.68,19.74,19.59,19.66,0
2020-10-06 13:15:00,19.68,19.83,19.55,19.62,0
2020-10-06 14:15:00,19.62,19.74,19.4,19.62,0
2020-10-06 15:15:00,19.63,19.65,19.53,19.59,0
2020-10-07 09:15:00,19.64,20.26,19.07,20.18,0
2020-10-07 10:15:00,20.19,20.25,19.97,20.05,0
2020-10-07 11:15:00,20.05,20.23,20.02,20.16,0
2020-10-07 12:15:00,20.15,20.25,20.03,20.23,0
2020-10-07 13:15:00,20.23,20.34,20.15,20.19,0
2020-10-07 14:15:00,20.19,20.2,20.0,20.07,0
2020-10-07 15:15:00,20.07,20.11,19.95,20.05,0
2020-10-08 09:15:00,20.06,20.41,18.98,20.36,0
2020-10-08 10:15:00,20.36,20.43,20.32,20.36,0
2020-10-08 11:15:00,20.36,20.6,20.33,20.5,0
2020-10-08 12:15:00,20.5,20.6,20.46,20.55,0
2020-10-08 13:15:00,20.55,20.86,20.5,20.54,0
2020-10-08 14:15:00,20.53,20.75,20.32,20.39,0
2020-10-08 15:15:00,20.39,20.46,20.28,20.41,0
2020-10-09 09:15:00,20.38,21.01,17.51,20.83,0
2020-10-09 10:15:00,20.83,20.88,20.43,20.62,0
2020-10-09 11:15:00,20.62,20.76,20.6,20.74,0
2020-10-09 12:15:00,20.74,20.75,20.55,20.62,0
2020-10-09 13:15:00,20.62,20.66,20.36,20.46,0
2020-10-09 14:15:00,20.47,20.5,20.26,20.39,0
2020-10-09 15:15:00,20.39,20.59,20.34,20.59,0
2020-10-12 09:15:00,20.38,21.75,19.39,21.6,0
2020-10-12 10:15:00,21.61,21.91,21.58,21.89,0
2020-10-12 11:15:00,21.88,22.0,21.72,21.9,0
2020-10-12 12:15:00,21.9,21.95,21.63,21.84,0
2020-10-12 13:15:00,21.84,22.1,21.29,21.32,0
2020-10-12 14:15:00,21.34,21.48,21.0,21.18,0
2020-10-12 15:15:00,21.18,21.25,21.1,21.17,0
2020-10-13 09:15:00,21.13,21.65,20.53,21.31,0
2020-10-13 10:15:00,21.33,21.38,21.08,21.11,0
2020-10-13 11:15:00,21.09,21.28,21.06,21.1,0
2020-10-13 12:15:00,21.09,21.15,20.91,20.95,0
2020-10-13 13:15:00,20.95,20.98,20.76,20.88,0
2020-10-13 14:15:00,20.87,20.9,20.58,20.8,0
2020-10-13 15:15:00,20.8,20.84,20.64,20.64,0
2020-10-14 09:15:00,20.72,20.96,19.82,20.85,0
2020-10-14 10:15:00,20.85,20.92,20.68,20.71,0
2020-10-14 11:15:00,20.72,20.76,20.45,20.51,0
2020-10-14 12:15:00,20.51,20.54,20.24,20.43,0
2020-10-14 13:15:00,20.44,20.59,20.25,20.27,0
2020-10-14 14:15:00,20.27,20.48,20.08,20.13,0
2020-10-14 15:15:00,20.13,20.34,20.08,20.26,0
2020-10-15 09:15:00,20.21,20.55,19.04,20.34,0
2020-10-15 10:15:00,20.34,20.54,20.33,20.49,0
2020-10-15 11:15:00,20.49,21.01,20.4,20.79,0
2020-10-15 12:15:00,20.8,21.15,20.68,21.03,0
2020-10-15 13:15:00,21.03,22.08,20.93,22.06,0
2020-10-15 14:15:00,22.06,22.24,21.48,22.23,0
2020-10-15 15:15:00,22.24,22.28,21.96,22.0,0
2020-10-16 09:15:00,22.06,22.42,20.49,21.95,0
2020-10-16 10:15:00,21.96,22.0,21.68,21.86,0
2020-10-16 11:15:00,21.86,22.2,21.75,22.0,0
2020-10-16 12:15:00,22.0,22.15,21.77,21.82,0
2020-10-16 13:15:00,21.82,21.97,21.59,21.65,0
2020-10-16 14:15:00,21.64,21.9,21.54,21.71,0
2020-10-16 15:15:00,21.7,21.73,21.47,21.52,0
2020-10-19 09:15:00,21.65,22.22,15.47,22.12,0
2020-10-19 10:15:00,22.11,22.29,22.03,22.26,0
2020-10-19 11:15:00,22.26,22.32,22.15,22.22,0
2020-10-19 12:15:00,22.22,22.28,22.01,22.14,0
2020-10-19 13:15:00,22.13,22.18,21.9,21.94,0
2020-10-19 14:15:00,21.93,22.1,21.78,21.82,0
2020-10-19 15:15:00,21.81,21.87,21.76,21.82,0
2020-10-20 09:15:00,21.82,22.33,18.79,22.19,0
2020-10-20 10:15:00,22.19,22.28,22.14,22.27,0
2020-10-20 11:15:00,22.28,22.4,22.16,22.35,0
2020-10-20 12:15:00,22.35,22.48,22.09,22.48,0
2020-10-20 13:15:00,22.48,22.7,22.37,22.62,0
2020-10-20 14:15:00,22.63,22.71,22.47,22.69,0
2020-10-20 15:15:00,22.69,22.79,22.63,22.7,0
2020-10-21 09:15:00,22.69,22.69,18.38,22.46,0
2020-10-21 10:15:00,22.46,22.63,22.45,22.56,0
2020-10-21 11:15:00,22.56,22.71,22.48,22.53,0
2020-10-21 12:15:00,22.53,22.68,22.42,22.61,0
2020-10-21 13:15:00,22.6,23.4,22.42,23.31,0
2020-10-21 14:15:00,23.31,23.55,22.84,22.88,0
2020-10-21 15:15:00,22.87,22.95,22.79,22.95,0
2020-10-22 09:15:00,22.92,23.52,17.44,23.38,0
2020-10-22 10:15:00,23.39,23.47,22.92,23.06,0
2020-10-22 11:15:00,23.06,23.25,22.94,23.02,0
2020-10-22 12:15:00,23.02,23.37,22.89,23.15,0
2020-10-22 13:15:00,23.14,23.27,22.78,22.89,0
2020-10-22 14:15:00,22.89,23.11,22.57,22.61,0
2020-10-22 15:15:00,22.61,22.71,22.55,22.68,0
2020-10-23 09:15:00,22.64,22.78,19.83,22.37,0
2020-10-23 10:15:00,22.37,22.51,22.3,22.34,0
2020-10-23 11:15:00,22.34,22.43,22.26,22.29,0
2020-10-23 12:15:00,22.29,22.31,22.01,22.08,0
2020-10-23 13:15:00,22.08,22.11,21.92,22.04,0
2020-10-23 14:15:00,22.05,22.16,21.84,21.84,0
2020-10-23 15:15:00,21.84,21.85,21.71,21.81,0
2020-10-26 09:15:00,21.83,22.93,21.32,22.64,0
2020-10-26 10:15:00,22.64,22.65,22.37,22.46,0
2020-10-26 11:15:00,22.48,22.85,22.46,22.63,0
2020-10-26 12:15:00,22.62,23.19,22.59,23.09,0
2020-10-26 13:15:00,23.09,23.41,22.94,23.27,0
2020-10-26 14:15:00,23.27,23.31,22.82,22.84,0
2020-10-26 15:15:00,22.84,22.85,22.75,22.81,0
2020-10-27 09:15:00,22.83,23.17,22.36,23.0,0
2020-10-27 10:15:00,22.98,23.01,22.63,22.68,0
2020-10-27 11:15:00,22.68,22.74,22.43,22.47,0
2020-10-27 12:15:00,22.47,22.61,22.39,22.49,0
2020-10-27 13:15:00,22.49,22.56,22.31,22.37,0
2020-10-27 14:15:00,22.36,22.39,22.12,22.2,0
2020-10-27 15:15:00,22.21,22.25,22.18,22.24,0
2020-10-28 09:15:00,22.2,22.83,20.08,22.76,0
2020-10-28 10:15:00,22.76,22.78,22.54,22.7,0
2020-10-28 11:15:00,22.7,22.75,22.51,22.56,0
2020-10-28 12:15:00,22.56,23.4,22.46,23.33,0
2020-10-28 13:15:00,23.33,23.47,22.92,23.05,0
2020-10-28 14:15:00,23.07,23.39,22.88,23.35,0
2020-10-28 15:15:00,23.35,23.36,23.23,23.24,0
2020-10-29 09:15:00,23.28,23.96,22.28,23.65,0
2020-10-29 10:15:00,23.65,23.94,23.64,23.92,0
2020-10-29 11:15:00,23.92,24.09,23.71,23.8,0
2020-10-29 12:15:00,23.79,24.28,23.75,24.21,0
2020-10-29 13:15:00,24.21,24.35,23.95,24.17,0
2020-10-29 14:15:00,24.16,24.36,23.93,23.95,0
2020-10-29 15:15:00,23.95,24.14,23.94,24.11,0
2020-10-30 09:15:00,24.02,24.36,21.73,23.81,0
2020-10-30 10:15:00,23.81,24.44,23.74,24.44,0
2020-10-30 11:15:00,24.44,25.83,24.31,25.82,0
2020-10-30 12:15:00,25.82,26.3,25.55,25.82,0
2020-10-30 13:15:00,25.81,25.86,25.08,25.29,0
2020-10-30 14:15:00,25.29,25.63,24.62,24.63,0
2020-10-30 15:15:00,24.63,24.71,24.53,24.55,0
2020-11-02 09:15:00,24.75,25.92,24.22,25.71,0
2020-11-02 10:15:00,25.72,25.72,25.31,25.42,0
2020-11-02 11:15:00,25.42,25.63,25.24,25.61,0
2020-11-02 12:15:00,25.61,25.81,25.53,25.64,0
2020-11-02 13:15:00,25.64,25.71,25.31,25.37,0
2020-11-02 14:15:00,25.37,25.43,25.1,25.15,0
2020-11-02 15:15:00,25.15,25.48,25.15,25.48,0
2020-11-03 09:15:00,25.21,25.33,22.92,24.9,0
2020-11-03 10:15:00,24.9,24.91,24.63,24.71,0
2020-11-03 11:15:00,24.71,24.76,24.5,24.51,0
2020-11-03 12:15:00,24.51,24.56,23.87,24.03,0
2020-11-03 13:15:00,24.03,24.35,23.83,24.05,0
2020-11-03 14:15:00,24.05,24.54,23.86,24.23,0
2020-11-03 15:15:00,24.23,24.61,24.13,24.6,0
2020-11-04 09:15:00,24.24,24.24,20.67,22.87,0
2020-11-04 10:15:00,22.87,23.21,22.52,22.56,0
2020-11-04 11:15:00,22.56,22.76,22.47,22.7,0
2020-11-04 12:15:00,22.7,23.5,22.6,23.35,0
2020-11-04 13:15:00,23.35,23.83,23.2,23.47,0
2020-11-04 14:15:00,23.47,23.47,22.99,23.24,0
2020-11-04 15:15:00,23.23,23.47,23.21,23.43,0
2020-11-05 09:15:00,23.2,23.2,19.99,21.17,0
2020-11-05 10:15:00,21.17,21.34,20.84,21.32,0
2020-11-05 11:15:00,21.33,21.35,21.09,21.1,0
2020-11-05 12:15:00,21.1,21.23,21.04,21.12,0
2020-11-05 13:15:00,21.12,21.27,21.08,21.24,0
2020-11-05 14:15:00,21.25,21.26,20.94,20.96,0
2020-11-05 15:15:00,20.97,21.0,20.82,20.95,0
2020-11-06 09:15:00,20.97,20.97,19.28,20.18,0
2020-11-06 10:15:00,20.17,20.44,20.17,20.3,0
2020-11-06 11:15:00,20.3,20.59,20.24,20.47,0
2020-11-06 12:15:00,20.47,20.96,20.44,20.79,0
2020-11-06 13:15:00,20.79,20.84,20.68,20.78,0
2020-11-06 14:15:00,20.78,20.85,20.46,20.5,0
2020-11-06 15:15:00,20.5,20.55,20.37,20.5,0
2020-11-09 09:15:00,20.5,20.83,17.58,20.55,0
2020-11-09 10:15:00,20.55,20.69,20.49,20.53,0
2020-11-09 11:15:00,20.53,20.7,20.5,20.57,0
2020-11-09 12:15:00,20.56,21.05,20.3,20.95,0
2020-11-09 13:15:00,20.95,21.03,20.2,20.25,0
2020-11-09 14:15:00,20.25,20.32,20.04,20.05,0
2020-11-09 15:15:00,20.05,20.19,20.05,20.17,0
2020-11-10 09:15:00,20.11,21.54,19.9,20.61,0
2020-11-10 10:15:00,20.62,21.02,20.1,21.01,0
2020-11-10 11:15:00,21.02,21.28,20.95,21.14,0
2020-11-10 12:15:00,21.14,21.44,21.11,21.39,0
2020-11-10 13:15:00,21.39,21.6,21.33,21.34,0
2020-11-10 14:15:00,21.35,21.57,21.17,21.47,0
2020-11-10 15:15:00,21.47,21.84,21.45,21.83,0
2020-11-11 09:15:00,21.58,21.92,19.0,21.74,0
2020-11-11 10:15:00,21.74,21.91,21.49,21.6,0
2020-11-11 11:15:00,21.61,22.34,21.46,21.72,0
2020-11-11 12:15:00,21.72,21.89,21.6,21.88,0
2020-11-11 13:15:00,21.88,22.3,21.79,22.23,0
2020-11-11 14:15:00,22.23,22.38,21.63,22.12,0
2020-11-11 15:15:00,22.11,22.13,21.99,22.1,0
2020-11-12 09:15:00,22.03,22.03,19.79,21.17,0
2020-11-12 10:15:00,21.17,21.29,21.06,21.22,0
2020-11-12 11:15:00,21.22,21.3,21.06,21.12,0
2020-11-12 12:15:00,21.12,21.94,21.06,21.22,0
2020-11-12 13:15:00,21.22,21.28,20.79,21.1,0
2020-11-12 14:15:00,21.1,21.11,20.64,20.66,0
2020-11-12 15:15:00,20.65,20.68,20.43,20.47,0
2020-11-13 09:15:00,20.62,29.53,19.56,20.26,0
2020-11-13 10:15:00,20.26,20.34,19.76,20.22,0
2020-11-13 11:15:00,20.22,20.3,20.13,20.18,0
2020-11-13 12:15:00,20.18,20.23,20.07,20.15,0
2020-11-13 13:15:00,20.15,20.2,19.83,19.88,0
2020-11-13 14:15:00,19.88,20.04,19.67,19.7,0
2020-11-13 15:15:00,19.7,19.77,19.65,19.74,0
2020-11-14 18:15:00,19.7,19.7,16.18,19.15,0
2020-11-17 09:15:00,19.13,20.22,18.4,20.11,0
2020-11-17 10:15:00,20.11,20.37,20.04,20.25,0
2020-11-17 11:15:00,20.25,20.41,20.15,20.18,0
2020-11-17 12:15:00,20.18,20.32,20.1,20.15,0
2020-11-17 13:15:00,20.15,20.18,19.71,19.77,0
2020-11-17 14:15:00,19.76,20.08,19.6,19.76,0
2020-11-17 15:15:00,19.76,19.79,19.7,19.79,0
2020-11-18 09:15:00,19.8,19.8,15.72,19.35,0
2020-11-18 10:15:00,19.35,19.59,19.17,19.58,0
2020-11-18 11:15:00,19.57,19.63,19.47,19.56,0
2020-11-18 12:15:00,19.56,19.58,19.24,19.26,0
2020-11-18 13:15:00,19.26,19.38,19.1,19.26,0
2020-11-18 14:15:00,19.26,19.26,19.0,19.09,0
2020-11-18 15:15:00,19.08,19.27,19.08,19.27,0
2020-11-19 09:15:00,19.12,19.81,16.33,19.75,0
2020-11-19 10:15:00,19.75,19.77,19.53,19.53,0
2020-11-19 11:15:00,19.53,19.64,19.46,19.54,0
2020-11-19 12:15:00,19.54,19.58,19.2,19.3,0
2020-11-19 13:15:00,19.3,19.75,19.24,19.6,0
2020-11-19 14:15:00,19.6,19.98,19.48,19.53,0
2020-11-19 15:15:00,19.53,19.6,19.45,19.53,0
2020-11-20 09:15:00,19.57,19.57,17.0,19.26,0
2020-11-20 10:15:00,19.26,19.42,19.2,19.34,0
2020-11-20 11:15:00,19.34,19.5,19.27,19.35,0
2020-11-20 12:15:00,19.34,19.81,19.34,19.66,0
2020-11-20 13:15:00,19.66,19.75,19.5,19.66,0
2020-11-20 14:15:00,19.66,19.71,19.51,19.61,0
2020-11-20 15:15:00,19.61,19.66,19.51,19.52,0
2020-11-23 09:15:00,19.62,20.36,16.91,19.94,0
2020-11-23 10:15:00,19.94,20.7,19.89,20.7,0
2020-11-23 11:15:00,20.7,20.84,20.58,20.79,0
2020-11-23 12:15:00,20.77,20.85,20.65,20.74,0
2020-11-23 13:15:00,20.74,20.8,20.6,20.69,0
2020-11-23 14:15:00,20.69,20.86,20.64,20.82,0
2020-11-23 15:15:00,20.82,20.86,20.73,20.81,0
2020-11-24 09:15:00,20.8,21.35,20.03,21.34,0
2020-11-24 10:15:00,21.33,21.44,21.15,21.17,0
2020-11-24 11:15:00,21.17,21.94,21.16,21.91,0
2020-11-24 12:15:00,21.91,21.97,21.74,21.93,0
2020-11-24 13:15:00,21.93,21.96,21.71,21.87,0
2020-11-24 14:15:00,21.87,22.0,20.81,20.86,0
2020-11-24 15:15:00,20.86,21.03,20.83,21.01,0
2020-11-25 09:15:00,21.06,22.09,20.68,21.4,0
2020-11-25 10:15:00,21.4,22.22,21.28,21.48,0
2020-11-25 11:15:00,21.49,23.0,21.34,22.91,0
2020-11-25 12:15:00,22.91,23.23,22.31,23.12,0
2020-11-25 13:15:00,23.12,23.33,22.53,22.93,0
2020-11-25 14:15:00,22.93,23.5,22.51,23.17,0
2020-11-25 15:15:00,23.17,23.43,23.01,23.16,0
2020-11-26 09:15:00,23.13,23.13,19.44,20.62,0
2020-11-26 10:15:00,20.62,20.9,20.24,20.84,0
2020-11-26 11:15:00,20.84,20.84,20.23,20.46,0
2020-11-26 12:15:00,20.46,20.85,19.75,20.57,0
2020-11-26 13:15:00,20.56,20.68,19.65,19.71,0
2020-11-26 14:15:00,19.71,20.77,19.67,20.32,0
2020-11-26 15:15:00,20.32,20.39,20.19,20.3,0
2020-11-27 09:15:00,20.02,21.28,17.63,21.11,0
2020-11-27 10:15:00,21.11,21.2,19.24,19.78,0
2020-11-27 11:15:00,19.78,20.11,19.51,19.66,0
2020-11-27 12:15:00,19.65,19.72,19.49,19.66,0
2020-11-27 13:15:00,19.66,20.2,19.47,20.04,0
2020-11-27 14:15:00,20.04,20.21,19.42,19.86,0
2020-11-27 15:15:00,19.86,19.97,19.82,19.9,0
2020-12-01 09:15:00,19.82,20.87,19.25,20.74,0
2020-12-01 10:15:00,20.74,20.86,20.61,20.72,0
2020-12-01 11:15:00,20.72,21.24,20.65,20.77,0
2020-12-01 12:15:00,20.76,21.21,20.58,20.67,0
2020-12-01 13:15:00,20.67,20.79,20.57,20.78,0
2020-12-01 14:15:00,20.78,20.83,19.9,20.22,0
2020-12-01 15:15:00,20.22,20.23,19.72,19.77,0
2020-12-02 09:15:00,20.18,20.51,17.96,20.23,0
2020-12-02 10:15:00,20.21,20.28,20.01,20.03,0
2020-12-02 11:15:00,20.03,20.29,19.95,20.06,0
2020-12-02 12:15:00,20.06,20.49,20.0,20.38,0
2020-12-02 13:15:00,20.38,20.55,19.85,19.91,0
2020-12-02 14:15:00,19.91,20.29,19.56,19.71,0
2020-12-02 15:15:00,19.71,20.25,19.63,20.24,0
2020-12-03 09:15:00,19.91,19.91,17.73,18.92,0
2020-12-03 10:15:00,18.92,19.22,18.77,19.05,0
2020-12-03 11:15:00,19.05,19.43,18.9,19.38,0
2020-12-03 12:15:00,19.38,19.48,19.31,19.4,0
2020-12-03 13:15:00,19.42,19.45,18.83,19.35,0
2020-12-03 14:15:00,19.35,19.43,18.99,19.01,0
2020-12-03 15:15:00,19.01,19.04,18.87,18.93,0
2020-12-04 09:15:00,19.0,19.0,16.53,18.83,0
2020-12-04 10:15:00,18.83,19.04,18.34,18.39,0
2020-12-04 11:15:00,18.39,18.7,18.31,18.39,0
2020-12-04 12:15:00,18.39,18.67,18.12,18.55,0
2020-12-04 13:15:00,18.54,18.61,17.6,18.26,0
2020-12-04 14:15:00,18.27,18.32,17.5,18.02,0
2020-12-04 15:15:00,18.02,18.04,17.91,17.99,0
2020-12-07 09:15:00,18.03,18.3,16.95,18.23,0
2020-12-07 10:15:00,18.23,18.32,18.1,18.22,0
2020-12-07 11:15:00,18.22,18.28,17.83,17.93,0
2020-12-07 12:15:00,17.93,18.02,17.9,17.96,0
2020-12-07 13:15:00,17.96,18.25,17.92,18.14,0
2020-12-07 14:15:00,18.14,18.24,17.95,18.05,0
2020-12-07 15:15:00,18.05,18.09,17.99,18.08,0
2020-12-08 09:15:00,18.03,18.54,16.27,18.49,0
2020-12-08 10:15:00,18.49,18.66,18.4,18.66,0
2020-12-08 11:15:00,18.66,18.7,18.49,18.6,0
2020-12-08 12:15:00,18.61,18.72,18.4,18.51,0
2020-12-08 13:15:00,18.5,18.76,18.39,18.73,0
2020-12-08 14:15:00,18.73,18.8,18.53,18.72,0
2020-12-08 15:15:00,18.72,18.78,18.51,18.57,0
2020-12-09 09:15:00,18.62,19.12,16.22,19.07,0
2020-12-09 10:15:00,19.07,19.32,19.05,19.19,0
2020-12-09 11:15:00,19.19,19.39,19.16,19.33,0
2020-12-09 12:15:00,19.33,19.42,19.26,19.29,0
2020-12-09 13:15:00,19.29,19.63,19.28,19.5,0
2020-12-09 14:15:00,19.5,19.57,18.75,18.78,0
2020-12-09 15:15:00,18.78,18.86,18.75,18.8,0
2020-12-10 09:15:00,18.92,18.99,17.42,18.87,0
2020-12-10 10:15:00,18.87,18.97,18.64,18.75,0
2020-12-10 11:15:00,18.75,19.39,18.71,18.91,0
2020-12-10 12:15:00,18.9,19.0,18.82,18.86,0
2020-12-10 13:15:00,18.86,19.06,18.79,19.04,0
2020-12-10 14:15:00,19.04,19.09,18.66,18.68,0
2020-12-10 15:15:00,18.69,18.76,18.61,18.61,0
2020-12-11 09:15:00,18.71,19.08,17.36,18.8,0
2020-12-11 10:15:00,18.8,18.86,18.7,18.82,0
2020-12-11 11:15:00,18.82,18.91,18.68,18.7,0
2020-12-11 12:15:00,18.7,18.78,18.53,18.61,0
2020-12-11 13:15:00,18.61,19.29,18.57,19.08,0
2020-12-11 14:15:00,19.08,19.27,18.68,18.78,0
2020-12-11 15:15:00,18.78,18.85,18.69,18.82,0
2020-12-14 09:15:00,18.79,19.57,15.33,19.48,0
2020-12-14 10:15:00,19.46,19.63,19.33,19.37,0
2020-12-14 11:15:00,19.37,19.64,19.31,19.46,0
2020-12-14 12:15:00,19.46,19.6,19.32,19.33,0
2020-12-14 13:15:00,19.34,19.54,19.33,19.44,0
2020-12-14 14:15:00,19.45,19.51,19.35,19.39,0
2020-12-14 15:15:00,19.39,19.46,19.36,19.44,0
2020-12-15 09:15:00,19.4,19.79,15.69,19.77,0
2020-12-15 10:15:00,19.77,19.83,19.6,19.71,0
2020-12-15 11:15:00,19.71,19.73,19.47,19.54,0
2020-12-15 12:15:00,19.54,19.61,19.39,19.53,0
2020-12-15 13:15:00,19.54,19.57,19.4,19.42,0
2020-12-15 14:15:00,19.42,19.48,19.33,19.37,0
2020-12-15 15:15:00,19.37,19.39,19.28,19.29,0
2020-12-16 09:15:00,19.35,19.38,18.61,19.26,0
2020-12-16 10:15:00,19.26,19.3,19.07,19.2,0
2020-12-16 11:15:00,19.2,19.31,19.12,19.19,0
2020-12-16 12:15:00,19.19,19.38,19.1,19.28,0
2020-12-16 13:15:00,19.28,19.35,19.19,19.34,0
2020-12-16 14:15:00,19.34,19.4,19.13,19.2,0
2020-12-16 15:15:00,19.2,19.25,19.15,19.25,0
2020-12-17 09:15:00,19.2,21.62,14.05,19.33,0
2020-12-17 10:15:00,19.33,19.39,19.17,19.3,0
2020-12-17 11:15:00,19.3,19.35,19.08,19.1,0
2020-12-17 12:15:00,19.1,19.21,19.02,19.15,0
2020-12-17 13:15:00,19.15,19.18,18.98,19.0,0
2020-12-17 14:15:00,19.0,19.26,18.92,19.13,0
2020-12-17 15:15:00,19.13,19.23,19.11,19.17,0
2020-12-18 09:15:00,19.16,19.49,14.56,19.22,0
2020-12-18 10:15:00,19.22,19.48,19.19,19.37,0
2020-12-18 11:15:00,19.36,19.4,19.2,19.3,0
2020-12-18 12:15:00,19.3,19.4,19.13,19.14,0
2020-12-18 13:15:00,19.14,19.25,18.85,18.86,0
2020-12-18 14:15:00,18.86,18.9,18.57,18.62,0
2020-12-18 15:15:00,18.62,18.7,18.57,18.69,0
2020-12-21 09:15:00,18.62,19.73,18.62,19.45,0
2020-12-21 10:15:00,19.45,19.54,19.3,19.48,0
2020-12-21 11:15:00,19.48,19.66,19.35,19.48,0
2020-12-21 12:15:00,19.49,19.95,19.41,19.88,0
2020-12-21 13:15:00,19.88,20.44,19.82,20.36,0
2020-12-21 14:15:00,20.36,23.4,20.36,23.1,0
2020-12-21 15:15:00,23.09,23.68,23.09,23.65,0
2020-12-22 09:15:00,23.19,24.15,16.59,23.69,0
2020-12-22 10:15:00,23.66,24.29,23.48,24.08,0
2020-12-22 11:15:00,24.07,24.48,23.82,24.07,0
2020-12-22 12:15:00,24.06,24.4,23.85,23.86,0
2020-12-22 13:15:00,23.86,23.95,22.58,22.58,0
2020-12-22 14:15:00,22.58,22.59,21.94,21.94,0
2020-12-22 15:15:00,21.94,22.01,21.78,21.94,0
2020-12-23 09:15:00,21.99,22.08,19.4,21.89,0
2020-12-23 10:15:00,21.89,21.93,21.61,21.88,0
2020-12-23 11:15:00,21.88,21.89,21.52,21.63,0
2020-12-23 12:15:00,21.63,21.65,21.37,21.56,0
2020-12-23 13:15:00,21.56,21.68,21.29,21.38,0
2020-12-23 14:15:00,21.38,21.39,20.44,20.44,0
2020-12-23 15:15:00,20.44,20.5,20.31,20.5,0
2020-12-24 09:15:00,20.5,20.5,15.65,20.18,0
2020-12-24 10:15:00,20.17,20.41,20.17,20.36,0
2020-12-24 11:15:00,20.36,20.95,20.3,20.3,0
2020-12-24 12:15:00,20.3,20.35,20.0,20.06,0
2020-12-24 13:15:00,20.05,20.17,19.9,19.96,0
2020-12-24 14:15:00,19.96,20.1,19.86,19.94,0
2020-12-24 15:15:00,19.97,20.12,19.92,20.1,0
2020-12-28 09:15:00,19.97,21.02,18.6,20.8,0
2020-12-28 10:15:00,20.8,20.83,20.63,20.77,0
2020-12-28 11:15:00,20.77,20.79,20.52,20.52,0
2020-12-28 12:15:00,20.52,20.58,20.42,20.56,0
2020-12-28 13:15:00,20.56,20.58,20.12,20.48,0
2020-12-28 14:15:00,20.48,20.6,20.25,20.42,0
2020-12-28 15:15:00,20.42,20.52,20.4,20.52,0
2020-12-29 09:15:00,20.43,21.11,17.63,20.52,0
2020-12-29 10:15:00,20.52,21.15,20.49,20.79,0
2020-12-29 11:15:00,20.8,21.21,20.8,21.05,0
2020-12-29 12:15:00,21.05,21.11,20.62,20.73,0
2020-12-29 13:15:00,20.73,21.02,20.64,20.89,0
2020-12-29 14:15:00,20.89,21.09,20.67,20.74,0
2020-12-29 15:15:00,20.74,20.99,20.72,20.89,0
2020-12-30 09:15:00,20.79,21.55,20.79,21.28,0
2020-12-30 10:15:00,21.3,21.42,21.18,21.26,0
2020-12-30 11:15:00,21.26,21.29,21.06,21.25,0
2020-12-30 12:15:00,21.25,21.59,21.2,21.35,0
2020-12-30 13:15:00,21.35,21.47,21.07,21.14,0
2020-12-30 14:15:00,21.13,21.22,21.02,21.04,0
2020-12-30 15:15:00,21.04,21.18,21.04,21.16,0
2020-12-31 09:15:00,21.11,21.42,19.19,21.08,0
2020-12-31 10:15:00,21.09,21.26,21.06,21.14,0
2020-12-31 11:15:00,21.14,21.45,21.04,21.44,0
2020-12-31 12:15:00,21.44,21.51,20.99,21.14,0
2020-12-31 13:15:00,21.15,21.18,20.96,21.01,0
2020-12-31 14:15:00,21.01,21.27,21.01,21.04,0
2020-12-31 15:15:00,21.04,21.16,21.01,21.16,0
2021-01-01 09:15:00,21.1,21.33,20.39,20.41,0
2021-01-01 10:15:00,20.41,20.47,20.25,20.27,0
2021-01-01 11:15:00,20.26,20.31,20.11,20.13,0
2021-01-01 12:15:00,20.13,20.15,19.75,19.75,0
2021-01-01 13:15:00,19.75,19.76,19.42,19.44,0
2021-01-01 14:15:00,19.44,19.62,19.26,19.56,0
2021-01-01 15:15:00,19.56,19.67,19.48,19.55,0
2021-01-04 09:15:00,19.56,20.22,19.34,19.87,0
2021-01-04 10:15:00,19.86,21.03,19.79,20.66,0
2021-01-04 11:15:00,20.67,20.86,20.21,20.23,0
2021-01-04 12:15:00,20.23,20.28,20.05,20.15,0
2021-01-04 13:15:00,20.15,20.24,20.04,20.18,0
2021-01-04 14:15:00,20.18,20.41,19.96,20.02,0
2021-01-04 15:15:00,20.02,20.06,19.97,20.02,0
2021-01-05 09:15:00,20.03,21.01,20.03,20.8,0
2021-01-05 10:15:00,20.8,20.82,20.33,20.47,0
2021-01-05 11:15:00,20.47,20.49,20.29,20.37,0
2021-01-05 12:15:00,20.37,20.49,20.28,20.44,0
2021-01-05 13:15:00,20.44,20.6,20.25,20.31,0
2021-01-05 14:15:00,20.31,20.52,20.25,20.52,0
2021-01-05 15:15:00,20.52,20.56,20.47,20.52,0
2021-01-06 09:15:00,20.46,20.91,20.46,20.86,0
2021-01-06 10:15:00,20.86,20.86,20.43,20.5,0
2021-01-06 11:15:00,20.5,20.74,20.47,20.68,0
2021-01-06 12:15:00,20.68,20.7,20.49,20.68,0
2021-01-06 13:15:00,20.69,21.5,20.59,21.44,0
2021-01-06 14:15:00,21.41,21.63,20.95,21.02,0
2021-01-06 15:15:00,21.02,21.07,20.91,21.01,0
2021-01-07 09:15:00,21.0,21.0,20.27,20.4,0
2021-01-07 10:15:00,20.4,20.54,20.3,20.42,0
2021-01-07 11:15:00,20.42,20.46,20.25,20.26,0
2021-01-07 12:15:00,20.26,20.32,20.18,20.23,0
2021-01-07 13:15:00,20.23,20.58,20.14,20.43,0
2021-01-07 14:15:00,20.43,20.73,20.32,20.66,0
2021-01-07 15:15:00,20.66,20.73,20.53,20.55,0
2021-01-08 09:15:00,20.62,20.75,17.85,20.18,0
2021-01-08 10:15:00,20.18,20.3,20.07,20.24,0
2021-01-08 11:15:00,20.24,20.31,20.19,20.29,0
2021-01-08 12:15:00,20.29,20.39,20.24,20.3,0
2021-01-08 13:15:00,20.3,20.52,20.29,20.48,0
2021-01-08 14:15:00,20.48,20.71,20.42,20.68,0
2021-01-08 15:15:00,20.68,20.85,20.63,20.82,0
2021-01-11 09:15:00,20.64,22.72,20.64,22.38,0
2021-01-11 10:15:00,22.37,22.75,22.24,22.39,0
2021-01-11 11:15:00,22.39,22.58,22.33,22.4,0
2021-01-11 12:15:00,22.39,22.49,22.21,22.23,0
2021-01-11 13:15:00,22.24,22.5,22.17,22.41,0
2021-01-11 14:15:00,22.41,22.52,22.25,22.41,0
2021-01-11 15:15:00,22.41,22.45,22.32,22.41,0
2021-01-12 09:15:00,22.38,23.02,22.29,22.98,0
2021-01-12 10:15:00,22.98,23.02,22.71,22.76,0
2021-01-12 11:15:00,22.75,22.96,22.72,22.88,0
2021-01-12 12:15:00,22.89,23.21,22.8,23.19,0
2021-01-12 13:15:00,23.2,23.26,22.89,22.92,0
2021-01-12 14:15:00,22.92,22.93,22.74,22.86,0
2021-01-12 15:15:00,22.86,22.91,22.8,22.88,0
2021-01-13 09:15:00,22.85,23.41,22.37,23.31,0
2021-01-13 10:15:00,23.3,23.55,23.28,23.37,0
2021-01-13 11:15:00,23.35,23.91,23.3,23.66,0
2021-01-13 12:15:00,23.66,23.84,23.5,23.72,0
2021-01-13 13:15:00,23.72,24.05,23.65,23.8,0
2021-01-13 14:15:00,23.8,23.82,23.24,23.29,0
2021-01-13 15:15:00,23.29,23.41,23.2,23.41,0
2021-01-14 09:15:00,23.29,23.7,23.29,23.52,0
2021-01-14 10:15:00,23.51,23.57,23.23,23.35,0
2021-01-14 11:15:00,23.35,23.38,23.09,23.12,0
2021-01-14 12:15:00,23.12,23.22,23.01,23.12,0
2021-01-14 13:15:00,23.12,23.16,22.93,22.93,0
2021-01-14 14:15:00,22.93,23.09,22.81,23.0,0
2021-01-14 15:15:00,23.0,23.23,22.98,23.2,0
2021-01-15 09:15:00,23.03,23.95,23.03,23.74,0
2021-01-15 10:15:00,23.73,23.98,23.55,23.85,0
2021-01-15 11:15:00,23.86,24.19,23.71,23.87,0
2021-01-15 12:15:00,23.87,23.99,23.55,23.67,0
2021-01-15 13:15:00,23.69,24.44,23.51,24.36,0
2021-01-15 14:15:00,24.36,24.68,23.9,23.96,0
2021-01-15 15:15:00,23.96,24.1,23.89,24.1,0
2021-01-18 09:15:00,24.01,25.34,23.57,25.29,0
2021-01-18 10:15:00,25.27,25.41,24.86,24.88,0
2021-01-18 11:15:00,24.89,25.09,24.75,24.83,0
2021-01-18 12:15:00,24.83,25.01,24.72,24.88,0
2021-01-18 13:15:00,24.88,24.93,24.16,24.19,0
2021-01-18 14:15:00,24.19,24.54,24.16,24.48,0
2021-01-18 15:15:00,24.47,24.55,24.29,24.31,0
2021-01-19 09:15:00,24.4,24.4,20.36,23.63,0
2021-01-19 10:15:00,23.63,23.67,23.19,23.19,0
2021-01-19 11:15:00,23.21,23.23,23.03,23.14,0
2021-01-19 12:15:00,23.15,23.24,22.97,23.1,0
2021-01-19 13:15:00,23.11,23.29,23.09,23.17,0
2021-01-19 14:15:00,23.17,23.18,22.88,22.88,0
2021-01-19 15:15:00,22.89,22.93,22.76,22.76,0
2021-01-20 09:15:00,22.9,23.19,19.33,22.61,0
2021-01-20 10:15:00,22.61,22.63,22.19,22.2,0
2021-01-20 11:15:00,22.22,22.23,21.9,22.14,0
2021-01-20 12:15:00,22.14,22.29,22.01,22.1,0
2021-01-20 13:15:00,22.1,22.17,21.79,21.8,0
2021-01-20 14:15:00,21.8,21.82,21.5,21.51,0
2021-01-20 15:15:00,21.51,21.59,21.47,21.48,0
2021-01-21 09:15:00,21.55,21.67,18.62,20.84,0
2021-01-21 10:15:00,20.84,20.87,20.66,20.76,0
2021-01-21 11:15:00,20.76,20.76,20.61,20.74,0
2021-01-21 12:15:00,20.74,20.9,20.63,20.78,0
2021-01-21 13:15:00,20.76,21.14,20.66,21.11,0
2021-01-21 14:15:00,21.11,22.78,20.87,22.37,0
2021-01-21 15:15:00,22.38,22.41,22.01,22.27,0
2021-01-22 09:15:00,22.18,22.71,18.73,21.83,0
2021-01-22 10:15:00,21.83,22.43,21.68,22.29,0
2021-01-22 11:15:00,22.29,22.67,22.0,22.24,0
2021-01-22 12:15:00,22.24,22.94,22.16,22.94,0
2021-01-22 13:15:00,22.94,23.04,22.41,22.8,0
2021-01-22 14:15:00,22.8,22.83,22.08,22.5,0
2021-01-22 15:15:00,22.5,22.51,22.31,22.31,0
2021-01-25 09:15:00,22.42,23.71,20.34,23.19,0
2021-01-25 10:15:00,23.19,23.26,22.83,23.01,0
2021-01-25 11:15:00,23.01,23.81,23.01,23.44,0
2021-01-25 12:15:00,23.44,23.62,23.24,23.3,0
2021-01-25 13:15:00,23.3,23.46,23.1,23.28,0
2021-01-25 14:15:00,23.28,23.39,23.03,23.2,0
2021-01-25 15:15:00,23.2,23.4,23.09,23.18,0
2021-01-27 09:15:00,23.25,24.16,20.83,23.86,0
2021-01-27 10:15:00,23.86,24.06,23.71,23.72,0
2021-01-27 11:15:00,23.72,23.87,23.59,23.62,0
2021-01-27 12:15:00,23.62,23.92,23.39,23.91,0
2021-01-27 13:15:00,23.91,24.37,23.73,24.36,0
2021-01-27 14:15:00,24.36,24.74,24.2,24.44,0
2021-01-27 15:15:00,24.44,24.46,24.28,24.32,0
2021-01-28 09:15:00,24.39,25.3,23.44,24.01,0
2021-01-28 10:15:00,24.01,24.02,23.75,23.83,0
2021-01-28 11:15:00,23.83,24.26,23.78,24.2,0
2021-01-28 12:15:00,24.2,24.93,24.12,24.75,0
2021-01-28 13:15:00,24.75,24.77,24.28,24.63,0
2021-01-28 14:15:00,24.64,24.91,24.16,24.22,0
2021-01-28 15:15:00,24.21,24.39,24.1,24.17,0
2021-01-29 09:15:00,24.29,25.09,22.08,24.75,0
2021-01-29 10:15:00,24.75,25.22,24.53,24.95,0
2021-01-29 11:15:00,24.95,25.41,24.93,25.4,0
2021-01-29 12:15:00,25.4,25.65,25.1,25.57,0
2021-01-29 13:15:00,25.57,25.99,25.39,25.56,0
2021-01-29 14:15:00,25.55,25.58,24.71,25.42,0
2021-01-29 15:15:00,25.41,25.67,25.1,25.32,0
2021-02-01 09:15:00,25.34,25.93,22.7,24.95,0
2021-02-01 10:15:00,24.95,25.13,24.69,24.87,0
2021-02-01 11:15:00,24.86,24.86,24.07,24.34,0
2021-02-01 12:15:00,24.33,24.62,22.6,23.33,0
2021-02-01 13:15:00,23.34,23.94,23.1,23.77,0
2021-02-01 14:15:00,23.77,23.77,22.79,23.36,0
2021-02-01 15:15:00,23.36,23.62,23.26,23.55,0
2021-02-02 09:15:00,23.32,23.58,21.0,23.34,0
2021-02-02 10:15:00,23.34,23.61,23.06,23.19,0
2021-02-02 11:15:00,23.19,23.34,22.92,23.2,0
2021-02-02 12:15:00,23.2,23.48,23.0,23.19,0
2021-02-02 13:15:00,23.2,23.41,23.03,23.27,0
2021-02-02 14:15:00,23.27,23.52,23.15,23.4,0
2021-02-02 15:15:00,23.4,23.4,23.22,23.26,0
2021-02-03 09:15:00,23.35,24.08,20.95,23.67,0
2021-02-03 10:15:00,23.65,23.98,23.56,23.92,0
2021-02-03 11:15:00,23.92,24.1,23.85,23.87,0
2021-02-03 12:15:00,23.87,24.2,23.77,24.1,0
2021-02-03 13:15:00,24.1,24.16,23.92,24.14,0
2021-02-03 14:15:00,24.13,24.17,23.82,23.82,0
2021-02-03 15:15:00,23.82,23.85,23.37,23.53,0
2021-02-04 09:15:00,23.75,23.93,22.09,23.21,0
2021-02-04 10:15:00,23.21,23.25,22.94,23.03,0
2021-02-04 11:15:00,23.03,23.09,22.79,22.94,0
2021-02-04 12:15:00,22.94,23.34,22.92,23.12,0
2021-02-04 13:15:00,23.12,23.32,23.05,23.27,0
2021-02-04 14:15:00,23.27,23.33,23.07,23.15,0
2021-02-04 15:15:00,23.15,23.17,22.95,23.09,0
2021-02-05 09:15:00,23.12,23.66,20.08,23.65,0
2021-02-05 10:15:00,23.65,23.92,23.52,23.69,0
2021-02-05 11:15:00,23.68,23.75,23.49,23.69,0
2021-02-05 12:15:00,23.69,23.74,23.55,23.68,0
2021-02-05 13:15:00,23.68,23.94,23.58,23.63,0
2021-02-05 14:15:00,23.63,23.67,23.39,23.4,0
2021-02-05 15:15:00,23.4,23.41,23.28,23.38,0
2021-02-08 09:15:00,23.42,24.35,22.23,23.96,0
2021-02-08 10:15:00,23.96,24.03,23.88,23.98,0
2021-02-08 11:15:00,23.98,24.25,23.87,24.15,0
2021-02-08 12:15:00,24.16,24.33,23.99,24.01,0
2021-02-08 13:15:00,24.01,24.13,23.86,24.09,0
2021-02-08 14:15:00,24.09,24.14,23.92,24.02,0
2021-02-08 15:15:00,24.01,24.02,23.77,23.82,0
2021-02-09 09:15:00,23.96,24.17,21.43,23.79,0
2021-02-09 10:15:00,23.8,23.95,23.62,23.68,0
2021-02-09 11:15:00,23.69,23.74,23.58,23.69,0
2021-02-09 12:15:00,23.69,23.8,23.58,23.58,0
2021-02-09 13:15:00,23.58,23.79,23.46,23.48,0
2021-02-09 14:15:00,23.48,24.47,23.4,24.35,0
2021-02-09 15:15:00,24.35,24.37,24.18,24.3,0
2021-02-10 09:15:00,24.27,24.73,20.91,24.66,0
2021-02-10 10:15:00,24.66,24.96,24.55,24.65,0
2021-02-10 11:15:00,24.65,24.65,24.41,24.57,0
2021-02-10 12:15:00,24.57,24.71,24.39,24.55,0
2021-02-10 13:15:00,24.55,24.74,24.41,24.45,0
2021-02-10 14:15:00,24.45,24.52,23.92,23.95,0
2021-02-10 15:15:00,23.95,23.96,23.85,23.88,0
2021-02-11 09:15:00,23.95,24.22,21.02,23.68,0
2021-02-11 10:15:00,23.68,23.75,23.52,23.54,0
2021-02-11 11:15:00,23.54,23.58,23.4,23.4,0
2021-02-11 12:15:00,23.39,23.42,23.2,23.23,0
2021-02-11 13:15:00,23.23,23.41,23.19,23.22,0
2021-02-11 14:15:00,23.22,23.26,23.03,23.05,0
2021-02-11 15:15:00,23.05,23.09,22.92,23.03,0
2021-02-12 09:15:00,23.05,23.07,20.89,22.55,0
2021-02-12 10:15:00,22.55,22.59,22.32,22.33,0
2021-02-12 11:15:00,22.33,22.37,22.06,22.12,0
2021-02-12 12:15:00,22.13,22.17,22.06,22.07,0
2021-02-12 13:15:00,22.07,22.8,21.94,22.52,0
2021-02-12 14:15:00,22.52,22.57,22.04,22.06,0
2021-02-12 15:15:00,22.07,22.15,21.93,22.15,0
2021-02-15 09:15:00,22.04,22.39,20.82,21.79,0
2021-02-15 10:15:00,21.79,21.85,21.56,21.6,0
2021-02-15 11:15:00,21.61,21.83,21.56,21.76,0
2021-02-15 12:15:00,21.76,21.96,21.73,21.95,0
2021-02-15 13:15:00,21.95,22.0,21.82,21.86,0
2021-02-15 14:15:00,21.86,21.9,21.4,21.42,0
2021-02-15 15:15:00,21.42,21.52,21.37,21.49,0
2021-02-16 09:15:00,21.48,22.12,20.54,21.79,0
2021-02-16 10:15:00,21.79,21.84,21.48,21.63,0
2021-02-16 11:15:00,21.63,21.81,21.59,21.75,0
2021-02-16 12:15:00,21.75,21.93,21.59,21.86,0
2021-02-16 13:15:00,21.86,22.03,21.39,21.97,0
2021-02-16 14:15:00,21.98,22.01,21.77,21.81,0
2021-02-16 15:15:00,21.81,21.83,21.63,21.64,0
2021-02-17 09:15:00,21.78,21.88,21.21,21.23,0
2021-02-17 10:15:00,21.23,21.51,21.17,21.42,0
2021-02-17 11:15:00,21.4,21.48,21.2,21.2,0
2021-02-17 12:15:00,21.2,21.44,21.1,21.42,0
2021-02-17 13:15:00,21.42,21.74,21.31,21.5,0
2021-02-17 14:15:00,21.5,21.71,21.42,21.57,0
2021-02-17 15:15:00,21.57,21.58,21.4,21.58,0
2021-02-18 09:15:00,21.51,21.57,19.96,21.46,0
2021-02-18 10:15:00,21.46,21.48,21.35,21.39,0
2021-02-18 11:15:00,21.39,21.66,21.38,21.48,0
2021-02-18 12:15:00,21.48,21.88,21.48,21.59,0
2021-02-18 13:15:00,21.59,22.09,21.56,21.65,0
2021-02-18 14:15:00,21.65,21.67,21.39,21.57,0
2021-02-18 15:15:00,21.56,21.61,21.48,21.51,0
2021-02-19 09:15:00,21.54,22.03,19.35,21.53,0
2021-02-19 10:15:00,21.53,21.73,21.45,21.58,0
2021-02-19 11:15:00,21.58,21.8,21.57,21.59,0
2021-02-19 12:15:00,21.59,21.7,21.46,21.57,0
2021-02-19 13:15:00,21.57,22.85,21.55,22.82,0
2021-02-19 14:15:00,22.82,22.87,22.17,22.17,0
2021-02-19 15:15:00,22.17,22.17,22.02,22.09,0
2021-02-22 09:15:00,22.25,23.49,20.02,23.46,0
2021-02-22 10:15:00,23.47,23.61,23.22,23.58,0
2021-02-22 11:15:00,23.58,24.25,23.42,24.17,0
2021-02-22 12:15:00,24.17,24.72,24.16,24.71,0
2021-02-22 13:15:00,24.71,25.47,24.55,25.35,0
2021-02-22 14:15:00,25.35,25.76,25.05,25.49,0
2021-02-22 15:15:00,25.49,25.78,25.36,25.78,0
2021-02-23 09:15:00,25.47,25.64,23.86,24.9,0
2021-02-23 10:15:00,24.9,24.91,24.46,24.77,0
2021-02-23 11:15:00,24.77,25.28,24.6,25.22,0
2021-02-23 12:15:00,25.22,25.31,24.83,24.9,0
2021-02-23 13:15:00,24.9,25.2,24.8,24.98,0
2021-02-23 14:15:00,24.98,25.39,24.61,25.21,0
2021-02-23 15:15:00,25.21,25.31,25.16,25.22,0
2021-02-24 09:15:00,25.23,25.52,23.45,24.55,0
2021-02-24 15:15:00,24.54,25.23,23.48,23.9,0
2021-02-24 16:15:00,23.88,24.19,23.51,24.18,0
2021-02-25 09:15:00,24.17,24.17,22.63,23.31,0
2021-02-25 10:15:00,23.31,23.38,23.06,23.07,0
2021-02-25 11:15:00,23.07,23.47,23.06,23.24,0
2021-02-25 12:15:00,23.24,23.3,23.01,23.11,0
2021-02-25 13:15:00,23.11,23.16,22.92,23.08,0
2021-02-25 14:15:00,23.08,23.21,22.83,22.88,0
2021-02-25 15:15:00,22.88,22.93,22.72,22.72,0
2021-02-26 09:15:00,22.89,25.53,22.89,24.75,0
2021-02-26 10:15:00,24.75,26.75,24.73,26.44,0
2021-02-26 11:15:00,26.44,28.55,26.43,28.5,0
2021-02-26 12:15:00,28.49,29.65,28.38,29.03,0
2021-02-26 13:15:00,29.03,29.05,27.29,27.3,0
2021-02-26 14:15:00,27.3,28.35,26.87,28.15,0
2021-02-26 15:15:00,28.15,28.29,27.94,28.07,0
2021-03-01 09:15:00,28.14,28.14,24.95,26.8,0
2021-03-01 10:15:00,26.8,26.8,26.15,26.17,0
2021-03-01 11:15:00,26.17,26.75,26.16,26.57,0
2021-03-01 12:15:00,26.57,26.98,26.17,26.26,0
2021-03-01 13:15:00,26.26,26.34,25.83,25.93,0
2021-03-01 14:15:00,25.92,26.09,25.53,25.54,0
2021-03-01 15:15:00,25.54,25.63,25.46,25.63,0
2021-03-02 09:15:00,25.63,25.63,23.72,24.33,0
2021-03-02 10:15:00,24.34,24.76,24.18,24.7,0
2021-03-02 11:15:00,24.67,25.0,24.38,24.47,0
2021-03-02 12:15:00,24.47,24.76,24.36,24.42,0
2021-03-02 13:15:00,24.41,24.63,24.01,24.05,0
2021-03-02 14:15:00,24.05,24.11,23.62,23.62,0
2021-03-02 15:15:00,23.63,23.65,23.21,23.21,0
2021-03-03 09:15:00,23.61,23.61,21.82,22.49,0
2021-03-03 10:15:00,22.49,22.54,22.23,22.31,0
2021-03-03 11:15:00,22.31,22.32,22.12,22.28,0
2021-03-03 12:15:00,22.28,22.43,22.21,22.37,0
2021-03-03 13:15:00,22.38,22.52,22.3,22.47,0
2021-03-03 14:15:00,22.47,22.47,22.03,22.14,0
2021-03-03 15:15:00,22.14,22.16,21.95,22.07,0
2021-03-04 09:15:00,22.09,23.95,22.09,23.25,0
2021-03-04 10:15:00,23.25,23.53,22.87,22.9,0
2021-03-04 11:15:00,22.91,23.43,22.86,23.34,0
2021-03-04 12:15:00,23.34,23.42,23.0,23.32,0
2021-03-04 13:15:00,23.32,23.78,23.27,23.48,0
2021-03-04 14:15:00,23.47,24.15,23.33,24.14,0
2021-03-04 15:15:00,24.16,24.58,24.16,24.57,0
2021-03-05 09:15:00,24.15,25.99,22.86,25.55,0
2021-03-05 10:15:00,25.55,26.04,25.5,25.72,0
2021-03-05 11:15:00,25.72,25.92,25.58,25.81,0
2021-03-05 12:15:00,25.8,25.81,25.45,25.67,0
2021-03-05 13:15:00,25.67,26.41,25.52,26.23,0
2021-03-05 14:15:00,26.23,26.35,25.41,25.42,0
2021-03-05 15:15:00,25.42,25.51,25.31,25.4,0
2021-03-08 09:15:00,25.56,25.65,21.2,24.52,0
2021-03-08 10:15:00,24.52,25.05,24.44,24.74,0
2021-03-08 11:15:00,24.74,24.79,24.51,24.75,0
2021-03-08 12:15:00,24.75,25.09,24.6,24.68,0
2021-03-08 13:15:00,24.68,25.16,24.56,24.71,0
2021-03-08 14:15:00,24.71,24.99,24.32,24.69,0
2021-03-08 15:15:00,24.69,24.71,24.49,24.66,0
2021-03-09 09:15:00,24.68,24.68,21.44,23.45,0
2021-03-09 10:15:00,23.45,23.48,23.2,23.29,0
2021-03-09 11:15:00,23.29,23.29,22.94,23.07,0
2021-03-09 12:15:00,23.07,23.35,23.01,23.35,0
2021-03-09 13:15:00,23.35,23.57,22.98,23.12,0
2021-03-09 14:15:00,23.12,23.21,22.4,22.42,0
2021-03-09 15:15:00,22.42,22.5,22.32,22.45,0
2021-03-10 09:15:00,22.5,22.5,19.32,21.45,0
2021-03-10 10:15:00,21.45,21.64,21.41,21.51,0
2021-03-10 11:15:00,21.51,21.57,21.38,21.5,0
2021-03-10 12:15:00,21.49,21.6,21.18,21.24,0
2021-03-10 13:15:00,21.24,21.24,20.74,20.83,0
2021-03-10 14:15:00,20.83,20.92,20.75,20.78,0
2021-03-10 15:15:00,20.78,20.79,20.64,20.75,0
2021-03-12 09:15:00,20.75,20.75,18.54,20.22,0
2021-03-12 10:15:00,20.22,20.36,20.19,20.3,0
2021-03-12 11:15:00,20.3,20.32,20.16,20.19,0
2021-03-12 12:15:00,20.19,20.58,20.16,20.54,0
2021-03-12 13:15:00,20.54,22.36,20.53,22.26,0
2021-03-12 14:15:00,22.25,22.67,21.65,21.68,0
2021-03-12 15:15:00,21.68,21.8,21.53,21.62,0
2021-03-15 09:15:00,21.71,22.93,21.0,22.43,0
2021-03-15 10:15:00,22.43,22.6,22.19,22.53,0
2021-03-15 11:15:00,22.53,22.78,22.26,22.44,0
2021-03-15 12:15:00,22.45,22.7,22.39,22.55,0
2021-03-15 13:15:00,22.56,22.58,22.05,22.1,0
2021-03-15 14:15:00,22.11,22.28,21.14,21.17,0
2021-03-15 15:15:00,21.17,21.28,21.06,21.28,0
2021-03-16 09:15:00,21.23,21.23,18.06,20.51,0
2021-03-16 10:15:00,20.51,20.54,20.18,20.22,0
2021-03-16 11:15:00,20.22,20.58,20.03,20.22,0
2021-03-16 12:15:00,20.22,20.47,20.01,20.38,0
2021-03-16 13:15:00,20.38,20.54,20.07,20.36,0
2021-03-16 14:15:00,20.36,20.42,19.99,20.24,0
2021-03-16 15:15:00,20.24,20.24,20.01,20.15,0
2021-03-17 09:15:00,20.19,20.19,18.62,20.12,0
2021-03-17 10:15:00,20.12,20.18,19.99,20.07,0
2021-03-17 11:15:00,20.07,20.08,19.72,19.96,0
2021-03-17 12:15:00,19.96,20.12,19.87,19.89,0
2021-03-17 13:15:00,19.89,20.01,19.7,19.92,0
2021-03-17 14:15:00,19.92,20.42,19.64,20.35,0
2021-03-17 15:15:00,20.35,20.4,20.14,20.28,0
2021-03-18 09:15:00,20.16,20.16,16.68,19.31,0
2021-03-18 10:15:00,19.3,19.35,19.1,19.14,0
2021-03-18 11:15:00,19.14,19.26,18.99,19.02,0
2021-03-18 12:15:00,19.02,19.59,18.99,19.58,0
2021-03-18 13:15:00,19.58,20.74,19.53,20.72,0
2021-03-18 14:15:00,20.72,20.95,19.87,19.87,0
2021-03-18 15:15:00,19.86,20.01,19.81,19.94,0
2021-03-19 09:15:00,20.08,21.87,18.73,20.96,0
2021-03-19 10:15:00,20.97,21.2,20.5,20.79,0
2021-03-19 11:15:00,20.79,21.13,20.7,21.0,0
2021-03-19 12:15:00,21.0,21.03,20.53,20.66,0
2021-03-19 13:15:00,20.64,20.81,20.46,20.51,0
2021-03-19 14:15:00,20.51,20.54,19.89,19.94,0
2021-03-19 15:15:00,19.94,20.05,19.82,19.85,0
2021-03-22 09:15:00,19.99,20.91,18.97,20.51,0
2021-03-22 10:15:00,20.51,20.94,20.49,20.7,0
2021-03-22 11:15:00,20.7,20.8,20.52,20.74,0
2021-03-22 12:15:00,20.74,21.15,20.7,21.1,0
2021-03-22 13:15:00,21.1,21.23,20.63,20.76,0
2021-03-22 14:15:00,20.76,20.86,20.35,20.37,0
2021-03-22 15:15:00,20.37,20.5,20.35,20.49,0
2021-03-23 09:15:00,20.49,22.14,20.49,21.19,0
2021-03-23 10:15:00,21.19,21.35,20.52,20.95,0
2021-03-23 11:15:00,20.93,21.45,20.87,21.33,0
2021-03-23 12:15:00,21.34,21.45,20.95,21.18,0
2021-03-23 13:15:00,21.18,21.44,20.94,21.15,0
2021-03-23 14:15:00,21.15,21.23,20.53,20.61,0
2021-03-23 15:15:00,20.6,20.8,20.55,20.63,0
2021-03-24 09:15:00,20.67,21.52,19.75,21.24,0
2021-03-24 10:15:00,21.24,22.11,21.24,21.97,0
2021-03-24 11:15:00,21.97,22.35,21.83,21.96,0
2021-03-24 12:15:00,21.96,22.27,21.75,22.2,0
2021-03-24 13:15:00,22.2,22.33,21.92,22.0,0
2021-03-24 14:15:00,22.0,22.69,21.77,22.45,0
2021-03-24 15:15:00,22.45,22.48,22.22,22.36,0
2021-03-25 09:15:00,22.46,23.02,21.12,22.47,0
2021-03-25 10:15:00,22.48,22.67,22.36,22.65,0
2021-03-25 11:15:00,22.66,23.18,22.36,23.04,0
2021-03-25 12:15:00,23.04,23.31,22.81,22.9,0
2021-03-25 13:15:00,22.9,23.13,22.16,22.57,0
2021-03-25 14:15:00,22.59,22.99,22.17,22.8,0
2021-03-25 15:15:00,22.8,22.9,22.58,22.75,0
2021-03-26 09:15:00,22.7,22.92,18.23,21.92,0
2021-03-26 10:15:00,21.92,21.96,21.6,21.63,0
2021-03-26 11:15:00,21.64,21.72,21.17,21.39,0
2021-03-26 12:15:00,21.39,21.51,21.21,21.36,0
2021-03-26 13:15:00,21.36,21.47,20.87,21.0,0
2021-03-26 14:15:00,21.0,21.21,20.64,20.7,0
2021-03-26 15:15:00,20.7,20.81,20.21,20.26,0
2021-03-30 09:15:00,20.65,20.65,19.57,20.18,0
2021-03-30 10:15:00,20.18,20.34,20.11,20.32,0
2021-03-30 11:15:00,20.32,20.4,20.22,20.33,0
2021-03-30 12:15:00,20.33,20.42,20.24,20.37,0
2021-03-30 13:15:00,20.37,20.48,20.32,20.43,0
2021-03-30 14:15:00,20.43,20.52,20.39,20.46,0
2021-03-30 15:15:00,20.46,20.54,20.44,20.52,0
2021-03-31 09:15:00,20.49,20.83,20.0,20.69,0
2021-03-31 10:15:00,20.69,20.74,20.61,20.66,0
2021-03-31 11:15:00,20.66,20.7,20.48,20.57,0
2021-03-31 12:15:00,20.57,20.69,20.54,20.66,0
2021-03-31 13:15:00,20.66,20.74,20.62,20.66,0
2021-03-31 14:15:00,20.66,20.73,20.6,20.65,0
2021-03-31 15:15:00,20.65,20.67,20.55,20.57,0
2021-04-01 09:15:00,20.65,20.68,19.73,20.18,0
2021-04-01 10:15:00,20.18,20.19,20.06,20.1,0
2021-04-01 11:15:00,20.09,20.29,20.05,20.22,0
2021-04-01 12:15:00,20.22,20.4,20.16,20.26,0
2021-04-01 13:15:00,20.26,20.33,19.93,19.99,0
2021-04-01 14:15:00,19.99,20.12,19.86,20.01,0
2021-04-01 15:15:00,20.01,20.04,19.94,19.97,0
2021-04-05 09:15:00,19.99,22.78,19.99,22.51,0
2021-04-05 10:15:00,22.51,23.31,22.51,23.11,0
2021-04-05 11:15:00,23.12,23.23,22.61,22.82,0
2021-04-05 12:15:00,22.82,22.88,22.27,22.44,0
2021-04-05 13:15:00,22.44,22.47,21.62,21.64,0
2021-04-05 14:15:00,21.64,21.65,21.16,21.21,0
2021-04-05 15:15:00,21.21,21.26,21.01,21.02,0
2021-04-06 09:15:00,21.22,22.24,19.81,21.26,0
2021-04-06 10:15:00,21.26,21.46,20.8,20.84,0
2021-04-06 11:15:00,20.84,21.01,20.72,20.88,0
2021-04-06 12:15:00,20.88,21.44,20.82,20.86,0
2021-04-06 13:15:00,20.86,21.36,20.84,21.05,0
2021-04-06 14:15:00,21.04,21.14,20.81,20.83,0
2021-04-06 15:15:00,20.83,20.83,20.71,20.75,0
2021-04-07 09:15:00,20.84,21.3,19.43,20.79,0
2021-04-07 10:15:00,20.8,20.89,20.4,20.48,0
2021-04-07 11:15:00,20.49,20.72,20.43,20.51,0
2021-04-07 12:15:00,20.51,20.62,20.46,20.53,0
2021-04-07 13:15:00,20.52,20.72,20.33,20.38,0
2021-04-07 14:15:00,20.38,20.46,20.16,20.27,0
2021-04-07 15:15:00,20.27,20.31,20.21,20.29,0
2021-04-08 09:15:00,20.25,20.25,19.17,19.84,0
2021-04-08 10:15:00,19.84,19.84,19.64,19.71,0
2021-04-08 11:15:00,19.71,20.05,19.71,20.04,0
2021-04-08 12:15:00,20.05,20.08,19.8,19.91,0
2021-04-08 13:15:00,19.91,19.96,19.76,19.85,0
2021-04-08 14:15:00,19.84,20.58,19.77,20.27,0
2021-04-08 15:15:00,20.27,20.41,20.23,20.4,0
2021-04-09 09:15:00,20.31,20.97,19.78,20.29,0
2021-04-09 10:15:00,20.29,20.35,20.16,20.29,0
2021-04-09 11:15:00,20.3,20.34,20.12,20.25,0
2021-04-09 12:15:00,20.25,20.27,20.04,20.16,0
2021-04-09 13:15:00,20.16,20.25,19.89,19.98,0
2021-04-09 14:15:00,19.98,20.02,19.68,19.75,0
2021-04-09 15:15:00,19.75,19.81,19.74,19.81,0
2021-04-12 09:15:00,19.79,22.94,19.79,22.03,0
2021-04-12 10:15:00,22.05,22.32,21.84,22.08,0
2021-04-12 11:15:00,22.08,23.15,22.05,22.96,0
2021-04-12 12:15:00,22.96,23.05,22.59,22.89,0
2021-04-12 13:15:00,22.89,23.22,22.75,22.95,0
2021-04-12 14:15:00,22.95,23.3,22.74,22.98,0
2021-04-12 15:15:00,22.99,23.0,22.73,22.77,0
2021-04-13 09:15:00,23.0,23.0,21.25,21.26,0
2021-04-13 10:15:00,21.26,21.6,21.23,21.5,0
2021-04-13 11:15:00,21.5,21.6,21.29,21.39,0
2021-04-13 12:15:00,21.39,21.42,20.95,21.14,0
2021-04-13 13:15:00,21.14,21.17,20.67,20.84,0
2021-04-13 14:15:00,20.84,20.93,20.41,20.44,0
2021-04-13 15:15:00,20.43,20.49,20.3,20.33,0
2021-04-15 09:15:00,20.46,21.12,18.25,21.01,0
2021-04-15 10:15:00,21.01,21.45,20.99,21.43,0
2021-04-15 11:15:00,21.42,21.55,21.12,21.32,0
2021-04-15 12:15:00,21.32,21.46,21.21,21.43,0
2021-04-15 13:15:00,21.43,21.44,21.18,21.26,0
2021-04-15 14:15:00,21.27,21.31,20.82,20.92,0
2021-04-15 15:15:00,20.92,20.93,20.84,20.92,0
2021-04-16 09:15:00,20.89,21.09,19.48,20.54,0
2021-04-16 10:15:00,20.56,20.57,20.43,20.51,0
2021-04-16 11:15:00,20.5,20.7,20.42,20.59,0
2021-04-16 12:15:00,20.59,20.67,20.47,20.53,0
2021-04-16 13:15:00,20.53,20.6,20.29,20.33,0
2021-04-16 14:15:00,20.33,20.46,20.19,20.38,0
2021-04-16 15:15:00,20.38,20.49,20.37,20.49,0
2021-04-19 09:15:00,20.4,23.11,19.81,22.24,0
2021-04-19 10:15:00,22.24,22.47,22.01,22.31,0
2021-04-19 11:15:00,22.31,22.64,22.29,22.56,0
2021-04-19 12:15:00,22.56,22.66,22.36,22.44,0
2021-04-19 13:15:00,22.45,22.67,22.4,22.51,0
2021-04-19 14:15:00,22.5,22.79,22.48,22.55,0
2021-04-19 15:15:00,22.55,22.57,22.35,22.43,0
2021-04-20 09:15:00,22.49,22.49,21.24,21.95,0
2021-04-20 10:15:00,21.95,21.97,21.76,21.93,0
2021-04-20 11:15:00,21.92,22.15,21.89,22.09,0
2021-04-20 12:15:00,22.08,22.49,21.99,22.23,0
2021-04-20 13:15:00,22.23,22.27,21.99,22.09,0
2021-04-20 14:15:00,22.1,22.75,22.05,22.29,0
2021-04-20 15:15:00,22.29,22.56,22.29,22.54,0
2021-04-22 09:15:00,22.43,23.51,22.43,23.0,0
2021-04-22 10:15:00,23.0,23.4,23.0,23.3,0
2021-04-22 11:15:00,23.3,23.57,23.27,23.43,0
2021-04-22 12:15:00,23.43,23.61,23.27,23.47,0
2021-04-22 13:15:00,23.47,23.48,23.17,23.24,0
2021-04-22 14:15:00,23.24,23.31,22.93,23.0,0
2021-04-22 15:15:00,23.0,23.08,22.78,22.78,0
2021-04-23 09:15:00,23.03,23.05,20.21,22.62,0
2021-04-23 10:15:00,22.63,22.65,22.43,22.46,0
2021-04-23 11:15:00,22.46,22.64,22.43,22.53,0
2021-04-23 12:15:00,22.52,22.68,22.42,22.59,0
2021-04-23 13:15:00,22.6,22.79,22.47,22.69,0
2021-04-23 14:15:00,22.69,22.83,22.55,22.68,0
2021-04-23 15:15:00,22.68,22.82,22.64,22.81,0
2021-04-26 09:15:00,22.69,23.41,22.62,23.26,0
2021-04-26 10:15:00,23.26,23.35,23.15,23.28,0
2021-04-26 11:15:00,23.28,23.5,23.22,23.45,0
2021-04-26 12:15:00,23.45,23.56,23.35,23.42,0
2021-04-26 13:15:00,23.42,23.46,23.17,23.38,0
2021-04-26 14:15:00,23.38,23.55,23.25,23.49,0
2021-04-26 15:15:00,23.5,23.55,23.44,23.46,0
2021-04-27 09:15:00,23.5,23.63,22.32,23.31,0
2021-04-27 10:15:00,23.31,23.37,23.2,23.35,0
2021-04-27 11:15:00,23.35,23.35,23.11,23.21,0
2021-04-27 12:15:00,23.21,23.21,22.99,23.09,0
2021-04-27 13:15:00,23.09,23.11,22.87,23.0,0
2021-04-27 14:15:00,23.0,23.16,22.92,23.09,0
2021-04-27 15:15:00,23.09,23.11,22.98,23.09,0
2021-04-28 09:15:00,23.08,23.11,20.97,22.71,0
2021-04-28 10:15:00,22.7,22.76,22.55,22.57,0
2021-04-28 11:15:00,22.57,22.7,22.54,22.58,0
2021-04-28 12:15:00,22.58,22.87,22.55,22.73,0
2021-04-28 13:15:00,22.73,22.87,22.69,22.75,0
2021-04-28 14:15:00,22.75,22.75,22.5,22.6,0
2021-04-28 15:15:00,22.6,22.7,22.54,22.64,0
2021-04-29 09:15:00,22.58,22.88,22.11,22.66,0
2021-04-29 10:15:00,22.67,23.1,22.5,23.09,0
2021-04-29 11:15:00,23.09,23.3,22.78,22.98,0
2021-04-29 12:15:00,22.98,23.18,22.9,23.18,0
2021-04-29 13:15:00,23.18,23.4,22.9,23.21,0
2021-04-29 14:15:00,23.22,23.42,23.14,23.31,0
2021-04-29 15:15:00,23.31,23.35,23.21,23.26,0
2021-04-30 09:15:00,23.31,23.77,23.01,23.16,0
2021-04-30 10:15:00,23.15,23.2,22.77,22.81,0
2021-04-30 11:15:00,22.81,22.95,22.74,22.85,0
2021-04-30 12:15:00,22.85,22.86,22.71,22.83,0
2021-04-30 13:15:00,22.83,22.95,22.6,22.85,0
2021-04-30 14:15:00,22.85,23.01,22.67,23.0,0
2021-04-30 15:15:00,23.0,23.3,22.99,23.28,0
2021-05-03 09:15:00,23.03,24.54,21.84,23.75,0
2021-05-03 10:15:00,23.75,23.98,23.34,23.92,0
2021-05-03 11:15:00,23.93,23.95,23.16,23.29,0
2021-05-03 12:15:00,23.29,23.37,23.2,23.22,0
2021-05-03 13:15:00,23.22,23.41,23.18,23.31,0
2021-05-03 14:15:00,23.31,23.75,22.98,23.7,0
2021-05-03 15:15:00,23.7,23.74,23.66,23.69,0
2021-05-04 09:15:00,23.69,23.69,22.18,22.53,0
2021-05-04 10:15:00,22.53,22.6,22.31,22.34,0
2021-05-04 11:15:00,22.34,22.98,22.25,22.96,0
2021-05-04 12:15:00,22.96,23.0,22.27,22.68,0
2021-05-04 13:15:00,22.69,22.92,22.54,22.62,0
2021-05-04 14:15:00,22.62,23.28,22.57,22.96,0
2021-05-04 15:15:00,22.96,23.01,22.86,22.99,0
2021-05-05 09:15:00,23.01,23.19,21.14,22.85,0
2021-05-05 10:15:00,22.84,22.87,22.38,22.42,0
2021-05-05 11:15:00,22.42,22.49,22.31,22.37,0
2021-05-05 12:15:00,22.37,23.1,22.17,22.32,0
2021-05-05 13:15:00,22.32,22.36,22.18,22.3,0
2021-05-05 14:15:00,22.3,22.32,21.9,21.93,0
2021-05-05 15:15:00,21.93,22.02,21.91,22.01,0
2021-05-06 09:15:00,21.96,22.07,20.12,21.85,0
2021-05-06 10:15:00,21.86,22.04,21.8,21.87,0
2021-05-06 11:15:00,21.87,22.02,21.73,21.73,0
2021-05-06 12:15:00,21.73,21.79,21.66,21.74,0
2021-05-06 13:15:00,21.73,21.83,21.67,21.7,0
2021-05-06 14:15:00,21.7,22.61,21.59,22.48,0
2021-05-06 15:15:00,22.48,22.51,21.67,21.84,0
2021-05-07 09:15:00,22.04,22.04,20.31,21.36,0
2021-05-07 10:15:00,21.36,21.38,21.23,21.28,0
2021-05-07 11:15:00,21.27,21.31,21.13,21.24,0
2021-05-07 12:15:00,21.24,21.35,21.1,21.18,0
2021-05-07 13:15:00,21.18,21.22,20.88,20.89,0
2021-05-07 14:15:00,20.89,20.94,20.75,20.8,0
2021-05-07 15:15:00,20.8,20.84,20.77,20.81,0
2021-05-10 09:15:00,20.82,21.15,20.54,20.65,0
2021-05-10 10:15:00,20.64,20.66,20.39,20.4,0
2021-05-10 11:15:00,20.41,20.43,20.28,20.34,0
2021-05-10 12:15:00,20.33,20.4,20.25,20.33,0
2021-05-10 13:15:00,20.33,20.39,20.21,20.26,0
2021-05-10 14:15:00,20.27,20.27,20.14,20.24,0
2021-05-10 15:15:00,20.24,20.26,20.16,20.19,0
2021-05-11 09:15:00,20.23,21.12,19.91,19.93,0
2021-05-11 10:15:00,19.93,20.05,19.76,19.83,0
2021-05-11 11:15:00,19.83,19.92,19.72,19.87,0
2021-05-11 12:15:00,19.87,20.06,19.87,20.05,0
2021-05-11 13:15:00,20.05,20.18,19.83,19.89,0
2021-05-11 14:15:00,19.89,19.94,19.75,19.85,0
2021-05-11 15:15:00,19.85,19.86,19.79,19.83,0
2021-05-12 09:15:00,19.83,20.36,18.36,20.11,0
2021-05-12 10:15:00,20.11,20.63,20.11,20.56,0
2021-05-12 11:15:00,20.56,20.66,20.2,20.23,0
2021-05-12 12:15:00,20.22,20.3,19.96,19.99,0
2021-05-12 13:15:00,19.99,20.19,19.86,20.0,0
2021-05-12 14:15:00,20.0,20.39,19.9,20.03,0
2021-05-12 15:15:00,20.03,20.91,19.93,20.87,0
2021-05-14 09:15:00,20.08,21.15,18.23,20.2,0
2021-05-14 10:15:00,20.2,21.09,20.15,20.98,0
2021-05-14 11:15:00,20.99,21.02,20.1,20.47,0
2021-05-14 12:15:00,20.47,20.48,20.05,20.08,0
2021-05-14 13:15:00,20.08,20.17,19.96,20.04,0
2021-05-14 14:15:00,20.04,20.88,19.86,20.85,0
2021-05-14 15:15:00,20.85,20.86,19.76,19.85,0
2021-05-17 09:15:00,20.27,20.31,18.36,19.63,0
2021-05-17 10:15:00,19.62,19.74,19.41,19.46,0
2021-05-17 11:15:00,19.46,19.54,19.31,19.54,0
2021-05-17 12:15:00,19.54,19.55,19.43,19.48,0
2021-05-17 13:15:00,19.48,19.51,19.31,19.35,0
2021-05-17 14:15:00,19.35,20.43,19.25,19.5,0
2021-05-17 15:15:00,19.5,19.51,19.36,19.41,0
2021-05-18 09:15:00,19.61,19.61,18.31,18.85,0
2021-05-18 10:15:00,18.85,18.9,18.71,18.86,0
2021-05-18 11:15:00,18.86,19.11,18.81,19.02,0
2021-05-18 12:15:00,19.02,19.13,18.98,19.07,0
2021-05-18 13:15:00,19.07,19.09,18.98,19.06,0
2021-05-18 14:15:00,19.06,19.3,19.0,19.29,0
2021-05-18 15:15:00,19.29,19.37,19.26,19.27,0
2021-05-19 09:15:00,19.24,19.52,17.23,19.47,0
2021-05-19 10:15:00,19.46,19.57,19.33,19.39,0
2021-05-19 11:15:00,19.39,19.42,19.31,19.32,0
2021-05-19 12:15:00,19.32,19.39,19.29,19.36,0
2021-05-19 13:15:00,19.36,19.56,19.31,19.43,0
2021-05-19 14:15:00,19.42,19.51,19.22,19.25,0
2021-05-19 15:15:00,19.26,19.54,19.25,19.53,0
2021-05-20 09:15:00,19.32,19.4,18.09,19.33,0
2021-05-20 10:15:00,19.33,19.51,19.31,19.5,0
2021-05-20 11:15:00,19.5,19.65,19.46,19.5,0
2021-05-20 12:15:00,19.5,19.64,19.48,19.6,0
2021-05-20 13:15:00,19.6,19.63,19.39,19.53,0
2021-05-20 14:15:00,19.52,19.84,19.41,19.65,0
2021-05-20 15:15:00,19.65,19.69,19.42,19.47,0
2021-05-21 09:15:00,19.65,19.65,17.13,19.01,0
2021-05-21 10:15:00,19.01,19.15,18.96,19.13,0
2021-05-21 11:15:00,19.13,19.32,19.09,19.19,0
2021-05-21 12:15:00,19.19,19.26,19.09,19.1,0
2021-05-21 13:15:00,19.1,19.2,19.02,19.07,0
2021-05-21 14:15:00,19.09,19.36,19.02,19.03,0
2021-05-21 15:15:00,19.03,19.1,19.01,19.05,0
2021-05-24 09:15:00,19.08,19.89,18.72,19.49,0
2021-05-24 10:15:00,19.5,19.53,19.33,19.41,0
2021-05-24 11:15:00,19.41,19.41,19.15,19.21,0
2021-05-24 12:15:00,19.21,19.29,19.07,19.12,0
2021-05-24 13:15:00,19.12,19.28,19.09,19.23,0
2021-05-24 14:15:00,19.23,19.25,19.03,19.13,0
2021-05-24 15:15:00,19.13,19.15,19.01,19.04,0
2021-05-25 09:15:00,19.13,19.13,17.69,18.73,0
2021-05-25 10:15:00,18.74,18.9,18.68,18.89,0
2021-05-25 11:15:00,18.89,18.92,18.76,18.81,0
2021-05-25 12:15:00,18.81,20.49,18.8,18.84,0
2021-05-25 13:15:00,18.84,20.95,18.8,20.92,0
2021-05-25 14:15:00,20.92,21.05,18.74,18.87,0
2021-05-25 15:15:00,18.87,18.87,18.74,18.82,0
2021-05-26 09:15:00,18.84,20.12,17.23,18.7,0
2021-05-26 10:15:00,18.7,18.79,18.65,18.72,0
2021-05-26 11:15:00,18.73,19.06,18.7,18.77,0
2021-05-26 12:15:00,18.77,18.8,18.68,18.77,0
2021-05-26 13:15:00,18.77,21.08,18.66,21.03,0
2021-05-26 14:15:00,21.03,21.19,18.62,20.92,0
2021-05-26 15:15:00,20.92,21.3,18.6,20.93,0
2021-05-27 09:15:00,20.87,21.11,18.63,18.67,0
2021-05-27 10:15:00,18.67,20.94,18.67,20.49,0
2021-05-27 11:15:00,20.49,20.63,20.4,20.44,0
2021-05-27 12:15:00,20.44,21.32,18.35,20.71,0
2021-05-27 13:15:00,20.71,20.75,20.2,20.33,0
2021-05-27 14:15:00,20.33,20.43,19.85,19.99,0
2021-05-27 15:15:00,19.99,20.0,19.68,19.75,0
2021-05-28 09:15:00,19.91,19.91,17.36,18.67,0
2021-05-28 10:15:00,18.67,18.9,18.65,18.79,0
2021-05-28 11:15:00,18.79,18.82,17.5,17.51,0
2021-05-28 12:15:00,17.51,17.54,17.37,17.42,0
2021-05-28 13:15:00,17.42,17.48,17.37,17.38,0
2021-05-28 14:15:00,17.38,17.45,17.36,17.42,0
2021-05-28 15:15:00,17.42,17.43,17.36,17.37,0
2021-05-31 09:15:00,17.4,17.41,16.43,16.89,0
2021-05-31 10:15:00,16.89,17.99,16.69,16.72,0
2021-05-31 11:15:00,16.72,16.77,16.67,16.7,0
2021-05-31 12:15:00,16.7,16.91,16.64,16.84,0
2021-05-31 13:15:00,16.84,17.81,16.55,16.55,0
2021-05-31 14:15:00,16.55,16.97,16.5,16.83,0
2021-05-31 15:15:00,16.83,16.95,16.81,16.85,0
2021-06-01 09:15:00,16.89,16.89,15.31,16.73,0
2021-06-01 10:15:00,16.73,16.88,16.61,16.78,0
2021-06-01 11:15:00,16.77,16.89,16.67,16.69,0
2021-06-01 12:15:00,16.69,17.96,16.68,17.58,0
2021-06-01 13:15:00,17.58,17.64,16.49,17.51,0
2021-06-01 14:15:00,17.51,17.54,17.3,17.36,0
2021-06-01 15:15:00,17.36,17.46,17.29,17.31,0
2021-06-02 09:15:00,17.39,17.39,15.17,16.5,0
2021-06-02 10:15:00,16.49,16.54,16.33,16.36,0
2021-06-02 11:15:00,16.36,16.49,16.31,16.42,0
2021-06-02 12:15:00,16.42,17.56,16.38,17.54,0
2021-06-02 13:15:00,17.54,17.65,17.2,17.42,0
2021-06-02 14:15:00,17.43,17.5,16.98,17.2,0
2021-06-02 15:15:00,17.2,17.54,17.0,17.06,0
2021-06-03 09:15:00,17.21,17.21,14.15,15.62,0
2021-06-03 10:15:00,15.62,15.68,15.57,15.64,0
2021-06-03 11:15:00,15.63,15.95,15.58,15.65,0
2021-06-03 12:15:00,15.65,15.67,15.6,15.65,0
2021-06-03 13:15:00,15.65,15.75,15.52,15.64,0
2021-06-03 14:15:00,15.64,16.06,15.38,16.06,0
2021-06-03 15:15:00,16.06,16.41,15.71,15.92,0
2021-06-04 09:15:00,15.75,16.38,15.22,15.96,0
2021-06-04 10:15:00,15.96,16.28,15.86,16.23,0
2021-06-04 11:15:00,16.23,16.28,16.01,16.05,0
2021-06-04 12:15:00,16.05,16.14,15.92,15.96,0
2021-06-04 13:15:00,15.96,16.06,15.88,15.89,0
2021-06-04 14:15:00,15.89,16.04,15.8,15.92,0
2021-06-04 15:15:00,15.92,15.99,14.94,14.95,0
2021-06-07 09:15:00,15.94,15.94,14.98,15.0,0
2021-06-07 10:15:00,14.99,15.34,14.81,14.83,0
2021-06-07 11:15:00,14.83,15.66,14.78,14.81,0
2021-06-07 12:15:00,14.81,14.84,14.74,14.79,0
2021-06-07 13:15:00,14.79,15.79,14.76,15.01,0
2021-06-07 14:15:00,15.01,15.87,14.96,15.56,0
2021-06-07 15:15:00,15.56,15.66,15.35,15.39,0
2021-06-08 09:15:00,15.57,15.57,13.57,15.02,0
2021-06-08 10:15:00,15.02,15.6,14.99,15.37,0
2021-06-08 11:15:00,15.37,15.48,15.26,15.45,0
2021-06-08 12:15:00,15.45,15.51,15.3,15.49,0
2021-06-08 13:15:00,15.48,15.48,15.21,15.33,0
2021-06-08 14:15:00,15.33,15.34,15.19,15.23,0
2021-06-08 15:15:00,15.23,15.27,15.06,15.11,0
2021-06-09 09:15:00,15.23,15.23,11.95,14.72,0
2021-06-09 10:15:00,14.72,14.76,14.59,14.59,0
2021-06-09 11:15:00,14.59,14.92,14.52,14.91,0
2021-06-09 12:15:00,14.91,15.31,14.87,15.31,0
2021-06-09 13:15:00,15.31,15.37,14.71,14.86,0
2021-06-09 14:15:00,14.86,15.74,14.66,14.7,0
2021-06-09 15:15:00,14.7,14.71,14.62,14.65,0
2021-06-10 09:15:00,14.75,15.2,14.18,15.03,0
2021-06-10 10:15:00,15.03,15.03,14.89,14.97,0
2021-06-10 11:15:00,14.97,15.09,14.87,15.07,0
2021-06-10 12:15:00,15.08,15.1,14.96,15.07,0
2021-06-10 13:15:00,15.07,15.12,14.94,15.08,0
2021-06-10 14:15:00,15.07,15.14,14.95,15.03,0
2021-06-10 15:15:00,15.03,15.08,14.95,14.97,0
2021-06-11 09:15:00,15.0,15.0,14.19,14.4,0
2021-06-11 10:15:00,14.4,14.62,14.24,14.54,0
2021-06-11 11:15:00,14.54,14.6,14.43,14.58,0
2021-06-11 12:15:00,14.58,14.7,14.28,14.54,0
2021-06-11 13:15:00,14.54,14.62,14.33,14.33,0
2021-06-11 14:15:00,14.34,14.52,13.94,14.01,0
2021-06-11 15:15:00,14.01,14.56,13.99,14.48,0
2021-06-14 09:15:00,14.1,15.31,13.74,14.87,0
2021-06-14 10:15:00,14.87,15.11,14.86,15.04,0
2021-06-14 11:15:00,15.04,15.16,14.93,15.02,0
2021-06-14 12:15:00,15.02,15.03,14.76,14.89,0
2021-06-14 13:15:00,14.89,14.9,14.66,14.8,0
2021-06-14 14:15:00,14.8,14.86,14.63,14.72,0
2021-06-14 15:15:00,14.72,14.72,14.64,14.65,0
2021-06-15 09:15:00,14.72,14.72,13.28,14.38,0
2021-06-15 10:15:00,14.38,14.87,14.35,14.84,0
2021-06-15 11:15:00,14.84,14.9,14.67,14.82,0
2021-06-15 12:15:00,14.82,14.82,14.48,14.49,0
2021-06-15 13:15:00,14.49,15.16,14.44,14.55,0
2021-06-15 14:15:00,14.55,14.65,14.52,14.57,0
2021-06-15 15:15:00,14.57,14.67,14.56,14.67,0
2021-06-16 09:15:00,14.61,14.84,13.62,14.69,0
2021-06-16 10:15:00,14.69,15.01,14.69,14.77,0
2021-06-16 11:15:00,14.77,14.97,14.67,14.87,0
2021-06-16 12:15:00,14.87,15.09,14.65,14.73,0
2021-06-16 13:15:00,14.73,15.09,14.61,14.64,0
2021-06-16 14:15:00,14.64,14.87,14.57,14.85,0
2021-06-16 15:15:00,14.85,15.32,14.79,15.11,0
2021-06-17 09:15:00,14.87,15.42,14.53,15.14,0
2021-06-17 10:15:00,15.14,15.53,15.11,15.22,0
2021-06-17 11:15:00,15.22,15.31,15.21,15.3,0
2021-06-17 12:15:00,15.3,15.54,15.24,15.31,0
2021-06-17 13:15:00,15.31,15.59,15.24,15.48,0
2021-06-17 14:15:00,15.48,16.05,15.16,15.16,0
2021-06-17 15:15:00,15.16,15.41,15.12,15.23,0
2021-06-18 09:15:00,15.29,15.9,10.6,15.63,0
2021-06-18 10:15:00,15.63,16.62,15.58,16.08,0
2021-06-18 11:15:00,16.07,16.18,15.44,15.72,0
2021-06-18 12:15:00,15.72,15.74,15.27,15.44,0
2021-06-18 13:15:00,15.44,15.5,14.93,15.06,0
2021-06-18 14:15:00,15.06,15.23,14.71,14.79,0
2021-06-18 15:15:00,14.79,14.8,14.51,14.58,0
2021-06-21 09:15:00,14.8,16.46,14.38,15.91,0
2021-06-21 10:15:00,15.91,16.08,15.78,16.08,0
2021-06-21 11:15:00,16.08,16.11,15.72,15.89,0
2021-06-21 12:15:00,15.89,15.96,15.65,15.72,0
2021-06-21 13:15:00,15.72,15.8,15.33,15.37,0
2021-06-21 14:15:00,15.37,15.38,14.94,14.94,0
2021-06-21 15:15:00,14.94,15.14,14.83,15.07,0
2021-06-22 09:15:00,15.06,15.11,14.53,14.64,0
2021-06-22 10:15:00,14.64,14.73,14.5,14.66,0
2021-06-22 11:15:00,14.66,14.69,14.49,14.64,0
2021-06-22 12:15:00,14.64,14.73,14.53,14.67,0
2021-06-22 13:15:00,14.68,14.72,14.54,14.6,0
2021-06-22 14:15:00,14.6,14.83,14.43,14.66,0
2021-06-22 15:15:00,14.66,14.82,14.66,14.81,0
2021-06-23 09:15:00,14.74,15.12,13.63,15.08,0
2021-06-23 10:15:00,15.06,15.37,14.96,15.15,0
2021-06-23 11:15:00,15.15,15.29,15.01,15.06,0
2021-06-23 12:15:00,15.05,15.35,15.02,15.31,0
2021-06-23 13:15:00,15.31,15.45,14.95,15.15,0
2021-06-23 14:15:00,15.15,15.54,15.12,15.34,0
2021-06-23 15:15:00,15.34,15.47,15.29,15.32,0
2021-06-24 09:15:00,15.37,15.64,15.05,15.18,0
2021-06-24 10:15:00,15.19,15.2,14.93,15.0,0
2021-06-24 11:15:00,15.0,15.16,14.97,15.05,0
2021-06-24 12:15:00,15.05,15.23,15.0,15.09,0
2021-06-24 13:15:00,15.08,15.27,15.06,15.15,0
2021-06-24 14:15:00,15.14,15.41,15.04,15.18,0
2021-06-24 15:15:00,15.18,15.19,14.93,14.99,0
2021-06-25 09:15:00,15.1,15.27,14.63,14.78,0
2021-06-25 10:15:00,14.78,14.79,14.13,14.23,0
2021-06-25 11:15:00,14.23,14.23,13.78,13.84,0
2021-06-25 12:15:00,13.85,13.92,13.76,13.84,0
2021-06-25 13:15:00,13.84,13.87,13.64,13.73,0
2021-06-25 14:15:00,13.74,13.76,13.28,13.32,0
2021-06-25 15:15:00,13.32,13.43,13.29,13.29,0
2021-06-28 09:15:00,13.37,13.75,13.37,13.52,0
2021-06-28 10:15:00,13.51,13.77,13.42,13.68,0
2021-06-28 11:15:00,13.67,13.69,13.29,13.3,0
2021-06-28 12:15:00,13.31,13.63,13.21,13.22,0
2021-06-28 13:15:00,13.23,13.55,13.12,13.35,0
2021-06-28 14:15:00,13.35,13.61,13.26,13.4,0
2021-06-28 15:15:00,13.39,13.42,13.19,13.22,0
2021-06-29 09:15:00,13.4,13.4,13.03,13.32,0
2021-06-29 10:15:00,13.33,13.39,13.19,13.19,0
2021-06-29 11:15:00,13.19,13.34,13.14,13.34,0
2021-06-29 12:15:00,13.35,13.39,13.13,13.17,0
2021-06-29 13:15:00,13.18,13.25,12.9,13.1,0
2021-06-29 14:15:00,13.1,13.28,12.98,13.02,0
2021-06-29 15:15:00,13.02,13.05,12.91,12.99,0
2021-06-30 09:15:00,13.0,13.03,12.6,12.73,0
2021-06-30 10:15:00,12.73,12.86,12.63,12.73,0
2021-06-30 11:15:00,12.73,12.78,12.67,12.7,0
2021-06-30 12:15:00,12.7,12.78,12.69,12.71,0
2021-06-30 13:15:00,12.72,12.84,12.63,12.65,0
2021-06-30 14:15:00,12.65,13.14,12.61,13.11,0
2021-06-30 15:15:00,13.11,13.14,12.98,13.02,0
2021-07-01 09:15:00,13.05,13.28,12.33,13.06,0
2021-07-01 10:15:00,13.07,13.21,12.96,13.07,0
2021-07-01 11:15:00,13.07,13.2,13.0,13.16,0
2021-07-01 12:15:00,13.16,13.18,12.84,12.89,0
2021-07-01 13:15:00,12.89,13.12,12.79,12.95,0
2021-07-01 14:15:00,12.95,13.01,12.83,12.9,0
2021-07-01 15:15:00,12.9,12.91,12.63,12.63,0
2021-07-02 09:15:00,12.84,13.02,12.65,12.68,0
2021-07-02 10:15:00,12.67,12.84,12.66,12.7,0
2021-07-02 11:15:00,12.7,12.75,12.56,12.62,0
2021-07-02 12:15:00,12.62,12.65,12.29,12.32,0
2021-07-02 13:15:00,12.32,12.46,12.29,12.33,0
2021-07-02 14:15:00,12.33,12.37,12.05,12.1,0
2021-07-02 15:15:00,12.1,12.11,12.02,12.07,0
2021-07-05 09:15:00,12.09,12.62,12.04,12.33,0
2021-07-05 10:15:00,12.33,12.48,12.33,12.39,0
2021-07-05 11:15:00,12.39,12.43,12.33,12.36,0
2021-07-05 12:15:00,12.36,12.38,12.05,12.18,0
2021-07-05 13:15:00,12.18,12.23,12.05,12.07,0
2021-07-05 14:15:00,12.06,12.13,12.0,12.08,0
2021-07-05 15:15:00,12.08,12.1,11.99,12.05,0
2021-07-06 09:15:00,12.07,12.28,11.29,12.0,0
2021-07-06 10:15:00,12.0,12.02,11.9,11.98,0
2021-07-06 11:15:00,11.98,12.2,11.93,12.14,0
2021-07-06 12:15:00,12.14,12.19,12.07,12.11,0
2021-07-06 13:15:00,12.11,12.33,12.09,12.31,0
2021-07-06 14:15:00,12.31,12.36,12.18,12.31,0
2021-07-06 15:15:00,12.31,12.33,12.23,12.27,0
2021-07-07 09:15:00,12.28,12.59,11.15,12.5,0
2021-07-07 10:15:00,12.5,12.57,12.34,12.36,0
2021-07-07 11:15:00,12.35,12.4,12.3,12.38,0
2021-07-07 12:15:00,12.37,12.4,12.26,12.31,0
2021-07-07 13:15:00,12.31,12.39,12.24,12.29,0
2021-07-07 14:15:00,12.29,12.34,12.14,12.18,0
2021-07-07 15:15:00,12.18,12.29,12.16,12.26,0
2021-07-08 09:15:00,12.21,12.61,12.06,12.51,0
2021-07-08 10:15:00,12.51,12.62,12.48,12.62,0
2021-07-08 11:15:00,12.62,12.91,12.54,12.91,0
2021-07-08 12:15:00,12.91,13.7,12.9,13.62,0
2021-07-08 13:15:00,13.62,13.86,13.28,13.74,0
2021-07-08 14:15:00,13.74,14.01,13.42,13.42,0
2021-07-08 15:15:00,13.42,13.55,13.37,13.54,0
2021-07-09 09:15:00,13.56,14.0,13.14,13.47,0
2021-07-09 10:15:00,13.48,13.52,13.05,13.21,0
2021-07-09 11:15:00,13.21,13.45,13.21,13.29,0
2021-07-09 12:15:00,13.29,13.46,13.1,13.25,0
2021-07-09 13:15:00,13.24,13.33,13.01,13.04,0
2021-07-09 14:15:00,13.04,13.38,12.89,12.94,0
2021-07-09 15:15:00,12.94,12.98,12.89,12.94,0
2021-07-12 09:15:00,12.94,13.26,11.81,12.73,0
2021-07-12 10:15:00,12.73,12.73,12.5,12.6,0
2021-07-12 11:15:00,12.59,12.67,12.54,12.66,0
2021-07-12 12:15:00,12.66,13.16,12.61,13.1,0
2021-07-12 13:15:00,13.1,13.61,12.96,13.13,0
2021-07-12 14:15:00,13.13,13.4,12.84,13.01,0
2021-07-12 15:15:00,13.01,13.08,12.98,13.0,0
2021-07-13 09:15:00,12.99,12.99,11.0,12.62,0
2021-07-13 10:15:00,12.62,12.7,12.56,12.62,0
2021-07-13 11:15:00,12.62,12.64,12.53,12.63,0
2021-07-13 12:15:00,12.63,12.73,12.57,12.71,0
2021-07-13 13:15:00,12.71,12.77,12.67,12.74,0
2021-07-13 14:15:00,12.74,12.76,12.61,12.61,0
2021-07-13 15:15:00,12.61,12.63,12.5,12.6,0
2021-07-14 09:15:00,12.62,12.96,10.49,12.86,0
2021-07-14 10:15:00,12.86,12.91,12.78,12.79,0
2021-07-14 11:15:00,12.79,12.82,12.74,12.77,0
2021-07-14 12:15:00,12.77,12.85,12.73,12.83,0
2021-07-14 13:15:00,12.83,12.83,12.7,12.74,0
2021-07-14 14:15:00,12.74,12.77,12.57,12.57,0
2021-07-14 15:15:00,12.57,12.63,12.53,12.61,0
2021-07-15 09:15:00,12.59,12.71,11.08,12.66,0
2021-07-15 10:15:00,12.66,12.93,12.61,12.91,0
2021-07-15 11:15:00,12.91,12.95,12.83,12.86,0
2021-07-15 12:15:00,12.86,12.88,12.7,12.73,0
2021-07-15 13:15:00,12.73,12.74,12.59,12.6,0
2021-07-15 14:15:00,12.6,12.62,12.24,12.25,0
2021-07-15 15:15:00,12.25,12.27,12.11,12.2,0
2021-07-16 09:15:00,12.27,12.37,12.06,12.14,0
2021-07-16 10:15:00,12.14,12.23,11.94,12.05,0
2021-07-16 11:15:00,12.05,12.13,11.96,12.05,0
2021-07-16 12:15:00,12.05,12.12,11.93,11.96,0
2021-07-16 13:15:00,11.95,12.03,11.81,11.82,0
2021-07-16 14:15:00,11.82,11.82,11.63,11.66,0
2021-07-16 15:15:00,11.66,11.75,11.63,11.67,0
2021-07-19 09:15:00,11.71,12.6,11.71,12.33,0
2021-07-19 10:15:00,12.33,12.41,12.16,12.24,0
2021-07-19 11:15:00,12.24,12.41,12.15,12.38,0
2021-07-19 12:15:00,12.38,13.2,12.36,12.93,0
2021-07-19 13:15:00,12.93,12.98,12.65,12.78,0
2021-07-19 14:15:00,12.78,13.01,12.64,12.65,0
2021-07-19 15:15:00,12.64,12.7,12.54,12.62,0
2021-07-20 09:15:00,12.68,13.45,11.79,13.14,0
2021-07-20 10:15:00,13.14,14.09,13.13,14.04,0
2021-07-20 11:15:00,14.04,14.09,13.57,13.86,0
2021-07-20 12:15:00,13.86,13.92,13.12,13.21,0
2021-07-20 13:15:00,13.21,13.3,13.01,13.01,0
2021-07-20 14:15:00,13.01,13.38,13.01,13.16,0
2021-07-20 15:15:00,13.16,13.34,13.15,13.31,0
2021-07-22 09:15:00,13.21,13.21,12.24,12.26,0
2021-07-22 10:15:00,12.26,12.34,12.17,12.25,0
2021-07-22 11:15:00,12.25,12.32,12.23,12.26,0
2021-07-22 12:15:00,12.26,12.35,12.19,12.32,0
2021-07-22 13:15:00,12.32,12.33,12.11,12.16,0
2021-07-22 14:15:00,12.16,12.22,11.83,11.85,0
2021-07-22 15:15:00,11.85,11.88,11.72,11.77,0
2021-07-23 09:15:00,11.89,12.12,11.66,11.72,0
2021-07-23 10:15:00,11.72,11.85,11.6,11.66,0
2021-07-23 11:15:00,11.66,11.75,11.62,11.71,0
2021-07-23 12:15:00,11.71,11.73,11.6,11.69,0
2021-07-23 13:15:00,11.7,11.79,11.57,11.63,0
2021-07-23 14:15:00,11.63,11.85,11.59,11.74,0
2021-07-23 15:15:00,11.74,11.77,11.71,11.73,0
2021-07-26 09:15:00,11.76,12.5,10.4,12.07,0
2021-07-26 10:15:00,12.07,12.13,11.95,12.05,0
2021-07-26 11:15:00,12.05,12.38,12.03,12.26,0
2021-07-26 12:15:00,12.27,12.43,12.2,12.32,0
2021-07-26 13:15:00,12.32,12.47,12.28,12.38,0
2021-07-26 14:15:00,12.38,12.54,12.3,12.45,0
2021-07-26 15:15:00,12.45,12.48,12.43,12.46,0
2021-07-27 09:15:00,12.45,12.46,12.1,12.44,0
2021-07-27 10:15:00,12.44,12.64,12.37,12.57,0
2021-07-27 11:15:00,12.57,12.67,12.43,12.52,0
2021-07-27 12:15:00,12.52,13.53,12.51,13.44,0
2021-07-27 13:15:00,13.44,13.49,13.07,13.38,0
2021-07-27 14:15:00,13.39,13.5,13.18,13.19,0
2021-07-27 15:15:00,13.19,13.33,13.17,13.3,0
2021-07-28 09:15:00,13.23,14.28,11.36,14.2,0
2021-07-28 10:15:00,14.21,15.98,14.2,14.93,0
2021-07-28 11:15:00,14.93,15.14,14.38,14.38,0
2021-07-28 12:15:00,14.38,14.43,14.17,14.19,0
2021-07-28 13:15:00,14.19,14.22,13.73,13.87,0
2021-07-28 14:15:00,13.87,14.04,13.62,13.71,0
2021-07-28 15:15:00,13.71,13.78,13.65,13.7,0
2021-07-29 09:15:00,13.69,13.69,12.44,13.04,0
2021-07-29 10:15:00,13.04,13.21,12.9,12.99,0
2021-07-29 11:15:00,12.99,13.13,12.95,13.11,0
2021-07-29 12:15:00,13.11,13.16,12.94,13.06,0
2021-07-29 13:15:00,13.05,13.16,12.92,13.01,0
2021-07-29 14:15:00,13.01,13.15,12.92,12.97,0
2021-07-29 15:15:00,12.97,12.98,12.86,12.9,0
2021-07-30 09:15:00,12.95,13.32,12.18,13.05,0
2021-07-30 10:15:00,13.05,13.12,12.96,12.98,0
2021-07-30 11:15:00,12.98,13.06,12.88,12.89,0
2021-07-30 12:15:00,12.89,13.05,12.85,12.93,0
2021-07-30 13:15:00,12.93,12.99,12.68,12.68,0
2021-07-30 14:15:00,12.68,12.91,12.63,12.89,0
2021-07-30 15:15:00,12.88,12.9,12.67,12.68,0
2021-08-02 09:15:00,12.8,13.04,11.52,13.01,0
2021-08-02 10:15:00,13.0,13.03,12.91,13.01,0
2021-08-02 11:15:00,13.01,13.09,12.9,13.0,0
2021-08-02 12:15:00,13.0,13.04,12.93,12.95,0
2021-08-02 13:15:00,12.95,13.03,12.84,12.95,0
2021-08-02 14:15:00,12.95,13.03,12.76,12.81,0
2021-08-02 15:15:00,12.81,12.84,12.79,12.84,0
2021-08-03 09:15:00,12.81,13.31,12.08,13.26,0
2021-08-03 10:15:00,13.26,13.3,13.18,13.23,0
2021-08-03 11:15:00,13.23,13.5,13.19,13.49,0
2021-08-03 12:15:00,13.49,13.67,13.44,13.5,0
2021-08-03 13:15:00,13.5,13.53,13.33,13.37,0
2021-08-03 14:15:00,13.37,13.83,13.36,13.75,0
2021-08-03 15:15:00,13.75,13.91,13.74,13.85,0
2021-08-04 09:15:00,13.75,14.06,12.65,13.52,0
2021-08-04 10:15:00,13.52,13.81,13.46,13.71,0
2021-08-04 11:15:00,13.71,13.73,13.17,13.38,0
2021-08-04 12:15:00,13.38,13.42,13.26,13.32,0
2021-08-04 13:15:00,13.31,13.43,13.25,13.33,0
2021-08-04 14:15:00,13.33,13.42,13.18,13.21,0
2021-08-04 15:15:00,13.21,13.27,13.16,13.22,0
2021-08-05 09:15:00,13.21,13.35,11.2,13.01,0
2021-08-05 10:15:00,13.01,13.07,12.95,13.03,0
2021-08-05 11:15:00,13.03,13.11,12.94,12.96,0
2021-08-05 12:15:00,12.96,13.41,12.95,13.3,0
2021-08-05 13:15:00,13.3,13.3,12.97,13.13,0
2021-08-05 14:15:00,13.13,13.2,12.85,12.87,0
2021-08-05 15:15:00,12.86,12.86,12.71,12.81,0
2021-08-06 09:15:00,12.87,13.16,11.64,12.8,0
2021-08-06 10:15:00,12.8,12.85,12.65,12.8,0
2021-08-06 11:15:00,12.8,12.84,12.67,12.74,0
2021-08-06 12:15:00,12.74,12.81,12.66,12.75,0
2021-08-06 13:15:00,12.76,12.8,12.55,12.59,0
2021-08-06 14:15:00,12.59,12.67,12.53,12.6,0
2021-08-06 15:15:00,12.6,12.62,12.53,12.6,0
2021-08-09 09:15:00,12.61,13.11,12.03,12.69,0
2021-08-09 10:15:00,12.69,12.86,12.63,12.68,0
2021-08-09 11:15:00,12.69,12.73,12.52,12.69,0
2021-08-09 12:15:00,12.69,12.76,12.47,12.61,0
2021-08-09 13:15:00,12.61,12.76,12.58,12.61,0
2021-08-09 14:15:00,12.62,12.66,12.52,12.56,0
2021-08-09 15:15:00,12.55,12.72,12.51,12.65,0
2021-08-10 09:15:00,12.61,12.69,9.98,12.56,0
2021-08-10 10:15:00,12.56,12.84,12.54,12.79,0
2021-08-10 11:15:00,12.79,12.93,12.6,12.9,0
2021-08-10 12:15:00,12.91,13.07,12.83,12.94,0
2021-08-10 13:15:00,12.94,13.0,12.75,12.91,0
2021-08-10 14:15:00,12.92,12.96,12.64,12.73,0
2021-08-10 15:15:00,12.73,12.74,12.68,12.71,0
2021-08-11 09:15:00,12.71,12.98,10.47,12.95,0
2021-08-11 10:15:00,12.95,13.18,12.83,13.16,0
2021-08-11 11:15:00,13.16,13.33,13.0,13.24,0
2021-08-11 12:15:00,13.25,13.26,12.93,12.98,0
2021-08-11 13:15:00,12.97,13.01,12.77,12.83,0
2021-08-11 14:15:00,12.83,12.91,12.68,12.7,0
2021-08-11 15:15:00,12.7,12.76,12.66,12.73,0
2021-08-12 09:15:00,12.71,12.77,11.36,12.64,0
2021-08-12 10:15:00,12.64,12.66,12.52,12.54,0
2021-08-12 11:15:00,12.55,12.62,12.5,12.59,0
2021-08-12 12:15:00,12.59,12.71,12.53,12.67,0
2021-08-12 13:15:00,12.67,12.82,12.59,12.68,0
2021-08-12 14:15:00,12.68,12.71,12.4,12.4,0
2021-08-12 15:15:00,12.4,12.42,12.19,12.3,0
2021-08-13 09:15:00,12.37,12.6,11.4,12.52,0
2021-08-13 10:15:00,12.52,12.61,12.47,12.6,0
2021-08-13 11:15:00,12.6,13.16,12.59,12.98,0
2021-08-13 12:15:00,12.98,13.07,12.88,12.96,0
2021-08-13 13:15:00,12.96,13.01,12.84,12.97,0
2021-08-13 14:15:00,12.97,13.03,12.87,12.96,0
2021-08-13 15:15:00,12.96,13.06,12.94,13.04,0
2021-08-16 09:15:00,12.99,13.66,11.38,13.43,0
2021-08-16 10:15:00,13.43,13.56,13.38,13.54,0
2021-08-16 11:15:00,13.54,13.64,13.42,13.51,0
2021-08-16 12:15:00,13.5,13.55,13.42,13.45,0
2021-08-16 13:15:00,13.46,13.52,13.41,13.46,0
2021-08-16 14:15:00,13.46,13.48,13.37,13.43,0
2021-08-16 15:15:00,13.44,13.53,13.42,13.53,0
2021-08-17 09:15:00,13.46,13.61,12.03,13.48,0
2021-08-17 10:15:00,13.48,13.52,13.39,13.41,0
2021-08-17 11:15:00,13.41,13.61,13.38,13.58,0
2021-08-17 12:15:00,13.57,13.58,13.43,13.45,0
2021-08-17 13:15:00,13.45,13.49,13.32,13.39,0
2021-08-17 14:15:00,13.39,13.42,13.32,13.42,0
2021-08-17 15:15:00,13.42,13.5,13.38,13.48,0
2021-08-18 09:15:00,13.41,13.41,11.12,13.22,0
2021-08-18 10:15:00,13.21,13.34,13.2,13.28,0
2021-08-18 11:15:00,13.28,13.4,13.12,13.26,0
2021-08-18 12:15:00,13.26,13.38,13.11,13.29,0
2021-08-18 13:15:00,13.28,13.3,13.07,13.12,0
2021-08-18 14:15:00,13.12,13.3,12.86,12.89,0
2021-08-18 15:15:00,12.89,12.9,12.82,12.88,0
2021-08-20 09:15:00,12.91,14.02,12.35,13.71,0
2021-08-20 10:15:00,13.71,14.04,13.6,13.99,0
2021-08-20 11:15:00,13.99,14.0,13.78,13.83,0
2021-08-20 12:15:00,13.83,14.11,13.81,14.03,0
2021-08-20 13:15:00,14.04,14.09,13.88,13.94,0
2021-08-20 14:15:00,13.94,14.14,13.88,14.03,0
2021-08-20 15:15:00,14.03,14.04,13.91,13.96,0
2021-08-23 09:15:00,14.02,14.02,12.73,13.89,0
2021-08-23 10:15:00,13.89,14.44,13.83,14.08,0
2021-08-23 11:15:00,14.08,14.13,13.65,13.67,0
2021-08-23 12:15:00,13.67,13.83,13.66,13.68,0
2021-08-23 13:15:00,13.68,13.72,13.55,13.63,0
2021-08-23 14:15:00,13.62,13.78,13.58,13.67,0
2021-08-23 15:15:00,13.67,13.7,13.62,13.69,0
2021-08-24 09:15:00,13.69,14.51,13.41,13.63,0
2021-08-24 10:15:00,13.63,13.65,13.38,13.41,0
2021-08-24 11:15:00,13.41,13.46,13.19,13.29,0
2021-08-24 12:15:00,13.29,13.44,13.16,13.38,0
2021-08-24 13:15:00,13.39,13.59,13.31,13.58,0
2021-08-24 14:15:00,13.58,13.59,13.12,13.16,0
2021-08-24 15:15:00,13.16,13.24,13.1,13.18,0
2021-08-25 09:15:00,13.19,13.97,12.27,13.45,0
2021-08-25 10:15:00,13.45,13.58,13.4,13.52,0
2021-08-25 11:15:00,13.52,13.71,13.46,13.59,0
2021-08-25 12:15:00,13.57,13.61,13.46,13.57,0
2021-08-25 13:15:00,13.57,13.63,13.43,13.6,0
2021-08-25 14:15:00,13.61,13.75,13.38,13.6,0
2021-08-25 15:15:00,13.6,13.62,13.46,13.49,0
2021-08-26 09:15:00,13.5,13.83,12.11,13.69,0
2021-08-26 10:15:00,13.69,13.77,13.59,13.77,0
2021-08-26 11:15:00,13.77,14.05,13.69,13.84,0
2021-08-26 12:15:00,13.84,14.2,13.59,13.65,0
2021-08-26 13:15:00,13.64,13.98,13.41,13.44,0
2021-08-26 14:15:00,13.44,13.76,13.38,13.53,0
2021-08-26 15:15:00,13.54,13.6,13.45,13.58,0
2021-08-27 09:15:00,13.54,13.76,13.04,13.06,0
2021-08-27 10:15:00,13.06,13.33,12.94,13.09,0
2021-08-27 11:15:00,13.1,13.58,13.03,13.49,0
2021-08-27 12:15:00,13.49,13.52,13.26,13.39,0
2021-08-27 13:15:00,13.4,13.44,13.18,13.3,0
2021-08-27 14:15:00,13.29,13.47,13.24,13.43,0
2021-08-27 15:15:00,13.43,13.52,13.32,13.34,0
2021-08-30 09:15:00,13.41,13.63,12.4,13.56,0
2021-08-30 10:15:00,13.56,13.69,13.42,13.51,0
2021-08-30 11:15:00,13.51,13.63,13.37,13.37,0
2021-08-30 12:15:00,13.37,13.57,13.07,13.16,0
2021-08-30 13:15:00,13.16,13.2,13.04,13.06,0
2021-08-30 14:15:00,13.05,13.3,13.0,13.27,0
2021-08-30 15:15:00,13.27,13.65,13.0,13.63,0
2021-08-31 09:15:00,13.32,13.68,12.64,13.54,0
2021-08-31 10:15:00,13.54,13.71,13.53,13.64,0
2021-08-31 11:15:00,13.64,13.82,13.58,13.8,0
2021-08-31 12:15:00,13.8,14.13,13.76,14.04,0
2021-08-31 13:15:00,14.04,14.26,13.82,14.1,0
2021-08-31 14:15:00,14.1,14.76,14.07,14.72,0
2021-08-31 15:15:00,14.71,14.77,14.44,14.6,0
2021-09-01 09:15:00,14.52,15.63,13.9,15.49,0
2021-09-01 10:15:00,15.49,15.5,14.85,14.98,0
2021-09-01 11:15:00,14.97,15.03,14.73,14.8,0
2021-09-01 12:15:00,14.81,14.81,14.53,14.57,0
2021-09-01 13:15:00,14.57,14.61,14.3,14.31,0
2021-09-01 14:15:00,14.31,14.39,14.15,14.21,0
2021-09-01 15:15:00,14.22,14.22,14.03,14.1,0
2021-09-02 09:15:00,14.19,14.19,13.61,13.72,0
2021-09-02 10:15:00,13.72,14.13,13.69,14.12,0
2021-09-02 11:15:00,14.13,14.18,13.89,14.04,0
2021-09-02 12:15:00,14.04,14.24,13.88,14.03,0
2021-09-02 13:15:00,14.03,14.25,14.01,14.2,0
2021-09-02 14:15:00,14.2,14.39,14.18,14.28,0
2021-09-02 15:15:00,14.28,14.32,14.0,14.08,0
2021-09-03 09:15:00,14.24,14.28,13.58,14.25,0
2021-09-03 10:15:00,14.25,14.39,14.09,14.26,0
2021-09-03 11:15:00,14.26,14.36,14.13,14.23,0
2021-09-03 12:15:00,14.23,14.34,14.19,14.29,0
2021-09-03 13:15:00,14.29,14.64,14.26,14.53,0
2021-09-03 14:15:00,14.53,14.65,14.38,14.51,0
2021-09-03 15:15:00,14.51,14.64,14.44,14.64,0
2021-09-06 09:15:00,14.54,15.23,14.06,15.05,0
2021-09-06 10:15:00,15.05,15.27,14.89,14.97,0
2021-09-06 11:15:00,14.97,15.19,14.96,15.16,0
2021-09-06 12:15:00,15.16,15.24,15.1,15.22,0
2021-09-06 13:15:00,15.22,15.28,15.15,15.22,0
2021-09-06 14:15:00,15.22,15.27,15.03,15.09,0
2021-09-06 15:15:00,15.09,15.15,15.06,15.15,0
2021-09-07 09:15:00,15.11,15.23,14.59,15.03,0
2021-09-07 10:15:00,15.03,15.11,14.8,14.91,0
2021-09-07 11:15:00,14.91,14.91,14.76,14.87,0
2021-09-07 12:15:00,14.87,15.0,14.82,14.97,0
2021-09-07 13:15:00,14.97,15.05,14.88,14.94,0
2021-09-07 14:15:00,14.94,15.03,14.84,14.91,0
2021-09-07 15:15:00,14.91,14.94,14.77,14.81,0
2021-09-08 09:15:00,14.9,15.06,12.49,14.81,0
2021-09-08 10:15:00,14.81,14.84,14.68,14.72,0
2021-09-08 11:15:00,14.72,14.82,14.71,14.77,0
2021-09-08 12:15:00,14.77,15.03,14.73,14.91,0
2021-09-08 13:15:00,14.91,14.93,14.56,14.56,0
2021-09-08 14:15:00,14.56,14.69,14.4,14.42,0
2021-09-08 15:15:00,14.42,14.42,14.34,14.35,0
2021-09-09 09:15:00,14.41,14.41,13.64,14.17,0
2021-09-09 10:15:00,14.17,14.26,14.14,14.23,0
2021-09-09 11:15:00,14.23,14.27,14.15,14.26,0
2021-09-09 12:15:00,14.26,14.33,14.16,14.28,0
2021-09-09 13:15:00,14.28,14.29,14.07,14.08,0
2021-09-09 14:15:00,14.08,14.08,13.77,14.0,0
2021-09-09 15:15:00,14.0,14.09,13.94,14.09,0
2021-09-13 09:15:00,13.94,14.78,11.92,14.11,0
2021-09-13 10:15:00,14.11,14.34,14.06,14.22,0
2021-09-13 11:15:00,14.22,14.23,14.03,14.04,0
2021-09-13 12:15:00,14.04,14.16,14.02,14.04,0
2021-09-13 13:15:00,14.04,14.12,13.96,14.11,0
2021-09-13 14:15:00,14.1,14.18,13.98,13.98,0
2021-09-13 15:15:00,13.98,14.0,13.91,13.92,0
2021-09-14 09:15:00,14.03,14.03,10.87,13.8,0
2021-09-14 10:15:00,13.81,13.85,13.64,13.67,0
2021-09-14 11:15:00,13.67,13.75,13.61,13.67,0
2021-09-14 12:15:00,13.67,13.76,13.62,13.65,0
2021-09-14 13:15:00,13.65,13.68,13.54,13.59,0
2021-09-14 14:15:00,13.59,13.69,13.55,13.56,0
2021-09-14 15:15:00,13.56,13.59,13.51,13.54,0
2021-09-15 09:15:00,13.58,13.68,13.36,13.56,0
2021-09-15 10:15:00,13.56,13.69,13.53,13.57,0
2021-09-15 11:15:00,13.57,13.68,13.57,13.59,0
2021-09-15 12:15:00,13.59,13.88,13.58,13.84,0
2021-09-15 13:15:00,13.84,13.87,13.76,13.77,0
2021-09-15 14:15:00,13.77,13.86,13.72,13.74,0
2021-09-15 15:15:00,13.74,13.77,13.66,13.74,0
2021-09-16 09:15:00,13.73,13.94,9.03,13.92,0
2021-09-16 10:15:00,13.92,14.32,13.91,14.32,0
2021-09-16 11:15:00,14.32,14.32,14.14,14.22,0
2021-09-16 12:15:00,14.21,14.32,14.19,14.23,0
2021-09-16 13:15:00,14.23,14.36,14.18,14.36,0
2021-09-16 14:15:00,14.36,14.52,14.32,14.39,0
2021-09-16 15:15:00,14.39,14.53,14.34,14.51,0
2021-09-17 09:15:00,14.41,15.18,12.14,15.11,0
2021-09-17 10:15:00,15.11,15.43,15.1,15.31,0
2021-09-17 11:15:00,15.31,15.55,15.09,15.46,0
2021-09-17 12:15:00,15.46,15.61,15.34,15.45,0
2021-09-17 13:15:00,15.45,15.65,15.34,15.43,0
2021-09-17 14:15:00,15.43,15.56,15.17,15.3,0
2021-09-17 15:15:00,15.3,15.3,15.01,15.21,0
2021-09-20 09:15:00,15.23,16.14,10.23,16.13,0
2021-09-20 10:15:00,16.13,16.64,16.1,16.64,0
2021-09-20 11:15:00,16.64,16.64,16.31,16.36,0
2021-09-20 12:15:00,16.36,16.61,16.34,16.53,0
2021-09-20 13:15:00,16.54,16.95,16.52,16.93,0
2021-09-20 14:15:00,16.93,17.5,16.91,17.45,0
2021-09-20 15:15:00,17.45,17.8,17.44,17.8,0
2021-09-21 09:15:00,17.49,17.86,13.0,17.86,0
2021-09-21 10:15:00,17.86,18.0,17.53,17.8,0
2021-09-21 11:15:00,17.8,17.85,17.25,17.56,0
2021-09-21 12:15:00,17.56,17.57,17.04,17.05,0
2021-09-21 13:15:00,17.05,17.09,16.84,16.84,0
2021-09-21 14:15:00,16.84,16.91,16.48,16.48,0
2021-09-21 15:15:00,16.48,16.5,16.29,16.39,0
2021-09-22 09:15:00,16.52,16.79,13.28,16.72,0
2021-09-22 10:15:00,16.72,16.76,16.64,16.67,0
2021-09-22 11:15:00,16.67,16.86,16.65,16.71,0
2021-09-22 12:15:00,16.7,16.76,16.54,16.6,0
2021-09-22 13:15:00,16.59,16.74,16.53,16.57,0
2021-09-22 14:15:00,16.58,16.62,16.37,16.5,0
2021-09-22 15:15:00,16.5,16.59,16.47,16.58,0
2021-09-23 09:15:00,16.49,16.49,10.31,16.22,0
2021-09-23 10:15:00,16.22,16.46,16.19,16.35,0
2021-09-23 11:15:00,16.35,16.54,16.27,16.53,0
2021-09-23 12:15:00,16.53,16.58,16.48,16.5,0
2021-09-23 13:15:00,16.51,16.69,16.43,16.69,0
2021-09-23 14:15:00,16.69,16.94,16.59,16.59,0
2021-09-23 15:15:00,16.59,16.63,16.44,16.51,0
2021-09-24 09:15:00,16.6,17.07,12.77,16.94,0
2021-09-24 10:15:00,16.94,17.12,16.89,16.95,0
2021-09-24 11:15:00,16.95,17.28,16.95,17.26,0
2021-09-24 12:15:00,17.26,17.29,17.08,17.15,0
2021-09-24 13:15:00,17.15,17.33,17.08,17.13,0
2021-09-24 14:15:00,17.13,17.15,16.82,16.88,0
2021-09-24 15:15:00,16.88,17.05,16.8,17.02,0
2021-09-27 09:15:00,16.92,17.62,13.52,17.6,0
2021-09-27 10:15:00,17.61,17.67,17.57,17.65,0
2021-09-27 11:15:00,17.65,17.87,17.62,17.82,0
2021-09-27 12:15:00,17.82,17.86,17.76,17.82,0
2021-09-27 13:15:00,17.82,17.94,17.76,17.83,0
2021-09-27 14:15:00,17.83,18.12,17.81,18.12,0
2021-09-27 15:15:00,18.12,18.14,18.0,18.02,0
2021-09-28 09:15:00,18.05,18.51,15.37,18.49,0
2021-09-28 10:15:00,18.49,18.56,18.39,18.49,0
2021-09-28 11:15:00,18.49,18.57,18.46,18.47,0
2021-09-28 12:15:00,18.47,18.56,18.42,18.52,0
2021-09-28 13:15:00,18.52,18.57,18.49,18.51,0
2021-09-28 14:15:00,18.51,18.57,18.49,18.52,0
2021-09-28 15:15:00,18.52,18.55,18.52,18.53,0
2021-09-29 09:15:00,18.54,19.42,16.76,19.33,0
2021-09-29 10:15:00,19.33,19.44,19.21,19.26,0
2021-09-29 11:15:00,19.26,19.39,18.94,19.18,0
2021-09-29 12:15:00,19.18,19.19,18.7,18.75,0
2021-09-29 13:15:00,18.75,18.79,18.41,18.43,0
2021-09-29 14:15:00,18.43,18.99,18.25,18.9,0
2021-09-29 15:15:00,18.9,18.9,18.68,18.7,0
2021-09-30 09:15:00,18.84,19.14,17.15,18.72,0
2021-09-30 10:15:00,18.72,18.91,18.58,18.66,0
2021-09-30 11:15:00,18.66,18.67,18.48,18.49,0
2021-09-30 12:15:00,18.5,18.76,18.33,18.64,0
2021-09-30 13:15:00,18.64,19.0,18.28,18.52,0
2021-09-30 14:15:00,18.53,18.79,18.25,18.34,0
2021-09-30 15:15:00,18.34,18.43,18.19,18.38,0
2021-10-01 09:15:00,18.4,19.08,17.0,18.48,0
2021-10-01 10:15:00,18.5,18.52,17.97,18.06,0
2021-10-01 11:15:00,18.06,18.23,17.98,18.22,0
2021-10-01 12:15:00,18.23,18.24,17.65,17.75,0
2021-10-01 13:15:00,17.75,17.82,17.32,17.32,0
2021-10-01 14:15:00,17.32,17.41,17.14,17.3,0
2021-10-01 15:15:00,17.3,17.33,17.06,17.13,0
2021-10-04 09:15:00,17.21,17.53,15.32,17.34,0
2021-10-04 10:15:00,17.34,17.42,17.14,17.17,0
2021-10-04 11:15:00,17.18,17.2,16.86,16.95,0
2021-10-04 12:15:00,16.95,16.98,16.81,16.86,0
2021-10-04 13:15:00,16.85,16.86,16.71,16.76,0
2021-10-04 14:15:00,16.76,16.8,16.66,16.69,0
2021-10-04 15:15:00,16.69,16.78,16.67,16.77,0
2021-10-05 09:15:00,16.74,17.13,16.64,16.66,0
2021-10-05 10:15:00,16.66,16.66,16.52,16.55,0
2021-10-05 11:15:00,16.55,16.56,16.42,16.48,0
2021-10-05 12:15:00,16.49,16.54,16.36,16.54,0
2021-10-05 13:15:00,16.55,16.55,16.3,16.35,0
2021-10-05 14:15:00,16.35,16.47,16.31,16.38,0
2021-10-05 15:15:00,16.38,16.5,16.33,16.5,0
2021-10-06 09:15:00,16.4,16.64,16.3,16.4,0
2021-10-06 10:15:00,16.4,16.54,16.17,16.23,0
2021-10-06 11:15:00,16.23,16.26,16.15,16.23,0
2021-10-06 12:15:00,16.23,16.48,16.11,16.46,0
2021-10-06 13:15:00,16.46,17.08,16.45,16.69,0
2021-10-06 14:15:00,16.69,17.44,16.64,17.32,0
2021-10-06 15:15:00,17.32,17.58,17.31,17.56,0
2021-10-07 09:15:00,17.33,17.33,14.45,16.64,0
2021-10-07 10:15:00,16.64,16.7,16.51,16.51,0
2021-10-07 11:15:00,16.51,16.59,16.4,16.42,0
2021-10-07 12:15:00,16.42,16.48,16.35,16.39,0
2021-10-07 13:15:00,16.39,16.44,16.22,16.25,0
2021-10-07 14:15:00,16.24,16.26,16.08,16.11,0
2021-10-07 15:15:00,16.12,16.26,16.1,16.26,0
2021-10-08 09:15:00,16.16,16.4,16.0,16.06,0
2021-10-08 10:15:00,16.06,16.06,15.74,15.74,0
2021-10-08 11:15:00,15.74,15.82,15.7,15.78,0
2021-10-08 12:15:00,15.78,15.9,15.71,15.78,0
2021-10-08 13:15:00,15.77,15.81,15.57,15.6,0
2021-10-08 14:15:00,15.6,15.69,15.53,15.66,0
2021-10-08 15:15:00,15.66,15.77,15.64,15.75,0
2021-10-11 09:15:00,15.65,16.41,12.23,16.2,0
2021-10-11 10:15:00,16.2,16.27,16.11,16.18,0
2021-10-11 11:15:00,16.18,16.19,15.94,16.13,0
2021-10-11 12:15:00,16.13,16.14,15.97,15.98,0
2021-10-11 13:15:00,15.98,16.16,15.98,16.05,0
2021-10-11 14:15:00,16.05,16.14,15.94,15.98,0
2021-10-11 15:15:00,15.98,16.18,15.98,16.11,0
2021-10-12 09:15:00,16.09,16.4,13.94,16.18,0
2021-10-12 10:15:00,16.18,16.29,16.06,16.07,0
2021-10-12 11:15:00,16.07,16.23,16.02,16.12,0
2021-10-12 12:15:00,16.12,16.21,15.95,15.97,0
2021-10-12 13:15:00,15.97,16.07,15.83,15.93,0
2021-10-12 14:15:00,15.92,15.97,15.83,15.83,0
2021-10-12 15:15:00,15.83,15.88,15.75,15.78,0
2021-10-13 09:15:00,15.85,15.96,13.38,15.83,0
2021-10-13 10:15:00,15.83,15.84,15.63,15.64,0
2021-10-13 11:15:00,15.64,15.7,15.54,15.6,0
2021-10-13 12:15:00,15.6,15.74,15.57,15.67,0
2021-10-13 13:15:00,15.67,16.22,15.67,16.04,0
2021-10-13 14:15:00,16.04,16.2,16.0,16.11,0
2021-10-13 15:15:00,16.11,16.13,16.03,16.06,0
2021-10-14 09:15:00,16.1,16.29,12.61,15.98,0
2021-10-14 10:15:00,15.97,15.98,15.76,15.78,0
2021-10-14 11:15:00,15.78,15.85,15.73,15.8,0
2021-10-14 12:15:00,15.8,15.81,15.67,15.79,0
2021-10-14 13:15:00,15.79,15.87,15.74,15.83,0
2021-10-14 14:15:00,15.83,15.91,15.69,15.69,0
2021-10-14 15:15:00,15.69,15.83,15.69,15.83,0
2021-10-18 09:15:00,15.77,17.29,14.16,17.25,0
2021-10-18 10:15:00,17.25,17.32,17.04,17.17,0
2021-10-18 11:15:00,17.17,17.2,17.03,17.06,0
2021-10-18 12:15:00,17.06,17.15,17.04,17.12,0
2021-10-18 13:15:00,17.12,17.23,17.02,17.18,0
2021-10-18 14:15:00,17.18,17.25,17.02,17.2,0
2021-10-18 15:15:00,17.21,17.28,17.18,17.28,0
2021-10-19 09:15:00,17.19,17.36,14.24,17.31,0
2021-10-19 10:15:00,17.32,17.44,17.08,17.1,0
2021-10-19 11:15:00,17.1,17.12,16.89,16.92,0
2021-10-19 12:15:00,16.92,16.98,16.82,16.9,0
2021-10-19 13:15:00,16.91,17.15,16.86,17.04,0
2021-10-19 14:15:00,17.04,17.54,17.01,17.49,0
2021-10-19 15:15:00,17.49,17.54,17.32,17.46,0
2021-10-20 09:15:00,17.38,17.89,15.23,17.43,0
2021-10-20 10:15:00,17.43,17.62,17.31,17.42,0
2021-10-20 11:15:00,17.42,18.21,17.29,18.18,0
2021-10-20 12:15:00,18.18,18.55,18.11,18.2,0
2021-10-20 13:15:00,18.2,18.71,18.08,18.71,0
2021-10-20 14:15:00,18.71,18.87,18.18,18.36,0
2021-10-20 15:15:00,18.36,18.37,18.24,18.37,0
2021-10-21 09:15:00,18.31,18.55,14.91,18.24,0
2021-10-21 10:15:00,18.24,18.7,18.18,18.67,0
2021-10-21 11:15:00,18.67,18.8,18.28,18.43,0
2021-10-21 12:15:00,18.43,18.54,18.13,18.34,0
2021-10-21 13:15:00,18.34,18.66,18.18,18.47,0
2021-10-21 14:15:00,18.47,18.61,17.99,18.06,0
2021-10-21 15:15:00,18.06,18.07,17.84,17.84,0
2021-10-22 09:15:00,18.04,18.04,14.36,17.37,0
2021-10-22 10:15:00,17.37,17.49,17.06,17.09,0
2021-10-22 11:15:00,17.09,17.68,17.07,17.56,0
2021-10-22 12:15:00,17.56,17.67,17.25,17.6,0
2021-10-22 13:15:00,17.6,17.74,17.3,17.42,0
2021-10-22 14:15:00,17.42,17.93,17.31,17.47,0
2021-10-22 15:15:00,17.48,17.83,17.39,17.7,0
2021-10-25 09:15:00,17.55,18.76,14.51,18.52,0
2021-10-25 10:15:00,18.52,18.56,17.92,17.95,0
2021-10-25 11:15:00,17.96,17.98,17.63,17.89,0
2021-10-25 12:15:00,17.89,18.14,17.84,17.93,0
2021-10-25 13:15:00,17.93,17.96,17.54,17.83,0
2021-10-25 14:15:00,17.83,18.17,17.46,17.58,0
2021-10-25 15:15:00,17.58,17.7,17.54,17.66,0
2021-10-26 09:15:00,17.61,17.67,17.2,17.29,0
2021-10-26 10:15:00,17.29,17.57,17.17,17.33,0
2021-10-26 11:15:00,17.32,17.73,17.18,17.28,0
2021-10-26 12:15:00,17.28,17.56,17.18,17.32,0
2021-10-26 13:15:00,17.32,17.35,16.89,16.91,0
2021-10-26 14:15:00,16.91,17.0,16.69,16.72,0
2021-10-26 15:15:00,16.72,16.75,16.65,16.72,0
2021-10-27 09:15:00,16.75,17.03,15.4,16.78,0
2021-10-27 10:15:00,16.78,16.85,16.53,16.57,0
2021-10-27 11:15:00,16.57,16.64,16.31,16.36,0
2021-10-27 12:15:00,16.36,16.54,16.32,16.47,0
2021-10-27 13:15:00,16.46,16.56,16.32,16.47,0
2021-10-27 14:15:00,16.47,16.95,16.38,16.83,0
2021-10-27 15:15:00,16.83,16.98,16.72,16.91,0
2021-10-28 09:15:00,16.83,17.37,16.81,17.12,0
2021-10-28 10:15:00,17.12,17.84,16.99,17.61,0
2021-10-28 11:15:00,17.61,17.74,17.18,17.7,0
2021-10-28 12:15:00,17.69,18.04,17.41,17.66,0
2021-10-28 13:15:00,17.67,18.43,17.53,18.23,0
2021-10-28 14:15:00,18.23,18.33,17.71,18.0,0
2021-10-28 15:15:00,18.0,18.14,17.81,17.99,0
2021-10-29 09:15:00,17.91,19.64,16.28,17.98,0
2021-10-29 10:15:00,17.96,18.0,17.17,17.53,0
2021-10-29 11:15:00,17.45,17.64,17.27,17.44,0
2021-10-29 12:15:00,17.44,17.54,17.05,17.35,0
2021-10-29 13:15:00,17.35,17.76,17.1,17.76,0
2021-10-29 14:15:00,17.76,18.31,17.22,17.55,0
2021-10-29 15:15:00,17.56,17.66,17.01,17.1,0
2021-11-01 09:15:00,17.43,17.95,15.38,17.52,0
2021-11-01 10:15:00,17.52,18.1,17.5,17.72,0
2021-11-01 11:15:00,17.72,17.93,17.47,17.72,0
2021-11-01 12:15:00,17.72,17.86,17.49,17.51,0
2021-11-01 13:15:00,17.51,17.54,17.17,17.25,0
2021-11-01 14:15:00,17.25,17.33,17.09,17.26,0
2021-11-01 15:15:00,17.26,17.33,17.15,17.33,0
2021-11-02 09:15:00,17.24,17.58,16.36,17.55,0
2021-11-02 10:15:00,17.55,17.78,17.43,17.45,0
2021-11-02 11:15:00,17.44,17.54,17.28,17.39,0
2021-11-02 12:15:00,17.39,17.79,17.32,17.55,0
2021-11-02 13:15:00,17.55,17.63,17.3,17.42,0
2021-11-02 14:15:00,17.42,17.5,17.01,17.03,0
2021-11-02 15:15:00,17.03,17.06,16.91,17.03,0
2021-11-03 09:15:00,17.06,17.06,15.7,16.58,0
2021-11-03 10:15:00,16.58,16.61,16.34,16.34,0
2021-11-03 11:15:00,16.35,16.55,16.28,16.49,0
2021-11-03 12:15:00,16.49,16.93,16.44,16.89,0
2021-11-03 13:15:00,16.91,17.05,16.01,16.29,0
2021-11-03 14:15:00,16.3,16.7,16.0,16.11,0
2021-11-03 15:15:00,16.11,16.21,16.0,16.11,0
2021-11-04 18:15:00,16.13,16.41,14.31,15.63,0
2021-11-08 09:15:00,15.75,16.93,13.99,16.71,0
2021-11-08 10:15:00,16.71,16.79,16.43,16.49,0
2021-11-08 11:15:00,16.49,16.56,16.23,16.32,0
2021-11-08 12:15:00,16.32,16.4,16.19,16.25,0
2021-11-08 13:15:00,16.25,16.31,16.1,16.16,0
2021-11-08 14:15:00,16.16,16.47,16.16,16.24,0
2021-11-08 15:15:00,16.24,16.49,16.21,16.43,0
2021-11-09 09:15:00,16.34,16.43,14.64,16.36,0
2021-11-09 10:15:00,16.36,16.47,16.24,16.41,0
2021-11-09 11:15:00,16.41,16.45,16.15,16.28,0
2021-11-09 12:15:00,16.53,16.62,16.16,16.17,0
2021-11-09 13:15:00,16.17,16.34,16.09,16.24,0
2021-11-09 14:15:00,16.24,16.24,15.94,16.0,0
2021-11-09 15:15:00,16.0,16.18,15.94,16.17,0
2021-11-10 09:15:00,16.0,16.69,15.14,16.41,0
2021-11-10 10:15:00,16.41,16.52,16.35,16.43,0
2021-11-10 11:15:00,16.43,16.51,16.38,16.5,0
2021-11-10 12:15:00,16.49,16.57,16.37,16.41,0
2021-11-10 13:15:00,16.41,16.49,16.27,16.32,0
2021-11-10 14:15:00,16.32,16.36,16.2,16.31,0
2021-11-10 15:15:00,16.31,16.37,16.28,16.31,0
2021-11-11 09:15:00,16.31,16.95,14.65,16.9,0
2021-11-11 10:15:00,16.9,17.29,16.73,17.15,0
2021-11-11 11:15:00,17.15,17.18,16.53,17.01,0
2021-11-11 12:15:00,17.01,17.08,16.68,16.76,0
2021-11-11 13:15:00,16.76,17.02,16.62,16.9,0
2021-11-11 14:15:00,16.9,17.02,16.04,16.29,0
2021-11-11 15:15:00,16.28,16.36,16.2,16.31,0
2021-11-12 09:15:00,16.35,16.35,14.65,15.49,0
2021-11-12 10:15:00,15.48,15.72,15.41,15.49,0
2021-11-12 11:15:00,15.48,15.51,15.33,15.36,0
2021-11-12 12:15:00,15.36,15.47,15.34,15.38,0
2021-11-12 13:15:00,15.38,15.45,15.26,15.29,0
2021-11-12 14:15:00,15.3,15.35,15.18,15.24,0
2021-11-12 15:15:00,15.23,15.27,15.14,15.19,0
2021-11-15 09:15:00,15.22,15.44,13.43,15.19,0
2021-11-15 10:15:00,15.19,15.6,15.04,15.49,0
2021-11-15 11:15:00,15.49,15.84,15.42,15.74,0
2021-11-15 12:15:00,15.74,15.76,15.49,15.58,0
2021-11-15 13:15:00,15.58,15.72,15.45,15.47,0
2021-11-15 14:15:00,15.47,15.55,15.4,15.45,0
2021-11-15 15:15:00,15.45,15.54,15.39,15.53,0
2021-11-16 09:15:00,15.47,15.68,13.58,15.11,0
2021-11-16 10:15:00,15.11,15.22,15.06,15.16,0
2021-11-16 11:15:00,15.16,15.33,15.04,15.12,0
2021-11-16 12:15:00,15.12,15.29,15.02,15.02,0
2021-11-16 13:15:00,15.02,15.29,14.97,15.21,0
2021-11-16 14:15:00,15.21,15.39,15.12,15.19,0
2021-11-16 15:15:00,15.19,15.33,15.16,15.33,0
2021-11-17 09:15:00,15.2,15.2,13.92,15.05,0
2021-11-17 10:15:00,15.05,15.15,14.96,15.06,0
2021-11-17 11:15:00,15.06,15.34,14.99,15.29,0
2021-11-17 12:15:00,15.29,15.41,15.17,15.22,0
2021-11-17 13:15:00,15.22,15.26,15.13,15.16,0
2021-11-17 14:15:00,15.16,15.22,14.83,14.95,0
2021-11-17 15:15:00,14.95,15.14,14.86,15.13,0
2021-11-18 09:15:00,14.98,15.17,12.08,15.07,0
2021-11-18 10:15:00,15.06,16.15,15.06,15.71,0
2021-11-18 11:15:00,15.71,15.83,15.46,15.59,0
2021-11-18 12:15:00,15.6,15.85,15.27,15.36,0
2021-11-18 13:15:00,15.32,15.35,14.98,15.05,0
2021-11-18 14:15:00,15.05,15.18,14.67,15.0,0
2021-11-18 15:15:00,15.0,15.04,14.81,14.94,0
2021-11-22 09:15:00,14.86,16.17,13.56,15.49,0
2021-11-22 10:15:00,15.49,15.81,15.48,15.72,0
2021-11-22 11:15:00,15.72,16.75,15.61,16.75,0
2021-11-22 12:15:00,16.75,17.19,16.61,16.89,0
2021-11-22 13:15:00,16.89,17.25,16.86,17.02,0
2021-11-22 14:15:00,17.02,18.08,17.02,17.71,0
2021-11-22 15:15:00,17.71,17.75,17.37,17.47,0
2021-11-23 09:15:00,17.52,20.03,17.52,18.3,0
2021-11-23 10:15:00,18.3,18.71,17.52,17.6,0
2021-11-23 11:15:00,17.6,18.38,16.79,16.88,0
2021-11-23 12:15:00,16.9,18.8,16.9,18.11,0
2021-11-23 13:15:00,18.11,18.2,17.73,17.78,0
2021-11-23 14:15:00,17.78,18.32,17.64,18.04,0
2021-11-23 15:15:00,18.04,18.22,17.84,17.9,0
2021-11-24 09:15:00,18.02,18.02,15.58,16.82,0
2021-11-24 10:15:00,16.82,17.03,16.17,16.64,0
2021-11-24 11:15:00,16.64,16.99,16.07,16.72,0
2021-11-24 12:15:00,16.72,16.75,15.63,15.72,0
2021-11-24 13:15:00,15.72,16.5,15.67,16.49,0
2021-11-24 14:15:00,16.48,17.1,16.47,17.01,0
2021-11-24 15:15:00,17.0,17.45,16.95,17.42,0
2021-11-25 09:15:00,17.1,18.07,16.0,17.3,0
2021-11-25 10:15:00,17.3,17.47,16.37,16.42,0
2021-11-25 11:15:00,16.42,17.33,16.34,17.21,0
2021-11-25 12:15:00,17.2,17.46,16.74,17.35,0
2021-11-25 13:15:00,17.35,17.43,17.08,17.17,0
2021-11-25 14:15:00,17.17,17.21,16.58,16.94,0
2021-11-25 15:15:00,16.94,16.94,16.34,16.43,0
2021-11-26 09:15:00,16.66,18.45,16.05,17.87,0
2021-11-26 10:15:00,17.89,19.96,17.73,19.24,0
2021-11-26 11:15:00,19.23,19.78,18.66,19.62,0
2021-11-26 12:15:00,19.62,19.74,19.14,19.3,0
2021-11-26 13:15:00,19.3,20.49,19.24,19.71,0
2021-11-26 14:15:00,19.72,21.39,19.3,20.88,0
2021-11-26 15:15:00,20.87,21.26,20.66,21.25,0
2021-11-29 09:15:00,20.8,23.82,18.89,21.47,0
2021-11-29 10:15:00,21.47,22.32,21.25,21.48,0
2021-11-29 11:15:00,21.47,21.52,20.67,20.71,0
2021-11-29 12:15:00,20.7,21.06,20.51,20.97,0
2021-11-29 13:15:00,20.97,20.98,20.24,20.36,0
2021-11-29 14:15:00,20.36,21.08,20.3,20.87,0
2021-11-29 15:15:00,20.88,21.01,20.73,20.94,0
2021-11-30 09:15:00,20.83,20.83,19.01,19.18,0
2021-11-30 10:15:00,19.18,20.02,18.81,20.02,0
2021-11-30 11:15:00,20.02,21.97,20.01,20.88,0
2021-11-30 12:15:00,20.88,21.27,20.42,20.77,0
2021-11-30 13:15:00,20.79,20.89,20.28,20.61,0
2021-11-30 14:15:00,20.61,21.48,20.47,21.16,0
2021-11-30 15:15:00,21.16,21.34,21.05,21.12,0
2021-12-01 09:15:00,21.17,21.17,18.94,20.34,0
2021-12-01 10:15:00,20.34,20.42,19.88,19.92,0
2021-12-01 11:15:00,19.92,20.31,19.9,20.28,0
2021-12-01 12:15:00,20.28,20.33,19.97,20.18,0
2021-12-01 13:15:00,20.18,20.29,19.92,20.26,0
2021-12-01 14:15:00,20.26,20.39,19.38,19.39,0
2021-12-01 15:15:00,19.4,19.41,19.28,19.31,0
2021-12-02 09:15:00,19.45,22.97,18.99,19.4,0
2021-12-02 10:15:00,19.4,19.41,19.22,19.25,0
2021-12-02 11:15:00,19.25,19.4,19.1,19.39,0
2021-12-02 12:15:00,19.38,19.42,19.14,19.15,0
2021-12-02 13:15:00,19.15,19.23,18.87,18.92,0
2021-12-02 14:15:00,18.92,18.96,18.04,18.1,0
2021-12-02 15:15:00,18.1,18.17,18.0,18.17,0
2021-12-03 09:15:00,18.09,18.25,17.21,17.84,0
2021-12-03 10:15:00,17.85,18.01,17.53,17.57,0
2021-12-03 11:15:00,17.57,17.66,17.31,17.59,0
2021-12-03 12:15:00,17.59,18.07,17.56,18.05,0
2021-12-03 13:15:00,18.05,18.51,17.92,18.36,0
2021-12-03 14:15:00,18.36,18.83,18.21,18.49,0
2021-12-03 15:15:00,18.49,18.49,18.04,18.39,0
2021-12-06 09:15:00,18.46,18.46,18.46,18.46,0
2021-12-06 10:15:00,18.46,18.81,18.3,18.7,0
2021-12-06 11:15:00,18.7,19.35,18.7,19.09,0
2021-12-06 12:15:00,19.09,19.15,18.84,18.99,0
2021-12-06 13:15:00,18.99,19.43,18.86,19.43,0
2021-12-06 14:15:00,19.44,20.48,19.37,20.07,0
2021-12-06 15:15:00,20.07,20.27,19.96,20.25,0
2021-12-07 09:15:00,20.08,20.08,18.39,18.92,0
2021-12-07 10:15:00,18.92,18.97,18.6,18.6,0
2021-12-07 11:15:00,18.61,18.79,18.57,18.63,0
2021-12-07 12:15:00,18.63,18.85,18.6,18.67,0
2021-12-07 13:15:00,18.67,18.68,18.31,18.35,0
2021-12-07 14:15:00,18.35,18.63,18.24,18.45,0
2021-12-07 15:15:00,18.45,18.51,18.35,18.39,0
2021-12-08 09:15:00,18.46,18.46,16.57,17.66,0
2021-12-08 10:15:00,17.66,17.8,17.49,17.62,0
2021-12-08 11:15:00,17.62,17.65,17.48,17.51,0
2021-12-08 12:15:00,17.51,17.67,17.38,17.44,0
2021-12-08 13:15:00,17.44,17.46,17.13,17.13,0
2021-12-08 14:15:00,17.13,17.35,17.07,17.35,0
2021-12-08 15:15:00,17.35,17.46,17.21,17.28,0
2021-12-09 09:15:00,17.27,17.34,15.54,17.33,0
2021-12-09 10:15:00,17.33,17.44,17.08,17.25,0
2021-12-09 11:15:00,17.25,17.28,16.65,16.83,0
2021-12-09 12:15:00,16.82,17.07,16.65,16.68,0
2021-12-09 13:15:00,16.68,16.88,16.63,16.82,0
2021-12-09 14:15:00,16.82,16.92,16.6,16.61,0
2021-12-09 15:15:00,16.61,16.66,16.54,16.66,0
2021-12-10 09:15:00,16.6,16.93,15.21,16.67,0
2021-12-10 10:15:00,16.67,16.7,16.37,16.4,0
2021-12-10 11:15:00,16.4,16.47,16.13,16.19,0
2021-12-10 12:15:00,16.19,16.44,16.13,16.2,0
2021-12-10 13:15:00,16.2,16.32,16.02,16.17,0
2021-12-10 14:15:00,16.17,16.19,15.98,16.04,0
2021-12-10 15:15:00,16.04,16.17,16.02,16.07,0
2021-12-13 09:15:00,16.06,16.06,14.68,15.56,0
2021-12-13 10:15:00,15.56,15.88,15.52,15.86,0
2021-12-13 11:15:00,15.86,15.95,15.68,15.82,0
2021-12-13 12:15:00,15.82,16.83,15.75,16.64,0
2021-12-13 13:15:00,16.64,16.86,16.33,16.76,0
2021-12-13 14:15:00,16.76,16.8,16.34,16.56,0
2021-12-13 15:15:00,16.56,16.71,16.49,16.59,0
2021-12-14 09:15:00,16.57,17.21,13.94,17.0,0
2021-12-14 10:15:00,16.99,17.33,16.98,17.13,0
2021-12-14 11:15:00,17.12,17.31,16.88,16.97,0
2021-12-14 12:15:00,16.98,17.1,16.86,16.95,0
2021-12-14 13:15:00,16.95,17.22,16.88,17.06,0
2021-12-14 14:15:00,17.06,17.29,16.86,16.98,0
2021-12-14 15:15:00,16.98,17.03,16.92,17.0,0
2021-12-15 09:15:00,16.95,17.28,15.77,17.16,0
2021-12-15 10:15:00,17.16,17.71,17.16,17.41,0
2021-12-15 11:15:00,17.41,17.43,16.96,17.19,0
2021-12-15 12:15:00,17.19,17.41,17.04,17.07,0
2021-12-15 13:15:00,17.06,17.19,16.84,16.84,0
2021-12-15 14:15:00,16.85,17.28,16.84,17.22,0
2021-12-15 15:15:00,17.22,17.41,17.18,17.41,0
2021-12-16 09:15:00,17.22,17.22,15.26,16.55,0
2021-12-16 10:15:00,16.55,16.56,16.15,16.15,0
2021-12-16 11:15:00,16.16,16.52,16.13,16.41,0
2021-12-16 12:15:00,16.41,16.57,16.01,16.2,0
2021-12-16 13:15:00,16.2,16.25,16.0,16.07,0
2021-12-16 14:15:00,16.07,16.36,15.88,15.91,0
2021-12-16 15:15:00,15.91,15.91,15.71,15.75,0
2021-12-17 09:15:00,15.9,16.73,13.76,16.54,0
2021-12-17 10:15:00,16.54,16.91,16.48,16.71,0
2021-12-17 11:15:00,16.71,16.81,16.58,16.74,0
2021-12-17 12:15:00,16.73,16.78,16.31,16.35,0
2021-12-17 13:15:00,16.35,16.35,15.99,16.14,0
2021-12-17 14:15:00,16.13,16.46,16.13,16.29,0
2021-12-17 15:15:00,16.29,16.41,16.28,16.37,0
2021-12-20 09:15:00,16.34,18.49,16.34,18.46,0
2021-12-20 10:15:00,18.46,18.89,18.25,18.41,0
2021-12-20 11:15:00,18.41,18.8,18.3,18.76,0
2021-12-20 12:15:00,18.76,20.14,18.74,19.74,0
2021-12-20 13:15:00,19.74,19.74,19.13,19.35,0
2021-12-20 14:15:00,19.36,19.37,18.83,18.99,0
2021-12-20 15:15:00,18.99,19.08,18.8,19.0,0
2021-12-21 09:15:00,18.97,18.97,16.63,18.21,0
2021-12-21 10:15:00,18.21,18.22,17.89,17.93,0
2021-12-21 11:15:00,17.93,18.0,17.76,17.8,0
2021-12-21 12:15:00,17.8,17.84,17.43,17.45,0
2021-12-21 13:15:00,17.45,17.64,17.33,17.57,0
2021-12-21 14:15:00,17.57,17.99,17.35,17.5,0
2021-12-21 15:15:00,17.5,17.63,17.5,17.52,0
2021-12-22 09:15:00,17.54,17.54,15.69,17.04,0
2021-12-22 10:15:00,17.04,17.29,16.96,17.01,0
2021-12-22 11:15:00,17.01,17.08,16.91,17.04,0
2021-12-22 12:15:00,17.04,17.08,16.92,17.01,0
2021-12-22 13:15:00,17.01,17.04,16.78,16.8,0
2021-12-22 14:15:00,16.8,16.86,16.48,16.57,0
2021-12-22 15:15:00,16.57,16.75,16.48,16.7,0
2021-12-23 09:15:00,16.58,16.58,15.81,16.31,0
2021-12-23 10:15:00,16.31,16.36,16.18,16.24,0
2021-12-23 11:15:00,16.23,16.47,16.04,16.05,0
2021-12-23 12:15:00,16.05,16.12,15.97,16.0,0
2021-12-23 13:15:00,16.0,16.01,15.76,15.86,0
2021-12-23 14:15:00,15.86,15.92,15.68,15.81,0
2021-12-23 15:15:00,15.8,16.01,15.76,16.01,0
2021-12-24 09:15:00,15.83,16.65,15.33,16.2,0
2021-12-24 10:15:00,16.19,16.29,16.04,16.05,0
2021-12-24 11:15:00,16.05,16.32,16.04,16.11,0
2021-12-24 12:15:00,16.12,16.26,16.09,16.19,0
2021-12-24 13:15:00,16.2,16.24,15.89,15.91,0
2021-12-24 14:15:00,15.91,16.21,15.77,16.18,0
2021-12-24 15:15:00,16.18,16.27,16.11,16.18,0
2021-12-27 09:15:00,16.15,17.28,15.26,17.1,0
2021-12-27 10:15:00,17.1,17.18,16.94,17.08,0
2021-12-27 11:15:00,17.08,17.17,16.96,17.07,0
2021-12-27 12:15:00,17.07,17.19,16.92,17.08,0
2021-12-27 13:15:00,17.08,17.12,16.87,17.01,0
2021-12-27 14:15:00,17.01,17.2,16.92,17.17,0
2021-12-27 15:15:00,17.17,17.19,17.02,17.05,0
2021-12-28 09:15:00,17.12,17.12,15.21,16.89,0
2021-12-28 10:15:00,16.89,16.94,16.74,16.77,0
2021-12-28 11:15:00,16.77,16.83,16.69,16.7,0
2021-12-28 12:15:00,16.7,16.81,16.61,16.66,0
2021-12-28 13:15:00,16.66,16.67,16.52,16.57,0
2021-12-28 14:15:00,16.57,16.67,16.44,16.48,0
2021-12-28 15:15:00,16.47,16.49,16.35,16.4,0
2021-12-29 09:15:00,16.48,16.86,15.8,16.64,0
2021-12-29 10:15:00,16.64,16.73,16.54,16.62,0
2021-12-29 11:15:00,16.62,16.63,16.32,16.38,0
2021-12-29 12:15:00,16.38,16.47,16.24,16.27,0
2021-12-29 13:15:00,16.27,16.32,16.12,16.22,0
2021-12-29 14:15:00,16.22,16.26,16.15,16.24,0
2021-12-29 15:15:00,16.24,16.36,16.22,16.36,0
2021-12-30 09:15:00,16.24,16.79,15.29,16.43,0
2021-12-30 10:15:00,16.43,16.45,16.31,16.42,0
2021-12-30 11:15:00,16.43,16.43,16.27,16.34,0
2021-12-30 12:15:00,16.34,16.53,16.33,16.47,0
2021-12-30 13:15:00,16.47,16.55,16.39,16.48,0
2021-12-30 14:15:00,16.48,16.67,16.44,16.5,0
2021-12-30 15:15:00,16.5,16.63,16.45,16.46,0
2021-12-31 09:15:00,16.57,16.77,15.4,16.61,0
2021-12-31 10:15:00,16.61,16.66,16.41,16.44,0
2021-12-31 11:15:00,16.44,16.59,16.37,16.38,0
2021-12-31 12:15:00,16.38,16.48,16.36,16.47,0
2021-12-31 13:15:00,16.47,16.53,16.36,16.4,0
2021-12-31 14:15:00,16.4,16.45,16.2,16.2,0
2021-12-31 15:15:00,16.21,16.22,16.1,16.14,0
2022-01-03 09:15:00,16.22,16.81,15.45,16.37,0
2022-01-03 10:15:00,16.38,16.43,16.25,16.29,0
2022-01-03 11:15:00,16.29,16.37,16.26,16.34,0
2022-01-03 12:15:00,16.34,16.57,16.28,16.53,0
2022-01-03 13:15:00,16.53,16.59,16.39,16.49,0
2022-01-03 14:15:00,16.49,16.67,16.36,16.4,0
2022-01-03 15:15:00,16.4,16.53,16.38,16.43,0
2022-01-04 09:15:00,16.45,16.68,15.71,16.48,0
2022-01-04 10:15:00,16.48,16.59,16.43,16.46,0
2022-01-04 11:15:00,16.46,16.5,16.37,16.43,0
2022-01-04 12:15:00,16.43,16.45,16.32,16.41,0
2022-01-04 13:15:00,16.41,16.46,16.19,16.25,0
2022-01-04 14:15:00,16.25,16.27,16.1,16.12,0
2022-01-04 15:15:00,16.12,16.2,15.96,16.0,0
2022-01-05 09:15:00,16.12,16.65,15.09,16.56,0
2022-01-05 10:15:00,16.56,16.74,16.53,16.69,0
2022-01-05 11:15:00,16.69,16.86,16.59,16.83,0
2022-01-05 12:15:00,16.83,17.2,16.82,17.08,0
2022-01-05 13:15:00,17.08,17.37,17.01,17.31,0
2022-01-05 14:15:00,17.31,17.38,17.14,17.22,0
2022-01-05 15:15:00,17.22,17.29,17.14,17.2,0
2022-01-06 09:15:00,17.23,18.4,16.4,18.06,0
2022-01-06 10:15:00,18.06,18.39,18.0,18.34,0
2022-01-06 11:15:00,18.34,18.39,18.17,18.31,0
2022-01-06 12:15:00,18.32,18.42,18.04,18.04,0
2022-01-06 13:15:00,18.04,18.12,17.71,17.85,0
2022-01-06 14:15:00,17.84,18.09,17.56,18.08,0
2022-01-06 15:15:00,18.08,18.17,18.0,18.08,0
2022-01-07 09:15:00,17.98,18.09,16.86,17.49,0
2022-01-07 10:15:00,17.49,17.74,17.44,17.68,0
2022-01-07 11:15:00,17.68,17.89,17.54,17.8,0
2022-01-07 12:15:00,17.8,18.04,17.7,17.83,0
2022-01-07 13:15:00,17.83,17.97,17.57,17.79,0
2022-01-07 14:15:00,17.79,17.84,17.53,17.61,0
2022-01-07 15:15:00,17.62,17.68,17.55,17.55,0
2022-01-10 09:15:00,17.6,18.35,15.84,18.11,0
2022-01-10 10:15:00,18.11,18.39,17.93,17.95,0
2022-01-10 11:15:00,17.95,18.05,17.8,17.83,0
2022-01-10 12:15:00,17.82,17.92,17.79,17.85,0
2022-01-10 13:15:00,17.86,17.91,17.76,17.77,0
2022-01-10 14:15:00,17.76,17.87,17.68,17.69,0
2022-01-10 15:15:00,17.69,17.71,17.52,17.53,0
2022-01-11 09:15:00,17.68,18.25,16.58,18.02,0
2022-01-11 10:15:00,18.03,18.07,17.9,17.9,0
2022-01-11 11:15:00,17.9,17.93,17.8,17.87,0
2022-01-11 12:15:00,17.88,18.0,17.86,17.91,0
2022-01-11 13:15:00,17.91,17.96,17.8,17.84,0
2022-01-11 14:15:00,17.84,18.05,17.68,17.76,0
2022-01-11 15:15:00,17.76,17.8,17.68,17.74,0
2022-01-12 09:15:00,17.76,17.93,16.55,17.46,0
2022-01-12 10:15:00,17.46,17.53,17.31,17.36,0
2022-01-12 11:15:00,17.36,17.4,17.27,17.3,0
2022-01-12 12:15:00,17.3,17.32,17.21,17.26,0
2022-01-12 13:15:00,17.26,17.37,17.22,17.28,0
2022-01-12 14:15:00,17.27,17.33,17.16,17.19,0
2022-01-12 15:15:00,17.19,17.23,17.14,17.2,0
2022-01-13 09:15:00,17.18,17.53,16.77,16.97,0
2022-01-13 10:15:00,16.97,17.09,16.9,16.93,0
2022-01-13 11:15:00,16.93,16.95,16.75,16.78,0
2022-01-13 12:15:00,16.78,16.95,16.75,16.88,0
2022-01-13 13:15:00,16.88,16.92,16.74,16.79,0
2022-01-13 14:15:00,16.79,16.86,16.61,16.72,0
2022-01-13 15:15:00,16.71,16.76,16.61,16.69,0
2022-01-14 09:15:00,16.71,17.08,15.34,16.98,0
2022-01-14 10:15:00,16.98,17.1,16.85,17.02,0
2022-01-14 11:15:00,17.01,17.03,16.87,16.88,0
2022-01-14 12:15:00,16.88,16.98,16.79,16.81,0
2022-01-14 13:15:00,16.81,16.87,16.72,16.73,0
2022-01-14 14:15:00,16.74,16.81,16.53,16.55,0
2022-01-14 15:15:00,16.55,16.6,16.49,16.53,0
2022-01-17 09:15:00,16.56,17.55,16.27,17.14,0
2022-01-17 10:15:00,17.14,17.24,17.02,17.09,0
2022-01-17 11:15:00,17.09,17.14,17.0,17.03,0
2022-01-17 12:15:00,17.03,17.05,16.91,16.92,0
2022-01-17 13:15:00,16.92,16.98,16.8,16.87,0
2022-01-17 14:15:00,16.87,16.88,16.71,16.76,0
2022-01-17 15:15:00,16.76,16.8,16.74,16.77,0
2022-01-18 09:15:00,16.77,17.41,16.77,17.28,0
2022-01-18 10:15:00,17.28,17.47,17.17,17.21,0
2022-01-18 11:15:00,17.21,17.25,17.08,17.14,0
2022-01-18 12:15:00,17.14,17.21,16.99,17.04,0
2022-01-18 13:15:00,17.04,17.28,17.0,17.19,0
2022-01-18 14:15:00,17.19,17.87,17.16,17.74,0
2022-01-18 15:15:00,17.74,17.88,17.67,17.8,0
2022-01-19 09:15:00,17.78,18.24,15.94,17.86,0
2022-01-19 10:15:00,17.86,18.17,17.8,18.11,0
2022-01-19 11:15:00,18.11,18.24,17.91,18.13,0
2022-01-19 12:15:00,18.13,18.45,18.08,18.17,0
2022-01-19 13:15:00,18.17,18.31,18.05,18.1,0
2022-01-19 14:15:00,18.1,18.14,17.81,17.84,0
2022-01-19 15:15:00,17.84,17.84,17.71,17.8,0
2022-01-20 09:15:00,17.82,18.09,17.32,17.86,0
2022-01-20 10:15:00,17.86,17.86,17.68,17.76,0
2022-01-20 11:15:00,17.76,18.0,17.73,17.89,0
2022-01-20 12:15:00,17.89,17.92,17.69,17.83,0
2022-01-20 13:15:00,17.83,18.45,17.8,18.27,0
2022-01-20 14:15:00,18.27,18.38,17.69,17.7,0
2022-01-20 15:15:00,17.7,17.86,17.66,17.81,0
2022-01-21 09:15:00,17.79,19.61,16.98,18.87,0
2022-01-21 10:15:00,18.87,19.1,18.8,18.88,0
2022-01-21 11:15:00,18.88,18.95,18.7,18.72,0
2022-01-21 12:15:00,18.72,18.85,18.65,18.71,0
2022-01-21 13:15:00,18.71,18.92,18.61,18.8,0
2022-01-21 14:15:00,18.79,19.38,18.74,18.92,0
2022-01-21 15:15:00,18.92,19.07,18.77,19.07,0
2022-01-24 09:15:00,18.89,21.34,18.89,20.95,0
2022-01-24 10:15:00,20.95,21.31,20.94,21.11,0
2022-01-24 11:15:00,21.12,22.18,21.05,22.08,0
2022-01-24 12:15:00,22.08,22.87,21.84,21.84,0
2022-01-24 13:15:00,21.87,23.87,21.79,23.87,0
2022-01-24 14:15:00,23.86,23.89,22.52,22.63,0
2022-01-24 15:15:00,22.62,22.96,22.58,22.95,0
2022-01-25 09:15:00,22.83,24.14,21.92,22.81,0
2022-01-25 10:15:00,22.82,23.13,22.56,22.7,0
2022-01-25 11:15:00,22.7,23.42,22.44,22.64,0
2022-01-25 12:15:00,22.63,22.85,22.33,22.36,0
2022-01-25 13:15:00,22.36,22.42,21.59,21.8,0
2022-01-25 14:15:00,21.81,21.9,21.28,21.3,0
2022-01-25 15:15:00,21.29,21.59,21.18,21.54,0
2022-01-27 09:15:00,21.36,23.87,21.36,22.84,0
2022-01-27 10:15:00,22.82,23.13,22.63,22.91,0
2022-01-27 11:15:00,22.91,23.33,22.86,23.32,0
2022-01-27 12:15:00,23.31,23.36,22.11,22.11,0
2022-01-27 13:15:00,22.1,22.26,20.77,20.89,0
2022-01-27 14:15:00,20.89,21.46,20.44,21.04,0
2022-01-27 15:15:00,21.02,21.17,20.9,21.13,0
2022-01-28 09:15:00,21.07,21.32,20.28,20.82,0
2022-01-28 10:15:00,20.82,20.83,20.51,20.62,0
2022-01-28 11:15:00,20.61,20.99,20.59,20.94,0
2022-01-28 12:15:00,20.94,20.97,20.6,20.7,0
2022-01-28 13:15:00,20.7,20.86,20.69,20.81,0
2022-01-28 14:15:00,20.81,20.82,20.64,20.69,0
2022-01-28 15:15:00,20.69,20.76,20.68,20.73,0
2022-01-31 09:15:00,20.7,22.0,20.7,21.65,0
2022-01-31 10:15:00,21.66,22.03,21.64,21.7,0
2022-01-31 11:15:00,21.69,22.06,21.65,22.03,0
2022-01-31 12:15:00,22.03,22.08,21.85,21.96,0
2022-01-31 13:15:00,21.96,22.11,21.85,21.87,0
2022-01-31 14:15:00,21.86,21.98,21.81,21.93,0
2022-01-31 15:15:00,21.94,22.05,21.91,21.99,0
2022-02-01 09:15:00,21.95,22.07,20.8,22.01,0
2022-02-01 10:15:00,22.02,22.03,21.5,21.64,0
2022-02-01 11:15:00,21.64,21.68,21.26,21.32,0
2022-02-01 12:15:00,21.33,21.35,19.75,20.55,0
2022-02-01 13:15:00,20.57,20.67,19.96,20.08,0
2022-02-01 14:15:00,20.11,20.2,19.86,19.98,0
2022-02-01 15:15:00,19.98,19.99,19.84,19.94,0
2022-02-02 09:15:00,19.98,19.98,18.57,19.22,0
2022-02-02 10:15:00,19.22,19.24,18.92,18.96,0
2022-02-02 11:15:00,18.96,18.98,18.75,18.8,0
2022-02-02 12:15:00,18.8,18.81,18.67,18.73,0
2022-02-02 13:15:00,18.74,18.75,18.6,18.63,0
2022-02-02 14:15:00,18.63,18.68,18.55,18.67,0
2022-02-02 15:15:00,18.67,18.68,18.61,18.62,0
2022-02-03 09:15:00,18.65,18.69,17.41,18.48,0
2022-02-03 10:15:00,18.47,18.54,18.37,18.47,0
2022-02-03 11:15:00,18.47,18.65,18.34,18.65,0
2022-02-03 12:15:00,18.66,18.7,18.36,18.5,0
2022-02-03 13:15:00,18.5,19.02,18.46,18.68,0
2022-02-03 14:15:00,18.69,19.24,18.57,19.2,0
2022-02-03 15:15:00,19.2,19.6,19.2,19.56,0
2022-02-04 09:15:00,19.16,19.78,18.66,19.19,0
2022-02-04 10:15:00,19.19,19.21,18.79,18.83,0
2022-02-04 11:15:00,18.83,19.1,18.75,19.01,0
2022-02-04 12:15:00,19.0,19.24,18.82,19.14,0
2022-02-04 13:15:00,19.14,19.14,18.71,18.8,0
2022-02-04 14:15:00,18.8,19.04,18.6,18.86,0
2022-02-04 15:15:00,18.85,19.01,18.85,18.97,0
2022-02-07 09:15:00,18.9,19.91,18.18,19.54,0
2022-02-07 10:15:00,19.54,19.62,19.38,19.61,0
2022-02-07 11:15:00,19.6,20.04,19.6,20.03,0
2022-02-07 12:15:00,20.03,20.14,19.69,20.01,0
2022-02-07 13:15:00,20.01,21.08,19.95,20.56,0
2022-02-07 14:15:00,20.56,20.88,20.31,20.42,0
2022-02-07 15:15:00,20.41,20.56,20.38,20.48,0
2022-02-08 09:15:00,20.44,20.53,19.71,20.03,0
2022-02-08 10:15:00,20.03,20.48,20.01,20.46,0
2022-02-08 11:15:00,20.44,20.94,19.99,20.1,0
2022-02-08 12:15:00,20.11,20.38,19.74,20.35,0
2022-02-08 13:15:00,20.35,20.42,19.88,20.08,0
2022-02-08 14:15:00,20.08,20.24,19.56,19.71,0
2022-02-08 15:15:00,19.72,19.79,19.6,19.75,0
2022-02-09 09:15:00,19.69,19.69,17.89,19.1,0
2022-02-09 10:15:00,19.1,19.16,18.91,18.92,0
2022-02-09 11:15:00,18.92,19.09,18.85,18.96,0
2022-02-09 12:15:00,18.96,19.12,18.93,19.06,0
2022-02-09 13:15:00,19.06,19.08,18.87,18.91,0
2022-02-09 14:15:00,18.9,18.93,18.48,18.54,0
2022-02-09 15:15:00,18.53,18.56,18.46,18.52,0
2022-02-10 09:15:00,18.56,18.93,16.8,18.43,0
2022-02-10 10:15:00,18.43,18.58,18.28,18.33,0
2022-02-10 11:15:00,18.34,18.36,18.07,18.14,0
2022-02-10 12:15:00,18.15,18.29,17.9,17.99,0
2022-02-10 13:15:00,17.98,18.04,17.86,17.87,0
2022-02-10 14:15:00,17.87,17.94,17.63,17.7,0
2022-02-10 15:15:00,17.7,17.85,17.67,17.83,0
2022-02-11 09:15:00,17.71,19.43,16.86,19.37,0
2022-02-11 10:15:00,19.37,19.53,19.04,19.27,0
2022-02-11 11:15:00,19.27,19.32,18.93,18.98,0
2022-02-11 12:15:00,18.98,19.0,18.57,18.63,0
2022-02-11 13:15:00,18.63,18.77,18.41,18.67,0
2022-02-11 14:15:00,18.67,18.79,18.55,18.64,0
2022-02-11 15:15:00,18.65,18.83,18.64,18.83,0
2022-02-14 09:15:00,18.68,22.72,18.68,21.75,0
2022-02-14 10:15:00,21.75,21.92,21.12,21.55,0
2022-02-14 11:15:00,21.55,21.83,21.4,21.53,0
2022-02-14 12:15:00,21.53,21.92,21.32,21.37,0
2022-02-14 13:15:00,21.37,22.36,21.16,22.32,0
2022-02-14 14:15:00,22.32,23.01,22.09,23.01,0
2022-02-14 15:15:00,22.99,23.54,22.96,23.54,0
2022-02-15 09:15:00,22.98,23.14,21.99,22.72,0
2022-02-15 10:15:00,22.71,22.72,22.03,22.04,0
2022-02-15 11:15:00,22.04,22.08,21.63,21.69,0
2022-02-15 12:15:00,21.69,22.0,21.63,21.74,0
2022-02-15 13:15:00,21.73,21.78,21.0,21.56,0
2022-02-15 14:15:00,21.56,21.56,20.44,20.59,0
2022-02-15 15:15:00,20.58,20.63,20.45,20.57,0
2022-02-16 09:15:00,20.61,20.61,19.35,20.36,0
2022-02-16 10:15:00,20.36,20.81,20.22,20.76,0
2022-02-16 11:15:00,20.75,20.76,20.41,20.51,0
2022-02-16 12:15:00,20.51,20.51,20.05,20.06,0
2022-02-16 13:15:00,20.06,20.14,19.63,19.85,0
2022-02-16 14:15:00,19.84,21.02,19.69,20.52,0
2022-02-16 15:15:00,20.52,20.97,20.52,20.97,0
2022-02-17 09:15:00,20.59,21.89,19.46,21.85,0
2022-02-17 10:15:00,21.86,22.37,21.18,21.27,0
2022-02-17 11:15:00,21.27,21.45,21.09,21.14,0
2022-02-17 12:15:00,21.14,21.23,20.87,21.0,0
2022-02-17 13:15:00,21.01,21.35,20.85,21.34,0
2022-02-17 14:15:00,21.34,22.11,21.25,22.1,0
2022-02-17 15:15:00,22.09,22.32,22.04,22.3,0
2022-02-18 09:15:00,22.01,23.21,22.01,22.32,0
2022-02-18 10:15:00,22.32,22.43,22.03,22.05,0
2022-02-18 11:15:00,22.05,22.21,21.89,21.89,0
2022-02-18 12:15:00,21.89,21.96,21.64,21.73,0
2022-02-18 13:15:00,21.73,22.01,21.72,21.98,0
2022-02-18 14:15:00,21.97,22.47,21.95,22.19,0
2022-02-18 15:15:00,22.19,22.24,22.01,22.24,0
2022-02-21 09:15:00,22.17,23.76,20.57,23.03,0
2022-02-21 10:15:00,23.03,23.18,22.37,22.42,0
2022-02-21 11:15:00,22.41,22.47,22.17,22.44,0
2022-02-21 12:15:00,22.44,22.62,22.39,22.39,0
2022-02-21 13:15:00,22.39,22.97,22.34,22.94,0
2022-02-21 14:15:00,22.94,23.11,22.62,22.99,0
2022-02-21 15:15:00,22.98,23.0,22.71,22.75,0
2022-02-22 09:15:00,22.9,27.71,22.9,27.37,0
2022-02-22 10:15:00,27.36,27.37,26.68,26.84,0
2022-02-22 11:15:00,26.86,27.04,26.43,27.03,0
2022-02-22 12:15:00,27.04,27.63,26.95,27.6,0
2022-02-22 13:15:00,27.59,27.82,26.4,26.41,0
2022-02-22 14:15:00,26.41,26.85,26.07,26.84,0
2022-02-22 15:15:00,26.83,26.83,26.4,26.51,0
2022-02-23 09:15:00,26.66,26.66,24.16,25.26,0
2022-02-23 10:15:00,25.27,25.62,25.02,25.06,0
2022-02-23 11:15:00,25.06,25.08,24.62,24.64,0
2022-02-23 12:15:00,24.64,24.84,24.54,24.58,0
2022-02-23 13:15:00,24.58,24.64,24.12,24.19,0
2022-02-23 14:15:00,24.19,24.59,23.91,24.52,0
2022-02-23 15:15:00,24.52,24.96,24.51,24.95,0
2022-02-24 09:15:00,24.54,33.97,24.54,31.73,0
2022-02-24 10:15:00,31.72,31.73,30.45,30.67,0
2022-02-24 11:15:00,30.69,30.7,29.25,30.19,0
2022-02-24 12:15:00,30.19,32.42,30.17,30.85,0
2022-02-24 13:15:00,30.85,31.55,29.91,30.2,0
2022-02-24 14:15:00,30.19,32.22,29.92,31.96,0
2022-02-24 15:15:00,31.96,32.75,31.86,32.75,0
2022-02-25 09:15:00,31.98,31.98,26.21,26.59,0
2022-02-25 10:15:00,26.59,26.59,26.16,26.42,0
2022-02-25 11:15:00,26.41,26.71,26.3,26.4,0
2022-02-25 12:15:00,26.39,26.62,26.15,26.3,0
2022-02-25 13:15:00,26.3,26.54,26.17,26.44,0
2022-02-25 14:15:00,26.44,26.94,26.3,26.64,0
2022-02-25 15:15:00,26.64,26.86,26.63,26.81,0
2022-02-28 09:15:00,26.74,29.79,26.74,28.88,0
2022-02-28 10:15:00,28.88,28.97,28.12,28.63,0
2022-02-28 11:15:00,28.64,28.89,28.31,28.51,0
2022-02-28 12:15:00,28.51,28.85,28.19,28.48,0
2022-02-28 13:15:00,28.48,29.06,28.41,29.03,0
2022-02-28 14:15:00,29.03,29.04,28.39,28.53,0
2022-02-28 15:15:00,28.53,28.6,28.41,28.6,0
2022-03-02 09:15:00,28.57,30.63,28.57,30.08,0
2022-03-02 10:15:00,30.08,30.27,29.58,30.07,0
2022-03-02 11:15:00,30.07,30.33,29.73,30.21,0
2022-03-02 12:15:00,30.22,30.84,29.5,30.03,0
2022-03-02 13:15:00,30.03,30.26,29.59,29.97,0
2022-03-02 14:15:00,29.97,30.36,29.12,29.27,0
2022-03-02 15:15:00,29.27,29.31,28.91,29.15,0
2022-03-03 09:15:00,29.23,29.23,27.31,27.86,0
2022-03-03 10:15:00,27.86,28.05,27.58,27.61,0
2022-03-03 11:15:00,27.61,27.72,27.22,27.29,0
2022-03-03 12:15:00,27.3,28.63,27.3,28.61,0
2022-03-03 13:15:00,28.61,28.87,28.0,28.68,0
2022-03-03 14:15:00,28.69,28.71,27.78,27.82,0
2022-03-03 15:15:00,27.82,28.15,27.73,28.04,0
2022-03-04 09:15:00,28.16,29.93,28.16,29.46,0
2022-03-04 10:15:00,29.45,29.5,28.71,28.79,0
2022-03-04 11:15:00,28.8,28.81,28.15,28.27,0
2022-03-04 12:15:00,28.27,28.39,27.36,27.67,0
2022-03-04 13:15:00,27.67,27.82,27.22,27.69,0
2022-03-04 14:15:00,27.69,28.08,27.44,28.03,0
2022-03-04 15:15:00,28.03,28.15,27.76,27.94,0
2022-03-07 09:15:00,27.96,30.09,27.96,28.79,0
2022-03-07 10:15:00,28.79,29.45,28.6,29.14,0
2022-03-07 11:15:00,29.14,29.29,29.0,29.21,0
2022-03-07 12:15:00,29.22,29.46,28.82,28.82,0
2022-03-07 13:15:00,28.82,29.96,28.7,29.83,0
2022-03-07 14:15:00,29.83,30.28,29.22,29.31,0
2022-03-07 15:15:00,29.32,29.32,29.0,29.2,0
2022-03-08 09:15:00,29.33,29.33,27.11,29.23,0
2022-03-08 10:15:00,29.23,29.27,28.68,28.75,0
2022-03-08 11:15:00,28.75,29.04,28.72,29.0,0
2022-03-08 12:15:00,29.0,30.06,28.95,29.95,0
2022-03-08 13:15:00,29.95,29.95,28.87,29.26,0
2022-03-08 14:15:00,29.27,29.47,28.55,28.59,0
2022-03-08 15:15:00,28.57,28.69,28.4,28.63,0
2022-03-09 09:15:00,28.59,28.59,27.59,27.83,0
2022-03-09 10:15:00,27.83,28.03,27.54,27.58,0
2022-03-09 11:15:00,27.58,27.8,27.46,27.75,0
2022-03-09 12:15:00,27.75,28.01,27.75,28.0,0
2022-03-09 13:15:00,28.0,28.04,27.38,27.49,0
2022-03-09 14:15:00,27.49,27.53,27.38,27.51,0
2022-03-09 15:15:00,27.51,27.51,27.31,27.31,0
2022-03-10 09:15:00,27.47,27.47,22.96,24.19,0
2022-03-10 10:15:00,24.2,24.47,24.08,24.33,0
2022-03-10 11:15:00,24.32,24.71,24.28,24.7,0
2022-03-10 12:15:00,24.7,25.68,24.67,25.47,0
2022-03-10 13:15:00,25.47,26.79,25.17,26.24,0
2022-03-10 14:15:00,26.24,26.55,25.28,25.49,0
2022-03-10 15:15:00,25.48,25.93,25.34,25.93,0
2022-03-11 09:15:00,25.58,25.87,24.58,25.36,0
2022-03-11 10:15:00,25.35,25.84,25.35,25.55,0
2022-03-11 11:15:00,25.55,25.67,25.3,25.4,0
2022-03-11 12:15:00,25.39,25.49,25.27,25.35,0
2022-03-11 13:15:00,25.34,25.66,25.27,25.66,0
2022-03-11 14:15:00,25.66,25.71,25.27,25.36,0
2022-03-11 15:15:00,25.36,25.45,25.16,25.28,0
2022-03-14 09:15:00,25.35,26.21,25.09,25.91,0
2022-03-14 10:15:00,25.91,26.04,25.77,25.78,0
2022-03-14 11:15:00,25.78,26.01,25.73,25.99,0
2022-03-14 12:15:00,25.99,26.07,25.86,26.0,0
2022-03-14 13:15:00,26.0,26.04,25.76,25.81,0
2022-03-14 14:15:00,25.81,26.07,25.66,25.66,0
2022-03-14 15:15:00,25.66,25.68,25.45,25.51,0
2022-03-15 09:15:00,25.68,26.25,23.66,25.98,0
2022-03-15 10:15:00,25.98,26.15,25.79,26.07,0
2022-03-15 11:15:00,26.07,26.26,25.9,25.99,0
2022-03-15 12:15:00,25.99,26.78,25.97,26.77,0
2022-03-15 13:15:00,26.76,26.88,26.51,26.68,0
2022-03-15 14:15:00,26.68,27.54,26.51,26.75,0
2022-03-15 15:15:00,26.74,26.86,26.7,26.75,0
2022-03-16 09:15:00,26.73,26.73,24.27,25.37,0
2022-03-16 10:15:00,25.37,25.43,24.99,25.01,0
2022-03-16 11:15:00,25.01,25.07,24.7,24.72,0
2022-03-16 12:15:00,24.72,24.91,24.55,24.89,0
2022-03-16 13:15:00,24.89,24.91,24.6,24.67,0
2022-03-16 14:15:00,24.67,24.69,24.01,24.09,0
2022-03-16 15:15:00,24.09,24.21,24.09,24.15,0
2022-03-17 09:15:00,24.12,24.12,20.77,22.19,0
2022-03-17 10:15:00,22.19,22.47,22.19,22.23,0
2022-03-17 11:15:00,22.23,22.3,22.11,22.16,0
2022-03-17 12:15:00,22.16,22.36,22.12,22.35,0
2022-03-17 13:15:00,22.35,22.45,22.21,22.3,0
2022-03-17 14:15:00,22.3,22.65,22.23,22.64,0
2022-03-17 15:15:00,22.64,22.76,22.55,22.66,0
2022-03-21 09:15:00,22.61,24.11,22.61,23.98,0
2022-03-21 10:15:00,23.98,24.0,23.69,23.76,0
2022-03-21 11:15:00,23.75,24.11,23.74,24.03,0
2022-03-21 12:15:00,24.04,24.49,23.99,24.43,0
2022-03-21 13:15:00,24.43,24.5,24.22,24.32,0
2022-03-21 14:15:00,24.32,24.71,24.3,24.59,0
2022-03-21 15:15:00,24.59,24.68,24.55,24.6,0
2022-03-22 09:15:00,24.62,25.01,24.08,24.97,0
2022-03-22 10:15:00,24.97,25.16,24.86,24.93,0
2022-03-22 11:15:00,24.92,25.07,24.88,25.0,0
2022-03-22 12:15:00,25.0,25.01,24.15,24.16,0
2022-03-22 13:15:00,24.17,24.2,23.76,23.99,0
2022-03-22 14:15:00,23.98,24.27,23.91,24.01,0
2022-03-22 15:15:00,24.01,24.02,23.8,23.8,0
2022-03-23 09:15:00,24.07,24.15,20.46,24.08,0
2022-03-23 10:15:00,24.07,24.41,24.01,24.29,0
2022-03-23 11:15:00,24.29,24.62,24.17,24.46,0
2022-03-23 12:15:00,24.46,24.94,24.28,24.63,0
2022-03-23 13:15:00,24.63,24.98,24.43,24.64,0
2022-03-23 14:15:00,24.65,24.76,24.38,24.68,0
2022-03-23 15:15:00,24.68,24.89,24.64,24.88,0
2022-03-24 09:15:00,24.75,25.53,24.43,24.45,0
2022-03-24 10:15:00,24.45,24.65,24.31,24.32,0
2022-03-24 11:15:00,24.31,24.62,24.1,24.56,0
2022-03-24 12:15:00,24.56,24.77,24.44,24.63,0
2022-03-24 13:15:00,24.63,24.67,23.9,23.93,0
2022-03-24 14:15:00,23.93,24.08,23.81,23.94,0
2022-03-24 15:15:00,23.95,24.04,23.83,24.04,0
2022-03-25 09:15:00,23.93,24.27,22.91,23.85,0
2022-03-25 10:15:00,23.85,23.98,23.79,23.84,0
2022-03-25 11:15:00,23.85,24.11,23.7,24.1,0
2022-03-25 12:15:00,24.1,24.15,23.8,23.9,0
2022-03-25 13:15:00,23.9,24.06,23.8,23.95,0
2022-03-25 14:15:00,23.94,23.95,23.52,23.54,0
2022-03-25 15:15:00,23.53,23.56,23.07,23.17,0
2022-03-28 09:15:00,23.43,24.21,19.59,23.84,0
2022-03-28 10:15:00,23.84,24.05,23.8,23.89,0
2022-03-28 11:15:00,23.88,24.0,23.72,23.74,0
2022-03-28 12:15:00,23.74,23.76,23.18,23.2,0
2022-03-28 13:15:00,23.2,23.49,22.97,23.08,0
2022-03-28 14:15:00,23.08,23.1,22.54,22.67,0
2022-03-28 15:15:00,22.66,22.68,22.42,22.43,0
2022-03-29 09:15:00,22.61,22.61,21.68,21.91,0
2022-03-29 10:15:00,21.91,22.03,21.84,21.88,0
2022-03-29 11:15:00,21.88,21.9,21.7,21.8,0
2022-03-29 12:15:00,21.8,21.85,21.48,21.66,0
2022-03-29 13:15:00,21.67,21.82,21.43,21.51,0
2022-03-29 14:15:00,21.51,21.59,21.3,21.33,0
2022-03-29 15:15:00,21.33,21.35,21.1,21.11,0
2022-03-30 09:15:00,21.3,21.3,19.73,20.35,0
2022-03-30 10:15:00,20.36,20.36,20.21,20.22,0
2022-03-30 11:15:00,20.22,20.35,20.15,20.32,0
2022-03-30 12:15:00,20.32,20.56,20.3,20.47,0
2022-03-30 13:15:00,20.46,20.82,20.36,20.76,0
2022-03-30 14:15:00,20.76,20.86,20.54,20.59,0
2022-03-30 15:15:00,20.59,20.78,20.57,20.78,0
2022-03-31 09:15:00,20.61,20.94,20.21,20.49,0
2022-03-31 10:15:00,20.49,20.6,20.4,20.53,0
2022-03-31 11:15:00,20.53,20.79,20.5,20.67,0
2022-03-31 12:15:00,20.67,20.69,20.46,20.5,0
2022-03-31 13:15:00,20.51,20.7,20.49,20.7,0
2022-03-31 14:15:00,20.7,20.86,20.48,20.55,0
2022-03-31 15:15:00,20.55,20.6,20.49,20.53,0
2022-04-01 09:15:00,20.56,20.86,19.79,19.84,0
2022-04-01 10:15:00,19.84,19.94,19.69,19.75,0
2022-04-01 11:15:00,19.75,19.88,19.72,19.79,0
2022-04-01 12:15:00,19.81,19.88,19.62,19.62,0
2022-04-01 13:15:00,19.64,19.64,19.11,19.13,0
2022-04-01 14:15:00,19.12,19.13,18.41,18.41,0
2022-04-01 15:15:00,18.41,18.46,18.14,18.15,0
2022-04-04 09:15:00,18.44,18.83,17.59,18.27,0
2022-04-04 10:15:00,18.28,18.65,18.04,18.11,0
2022-04-04 11:15:00,18.12,18.25,17.94,18.0,0
2022-04-04 12:15:00,18.01,18.25,17.84,18.25,0
2022-04-04 13:15:00,18.25,18.33,18.07,18.18,0
2022-04-04 14:15:00,18.18,18.19,17.86,17.91,0
2022-04-04 15:15:00,17.91,17.95,17.85,17.9,0
2022-04-05 09:15:00,17.91,18.53,16.79,18.36,0
2022-04-05 10:15:00,18.36,18.52,18.16,18.21,0
2022-04-05 11:15:00,18.21,18.34,18.19,18.27,0
2022-04-05 12:15:00,18.28,18.44,18.13,18.19,0
2022-04-05 13:15:00,18.18,18.42,18.03,18.37,0
2022-04-05 14:15:00,18.36,18.56,18.21,18.56,0
2022-04-05 15:15:00,18.56,18.63,18.45,18.57,0
2022-04-06 09:15:00,18.49,19.28,16.81,19.05,0
2022-04-06 10:15:00,19.05,19.23,18.94,19.14,0
2022-04-06 11:15:00,19.14,19.16,18.78,18.84,0
2022-04-06 12:15:00,18.84,19.04,18.67,18.94,0
2022-04-06 13:15:00,18.94,19.21,18.85,19.15,0
2022-04-06 14:15:00,19.15,19.15,18.78,18.96,0
2022-04-06 15:15:00,18.96,19.17,18.96,19.15,0
2022-04-07 09:15:00,19.02,19.49,17.72,18.97,0
2022-04-07 10:15:00,18.97,19.13,18.9,19.01,0
2022-04-07 11:15:00,19.01,19.03,18.71,18.8,0
2022-04-07 12:15:00,18.81,18.86,18.58,18.62,0
2022-04-07 13:15:00,18.62,19.16,18.62,19.1,0
2022-04-07 14:15:00,19.1,19.23,18.91,19.02,0
2022-04-07 15:15:00,19.01,19.04,18.89,18.89,0
2022-04-08 09:15:00,19.0,20.09,18.23,18.62,0
2022-04-08 10:15:00,18.62,18.92,18.36,18.49,0
2022-04-08 11:15:00,18.49,18.56,18.13,18.22,0
2022-04-08 12:15:00,18.21,18.21,17.84,17.9,0
2022-04-08 13:15:00,17.9,17.95,17.56,17.58,0
2022-04-08 14:15:00,17.57,17.79,17.53,17.68,0
2022-04-08 15:15:00,17.68,17.84,17.58,17.72,0
2022-04-11 09:15:00,17.69,19.15,16.64,18.91,0
2022-04-11 10:15:00,18.9,18.92,18.75,18.77,0
2022-04-11 11:15:00,18.77,18.79,18.52,18.54,0
2022-04-11 12:15:00,18.54,18.66,18.38,18.41,0
2022-04-11 13:15:00,18.41,18.44,18.16,18.24,0
2022-04-11 14:15:00,18.24,18.54,18.19,18.27,0
2022-04-11 15:15:00,18.27,18.3,18.1,18.15,0
2022-04-12 09:15:00,18.27,18.67,15.09,18.37,0
2022-04-12 10:15:00,18.36,18.53,18.22,18.28,0
2022-04-12 11:15:00,18.28,18.35,17.99,18.02,0
2022-04-12 12:15:00,18.02,18.22,17.99,18.21,0
2022-04-12 13:15:00,18.21,18.55,18.14,18.29,0
2022-04-12 14:15:00,18.29,18.3,18.1,18.16,0
2022-04-12 15:15:00,18.16,18.25,18.08,18.23,0
2022-04-13 09:15:00,18.16,18.16,16.19,17.47,0
2022-04-13 10:15:00,17.47,17.67,17.39,17.62,0
2022-04-13 11:15:00,17.62,18.15,17.51,18.15,0
2022-04-13 12:15:00,18.16,18.4,18.11,18.12,0
2022-04-13 13:15:00,18.12,18.22,17.79,17.81,0
2022-04-13 14:15:00,17.81,17.87,17.54,17.81,0
2022-04-13 15:15:00,17.8,17.96,17.73,17.96,0
2022-04-18 09:15:00,17.79,20.48,17.79,19.88,0
2022-04-18 10:15:00,19.88,20.01,19.71,19.93,0
2022-04-18 11:15:00,19.93,19.94,19.44,19.7,0
2022-04-18 12:15:00,19.7,20.13,19.64,19.88,0
2022-04-18 13:15:00,19.88,19.94,19.55,19.58,0
2022-04-18 14:15:00,19.55,19.61,19.29,19.29,0
2022-04-18 15:15:00,19.27,19.3,19.16,19.2,0
2022-04-19 09:15:00,19.34,19.35,14.63,18.84,0
2022-04-19 10:15:00,18.85,18.92,18.69,18.71,0
2022-04-19 11:15:00,18.71,18.73,18.46,18.46,0
2022-04-19 12:15:00,18.46,18.71,18.36,18.66,0
2022-04-19 13:15:00,18.66,18.66,18.12,18.23,0
2022-04-19 14:15:00,18.23,20.81,18.16,19.43,0
2022-04-19 15:15:00,19.44,20.77,19.2,20.53,0
2022-04-20 09:15:00,19.78,20.27,17.84,18.94,0
2022-04-20 10:15:00,18.94,19.07,18.81,18.86,0
2022-04-20 11:15:00,18.86,19.1,18.77,18.79,0
2022-04-20 12:15:00,18.79,18.88,18.62,18.86,0
2022-04-20 13:15:00,18.87,19.25,18.78,19.03,0
2022-04-20 14:15:00,19.04,19.22,18.63,18.66,0
2022-04-20 15:15:00,18.66,18.68,18.56,18.61,0
2022-04-21 09:15:00,18.67,18.67,13.35,17.97,0
2022-04-21 10:15:00,17.96,18.27,17.84,18.26,0
2022-04-21 11:15:00,18.26,18.29,18.05,18.08,0
2022-04-21 12:15:00,18.09,18.11,17.83,17.89,0
2022-04-21 13:15:00,17.89,18.05,17.87,17.91,0
2022-04-21 14:15:00,17.91,17.91,17.74,17.82,0
2022-04-21 15:15:00,17.81,18.0,17.8,17.97,0
2022-04-22 09:15:00,17.85,18.76,17.81,18.4,0
2022-04-22 10:15:00,18.39,18.41,18.02,18.03,0
2022-04-22 11:15:00,18.03,18.18,18.02,18.13,0
2022-04-22 12:15:00,18.13,18.18,18.02,18.07,0
2022-04-22 13:15:00,18.07,18.37,17.97,18.25,0
2022-04-22 14:15:00,18.26,18.57,18.16,18.47,0
2022-04-22 15:15:00,18.46,18.46,18.24,18.31,0
2022-04-25 09:15:00,18.35,20.38,18.35,20.04,0
2022-04-25 10:15:00,20.05,20.42,20.02,20.31,0
2022-04-25 11:15:00,20.31,20.65,20.25,20.65,0
2022-04-25 12:15:00,20.64,21.51,20.64,20.99,0
2022-04-25 13:15:00,20.99,21.26,20.8,21.21,0
2022-04-25 14:15:00,21.21,21.76,21.17,21.3,0
2022-04-25 15:15:00,21.3,21.4,21.0,21.06,0
2022-04-26 09:15:00,21.26,21.26,19.49,19.54,0
2022-04-26 10:15:00,19.54,19.65,19.49,19.63,0
2022-04-26 11:15:00,19.62,19.64,19.3,19.34,0
2022-04-26 12:15:00,19.34,19.91,19.23,19.78,0
2022-04-26 13:15:00,19.78,19.79,19.35,19.54,0
2022-04-26 14:15:00,19.54,19.6,19.07,19.13,0
2022-04-26 15:15:00,19.13,19.24,19.01,19.24,0
2022-04-27 09:15:00,19.19,20.58,19.19,20.45,0
2022-04-27 10:15:00,20.45,20.79,20.33,20.34,0
2022-04-27 11:15:00,20.34,20.62,20.33,20.58,0
2022-04-27 12:15:00,20.57,21.37,20.48,21.13,0
2022-04-27 13:15:00,21.14,21.15,20.36,20.5,0
2022-04-27 14:15:00,20.51,20.82,20.23,20.66,0
2022-04-27 15:15:00,20.65,20.72,20.5,20.67,0
2022-04-28 09:15:00,20.61,20.61,19.34,20.3,0
2022-04-28 10:15:00,20.3,20.46,20.2,20.23,0
2022-04-28 11:15:00,20.22,20.25,19.74,19.78,0
2022-04-28 12:15:00,19.78,19.79,19.46,19.52,0
2022-04-28 13:15:00,19.52,19.67,19.02,19.12,0
2022-04-28 14:15:00,19.12,19.51,19.1,19.44,0
2022-04-28 15:15:00,19.42,19.55,19.31,19.41,0
2022-04-29 09:15:00,19.38,19.38,18.67,19.15,0
2022-04-29 10:15:00,19.15,19.21,18.61,18.63,0
2022-04-29 11:15:00,18.63,18.63,18.4,18.45,0
2022-04-29 12:15:00,18.45,18.55,18.21,18.27,0
2022-04-29 13:15:00,18.27,18.68,18.22,18.6,0
2022-04-29 14:15:00,18.61,19.65,18.58,19.54,0
2022-04-29 15:15:00,19.54,19.63,19.38,19.38,0
2022-05-02 09:15:00,19.42,21.06,19.42,20.93,0
2022-05-02 10:15:00,20.92,20.97,20.73,20.85,0
2022-05-02 11:15:00,20.85,20.88,20.67,20.72,0
2022-05-02 12:15:00,20.72,20.79,20.46,20.64,0
2022-05-02 13:15:00,20.64,20.82,20.62,20.68,0
2022-05-02 14:15:00,20.68,20.8,20.15,20.31,0
2022-05-02 15:15:00,20.32,20.35,20.24,20.31,0
2022-05-04 09:15:00,20.28,20.73,18.43,20.73,0
2022-05-04 10:15:00,20.74,21.52,20.74,21.28,0
2022-05-04 11:15:00,21.28,21.47,21.08,21.45,0
2022-05-04 12:15:00,21.45,22.06,21.43,21.6,0
2022-05-04 13:15:00,21.6,22.27,20.84,21.83,0
2022-05-04 14:15:00,21.87,22.39,21.37,21.73,0
2022-05-04 15:15:00,21.72,21.97,21.59,21.71,0
2022-05-05 09:15:00,21.88,21.88,19.67,19.7,0
2022-05-05 10:15:00,19.68,19.98,19.62,19.83,0
2022-05-05 11:15:00,19.83,20.28,19.83,20.1,0
2022-05-05 12:15:00,20.1,20.3,19.79,20.27,0
2022-05-05 13:15:00,20.28,20.36,19.78,20.17,0
2022-05-05 14:15:00,20.17,20.55,19.85,20.37,0
2022-05-05 15:15:00,20.36,20.38,19.95,20.2,0
2022-05-06 09:15:00,20.29,21.39,19.33,21.2,0
2022-05-06 10:15:00,21.2,21.59,21.03,21.25,0
2022-05-06 11:15:00,21.25,21.71,21.13,21.31,0
2022-05-06 12:15:00,21.31,21.75,21.28,21.71,0
2022-05-06 13:15:00,21.71,21.81,21.21,21.43,0
2022-05-06 14:15:00,21.43,21.54,21.17,21.25,0
2022-05-06 15:15:00,21.24,21.31,21.02,21.02,0
2022-05-09 09:15:00,21.25,22.47,18.96,21.89,0
2022-05-09 10:15:00,21.89,22.39,21.82,22.15,0
2022-05-09 11:15:00,22.15,22.2,21.76,21.87,0
2022-05-09 12:15:00,21.86,22.15,21.75,22.13,0
2022-05-09 13:15:00,22.13,22.52,21.97,22.48,0
2022-05-09 14:15:00,22.48,22.5,21.94,21.95,0
2022-05-09 15:15:00,21.94,22.12,21.86,22.12,0
2022-05-10 09:15:00,22.03,22.52,21.22,22.45,0
2022-05-10 10:15:00,22.46,22.47,22.24,22.33,0
2022-05-10 11:15:00,22.33,22.45,21.98,21.98,0
2022-05-10 12:15:00,21.98,22.12,21.93,22.02,0
2022-05-10 13:15:00,22.01,22.27,21.92,21.93,0
2022-05-10 14:15:00,21.92,22.39,21.74,22.38,0
2022-05-10 15:15:00,22.37,22.48,22.26,22.39,0
2022-05-11 09:15:00,22.3,23.03,20.48,22.98,0
2022-05-11 10:15:00,22.97,23.73,22.82,23.49,0
2022-05-11 11:15:00,23.49,23.59,23.12,23.35,0
2022-05-11 12:15:00,23.35,23.85,23.24,23.85,0
2022-05-11 13:15:00,23.85,24.19,22.97,23.12,0
2022-05-11 14:15:00,23.12,23.17,22.56,22.81,0
2022-05-11 15:15:00,22.81,22.83,22.63,22.7,0
2022-05-12 09:15:00,22.8,24.55,21.15,24.38,0
2022-05-12 10:15:00,24.38,25.18,23.98,25.17,0
2022-05-12 11:15:00,25.17,25.32,24.56,24.68,0
2022-05-12 12:15:00,24.68,25.23,24.66,24.95,0
2022-05-12 13:15:00,24.95,25.07,24.39,24.93,0
2022-05-12 14:15:00,24.93,25.01,23.98,24.27,0
2022-05-12 15:15:00,24.27,24.35,24.1,24.35,0
2022-05-13 09:15:00,24.27,24.27,20.97,23.68,0
2022-05-13 10:15:00,23.69,23.74,23.0,23.06,0
2022-05-13 11:15:00,23.06,23.16,22.89,23.14,0
2022-05-13 12:15:00,23.14,23.2,22.81,22.85,0
2022-05-13 13:15:00,22.86,23.08,22.66,23.03,0
2022-05-13 14:15:00,23.04,23.74,22.98,23.74,0
2022-05-13 15:15:00,23.74,23.75,23.31,23.68,0
2022-05-16 09:15:00,23.49,24.71,21.28,23.85,0
2022-05-16 10:15:00,23.86,24.03,23.75,23.88,0
2022-05-16 11:15:00,23.88,24.29,23.85,24.26,0
2022-05-16 12:15:00,24.25,24.49,23.97,24.18,0
2022-05-16 13:15:00,24.18,24.25,23.82,23.96,0
2022-05-16 14:15:00,23.96,24.67,23.79,24.64,0
2022-05-16 15:15:00,24.64,24.66,23.86,24.38,0
2022-05-17 09:15:00,24.53,24.84,17.1,23.52,0
2022-05-17 10:15:00,23.51,23.59,23.37,23.51,0
2022-05-17 11:15:00,23.51,24.12,23.35,24.06,0
2022-05-17 12:15:00,24.07,24.13,23.89,24.02,0
2022-05-17 13:15:00,24.04,24.08,23.19,23.23,0
2022-05-17 14:15:00,23.23,23.24,22.74,22.83,0
2022-05-17 15:15:00,22.85,22.86,22.62,22.63,0
2022-05-18 09:15:00,22.74,22.74,21.34,22.47,0
2022-05-18 10:15:00,22.47,22.53,22.22,22.37,0
2022-05-18 11:15:00,22.37,22.4,22.17,22.18,0
2022-05-18 12:15:00,22.18,23.06,22.18,22.7,0
2022-05-18 13:15:00,22.69,22.79,22.15,22.49,0
2022-05-18 14:15:00,22.49,22.59,22.22,22.31,0
2022-05-18 15:15:00,22.3,22.32,22.11,22.18,0
2022-05-19 09:15:00,22.3,24.27,22.3,23.77,0
2022-05-19 10:15:00,23.77,24.05,23.74,24.02,0
2022-05-19 11:15:00,24.02,24.37,23.99,24.26,0
2022-05-19 12:15:00,24.26,24.45,23.92,24.31,0
2022-05-19 13:15:00,24.3,24.84,24.06,24.78,0
2022-05-19 14:15:00,24.78,25.15,24.42,24.78,0
2022-05-19 15:15:00,24.78,24.79,24.26,24.5,0
2022-05-20 09:15:00,24.56,24.56,22.44,23.2,0
2022-05-20 10:15:00,23.2,23.57,23.0,23.48,0
2022-05-20 11:15:00,23.47,23.63,23.46,23.63,0
2022-05-20 12:15:00,23.62,23.71,23.37,23.45,0
2022-05-20 13:15:00,23.45,23.51,22.8,22.83,0
2022-05-20 14:15:00,22.83,23.38,22.74,23.06,0
2022-05-20 15:15:00,23.07,23.23,23.0,23.2,0
2022-05-23 09:15:00,23.1,23.98,20.5,23.43,0
2022-05-23 10:15:00,23.43,23.65,23.13,23.23,0
2022-05-23 11:15:00,23.23,23.27,22.83,22.98,0
2022-05-23 12:15:00,22.98,23.3,22.92,23.28,0
2022-05-23 13:15:00,23.29,23.4,22.85,23.35,0
2022-05-23 14:15:00,23.36,23.41,23.11,23.33,0
2022-05-23 15:15:00,23.33,23.94,23.32,23.83,0
2022-05-24 09:15:00,23.4,25.82,23.16,25.45,0
2022-05-24 10:15:00,25.45,25.5,25.05,25.14,0
2022-05-24 11:15:00,25.14,25.3,24.56,25.14,0
2022-05-24 12:15:00,25.14,25.4,24.82,25.38,0
2022-05-24 13:15:00,25.4,25.78,25.28,25.71,0
2022-05-24 14:15:00,25.73,25.99,25.38,25.71,0
2022-05-24 15:15:00,25.71,25.76,25.57,25.71,0
2022-05-25 09:15:00,25.64,25.64,24.36,25.2,0
2022-05-25 10:15:00,25.2,25.3,24.85,24.85,0
2022-05-25 11:15:00,24.85,25.62,24.79,25.42,0
2022-05-25 12:15:00,25.42,25.53,25.21,25.36,0
2022-05-25 13:15:00,25.34,25.51,24.98,25.05,0
2022-05-25 14:15:00,25.05,25.37,24.99,25.17,0
2022-05-25 15:15:00,25.17,25.49,25.17,25.46,0
2022-05-26 09:15:00,25.28,25.28,24.13,24.68,0
2022-05-26 10:15:00,24.69,25.07,24.54,24.9,0
2022-05-26 11:15:00,24.9,24.96,24.67,24.79,0
2022-05-26 12:15:00,24.79,24.82,23.76,23.84,0
2022-05-26 13:15:00,23.85,23.85,23.33,23.6,0
2022-05-26 14:15:00,23.6,23.72,22.63,22.78,0
2022-05-26 15:15:00,22.8,22.82,22.54,22.57,0
2022-05-27 09:15:00,22.72,22.72,21.5,21.94,0
2022-05-27 10:15:00,21.93,22.58,21.86,22.52,0
2022-05-27 11:15:00,22.52,22.57,21.81,21.87,0
2022-05-27 12:15:00,21.87,21.93,21.52,21.53,0
2022-05-27 13:15:00,21.52,21.89,21.2,21.86,0
2022-05-27 14:15:00,21.86,21.93,21.47,21.51,0
2022-05-27 15:15:00,21.51,21.52,21.23,21.25,0
2022-05-30 09:15:00,21.48,21.48,19.72,20.25,0
2022-05-30 10:15:00,20.25,20.48,20.04,20.44,0
2022-05-30 11:15:00,20.44,20.44,20.24,20.37,0
2022-05-30 12:15:00,20.37,20.37,20.13,20.21,0
2022-05-30 13:15:00,20.21,20.32,20.13,20.3,0
2022-05-30 14:15:00,20.29,20.37,19.95,20.0,0
2022-05-30 15:15:00,20.0,20.0,19.86,19.95,0
2022-05-31 09:15:00,19.98,20.51,19.68,19.92,0
2022-05-31 10:15:00,19.93,20.45,19.86,20.04,0
2022-05-31 11:15:00,20.04,20.62,20.03,20.62,0
2022-05-31 12:15:00,20.62,20.75,20.1,20.65,0
2022-05-31 13:15:00,20.65,20.7,19.95,20.52,0
2022-05-31 14:15:00,20.52,20.59,20.33,20.55,0
2022-05-31 15:15:00,20.56,20.63,20.37,20.47,0
2022-06-01 09:15:00,20.48,21.34,18.23,20.59,0
2022-06-01 10:15:00,20.6,20.75,20.44,20.71,0
2022-06-01 11:15:00,20.71,20.78,20.49,20.66,0
2022-06-01 12:15:00,20.65,20.81,20.23,20.31,0
2022-06-01 13:15:00,20.31,21.05,20.25,20.98,0
2022-06-01 14:15:00,20.98,21.24,20.54,20.82,0
2022-06-01 15:15:00,20.82,20.82,20.65,20.75,0
2022-06-02 09:15:00,20.85,21.0,18.38,20.77,0
2022-06-02 10:15:00,20.78,20.94,20.6,20.85,0
2022-06-02 11:15:00,20.87,20.91,20.7,20.79,0
2022-06-02 12:15:00,20.78,20.98,20.7,20.85,0
2022-06-02 13:15:00,20.85,20.89,20.6,20.63,0
2022-06-02 14:15:00,20.59,20.61,20.2,20.24,0
2022-06-02 15:15:00,20.23,20.37,20.19,20.32,0
2022-06-03 09:15:00,20.32,20.32,18.74,19.26,0
2022-06-03 10:15:00,19.26,19.47,19.2,19.3,0
2022-06-03 11:15:00,19.3,19.33,19.11,19.16,0
2022-06-03 12:15:00,19.16,19.41,19.12,19.3,0
2022-06-03 13:15:00,19.29,19.79,19.23,19.65,0
2022-06-03 14:15:00,19.65,20.1,19.6,20.03,0
2022-06-03 15:15:00,20.02,20.06,19.8,19.93,0
2022-06-06 09:15:00,19.98,20.59,18.65,20.36,0
2022-06-06 10:15:00,20.37,20.43,20.19,20.39,0
2022-06-06 11:15:00,20.39,20.68,20.2,20.54,0
2022-06-06 12:15:00,20.54,20.54,20.0,20.53,0
2022-06-06 13:15:00,20.53,20.55,20.2,20.23,0
2022-06-06 14:15:00,20.24,20.42,20.14,20.14,0
2022-06-06 15:15:00,20.14,20.21,20.11,20.11,0
2022-06-07 09:15:00,20.2,20.68,19.43,20.29,0
2022-06-07 10:15:00,20.29,20.86,20.18,20.86,0
2022-06-07 11:15:00,20.86,21.07,20.71,20.84,0
2022-06-07 12:15:00,20.84,20.86,20.61,20.75,0
2022-06-07 13:15:00,20.75,20.75,20.27,20.64,0
2022-06-07 14:15:00,20.64,20.66,20.36,20.39,0
2022-06-07 15:15:00,20.39,20.46,20.38,20.46,0
2022-06-08 09:15:00,20.43,20.69,19.39,20.36,0
2022-06-08 10:15:00,20.36,20.36,19.65,19.96,0
2022-06-08 11:15:00,19.96,20.01,19.77,19.8,0
2022-06-08 12:15:00,19.8,19.96,19.74,19.95,0
2022-06-08 13:15:00,19.95,20.21,19.9,20.02,0
2022-06-08 14:15:00,20.02,20.16,19.76,19.83,0
2022-06-08 15:15:00,19.83,19.9,19.79,19.88,0
2022-06-09 09:15:00,19.84,19.84,18.16,19.55,0
2022-06-09 10:15:00,19.55,19.79,19.34,19.41,0
2022-06-09 11:15:00,19.42,19.76,19.32,19.36,0
2022-06-09 12:15:00,19.36,19.68,19.23,19.61,0
2022-06-09 13:15:00,19.61,19.66,19.46,19.47,0
2022-06-09 14:15:00,19.48,19.51,19.07,19.09,0
2022-06-09 15:15:00,19.09,19.15,19.03,19.1,0
2022-06-10 09:15:00,19.14,19.41,18.26,19.31,0
2022-06-10 10:15:00,19.3,19.32,19.12,19.13,0
2022-06-10 11:15:00,19.14,19.39,19.13,19.22,0
2022-06-10 12:15:00,19.23,19.71,19.22,19.39,0
2022-06-10 13:15:00,19.39,19.54,19.29,19.47,0
2022-06-10 14:15:00,19.47,19.67,19.25,19.53,0
2022-06-10 15:15:00,19.53,19.76,19.29,19.67,0
2022-06-13 09:15:00,19.58,21.99,19.58,21.7,0
2022-06-13 10:15:00,21.7,22.05,21.65,21.78,0
2022-06-13 11:15:00,21.78,22.0,21.71,21.92,0
2022-06-13 12:15:00,21.92,22.27,21.88,22.17,0
2022-06-13 13:15:00,22.17,22.8,22.04,22.6,0
2022-06-13 14:15:00,22.6,22.74,22.27,22.4,0
2022-06-13 15:15:00,22.4,22.4,22.09,22.19,0
2022-06-14 09:15:00,22.37,22.64,18.95,22.38,0
2022-06-14 10:15:00,22.38,22.4,21.87,21.92,0
2022-06-14 11:15:00,21.93,22.02,21.87,21.99,0
2022-06-14 12:15:00,21.98,22.19,21.92,21.92,0
2022-06-14 13:15:00,21.92,22.11,21.78,22.09,0
2022-06-14 14:15:00,22.09,22.18,21.81,21.9,0
2022-06-14 15:15:00,21.9,21.97,21.76,21.97,0
2022-06-15 09:15:00,21.89,22.22,20.95,21.94,0
2022-06-15 10:15:00,21.94,22.09,21.92,21.95,0
2022-06-15 11:15:00,21.95,21.98,21.84,21.87,0
2022-06-15 12:15:00,21.86,21.92,21.73,21.8,0
2022-06-15 13:15:00,21.8,21.91,21.68,21.76,0
2022-06-15 14:15:00,21.77,22.23,21.72,22.12,0
2022-06-15 15:15:00,22.11,22.34,22.11,22.34,0
2022-06-16 09:15:00,22.15,28.13,19.75,21.0,0
2022-06-16 10:15:00,20.99,21.51,20.95,21.41,0
2022-06-16 11:15:00,21.41,22.08,21.4,21.95,0
2022-06-16 12:15:00,21.97,22.8,21.61,22.78,0
2022-06-16 13:15:00,22.77,23.08,22.5,22.81,0
2022-06-16 14:15:00,22.81,23.05,22.6,22.85,0
2022-06-16 15:15:00,22.86,23.07,22.85,23.06,0
2022-06-17 09:15:00,22.87,23.69,18.02,23.31,0
2022-06-17 10:15:00,23.32,23.5,23.09,23.12,0
2022-06-17 11:15:00,23.12,23.5,23.08,23.3,0
2022-06-17 12:15:00,23.29,23.46,23.09,23.35,0
2022-06-17 13:15:00,23.34,23.38,22.94,23.09,0
2022-06-17 14:15:00,23.09,23.24,22.58,23.0,0
2022-06-17 15:15:00,23.0,23.02,22.31,22.31,0
2022-06-20 09:15:00,22.76,23.64,16.0,23.03,0
2022-06-20 10:15:00,23.03,23.12,22.83,22.99,0
2022-06-20 11:15:00,23.0,23.04,22.73,22.88,0
2022-06-20 12:15:00,22.89,22.93,22.75,22.86,0
2022-06-20 13:15:00,22.87,22.88,22.65,22.76,0
2022-06-20 14:15:00,22.77,22.77,22.32,22.36,0
2022-06-20 15:15:00,22.35,22.43,22.27,22.31,0
2022-06-21 09:15:00,22.41,22.41,20.48,21.36,0
2022-06-21 10:15:00,21.36,21.54,21.34,21.47,0
2022-06-21 11:15:00,21.46,21.52,21.35,21.4,0
2022-06-21 12:15:00,21.41,21.57,21.32,21.53,0
2022-06-21 13:15:00,21.54,21.58,21.33,21.37,0
2022-06-21 14:15:00,21.38,21.45,21.15,21.16,0
2022-06-21 15:15:00,21.17,21.17,20.96,21.05,0
2022-06-22 09:15:00,21.14,21.48,19.32,21.35,0
2022-06-22 10:15:00,21.35,21.43,21.12,21.26,0
2022-06-22 11:15:00,21.26,21.46,21.22,21.38,0
2022-06-22 12:15:00,21.38,21.65,21.29,21.61,0
2022-06-22 13:15:00,21.61,21.79,21.25,21.4,0
2022-06-22 14:15:00,21.42,21.53,21.15,21.26,0
2022-06-22 15:15:00,21.27,21.36,21.24,21.35,0
2022-06-23 09:15:00,21.3,21.39,18.36,21.14,0
2022-06-23 10:15:00,21.13,21.18,20.95,21.17,0
2022-06-23 11:15:00,21.17,21.33,21.07,21.16,0
2022-06-23 12:15:00,21.17,21.71,21.07,21.61,0
2022-06-23 13:15:00,21.6,21.69,20.94,21.24,0
2022-06-23 14:15:00,21.23,21.31,20.74,20.87,0
2022-06-23 15:15:00,20.86,20.96,20.8,20.96,0
2022-06-24 09:15:00,20.88,21.27,20.65,21.01,0
2022-06-24 10:15:00,21.01,21.07,20.79,20.82,0
2022-06-24 11:15:00,20.82,21.04,20.77,20.94,0
2022-06-24 12:15:00,20.94,21.12,20.81,20.87,0
2022-06-24 13:15:00,20.88,20.94,20.6,20.63,0
2022-06-24 14:15:00,20.65,20.69,20.49,20.5,0
2022-06-24 15:15:00,20.51,20.61,20.49,20.59,0
2022-06-27 09:15:00,20.55,21.11,19.55,20.89,0
2022-06-27 10:15:00,20.89,21.07,20.84,21.0,0
2022-06-27 11:15:00,21.0,21.04,20.84,20.9,0
2022-06-27 12:15:00,20.91,20.93,20.7,20.77,0
2022-06-27 13:15:00,20.77,21.04,20.72,20.96,0
2022-06-27 14:15:00,20.96,21.12,20.85,20.96,0
2022-06-27 15:15:00,20.99,21.07,20.92,21.07,0
2022-06-28 09:15:00,21.01,21.68,20.51,21.64,0
2022-06-28 10:15:00,21.64,21.66,21.42,21.45,0
2022-06-28 11:15:00,21.45,21.48,21.18,21.22,0
2022-06-28 12:15:00,21.22,21.45,21.2,21.38,0
2022-06-28 13:15:00,21.38,21.59,21.29,21.52,0
2022-06-28 14:15:00,21.52,21.58,21.35,21.4,0
2022-06-28 15:15:00,21.4,21.51,21.38,21.5,0
2022-06-29 09:15:00,21.45,22.05,21.45,21.91,0
2022-06-29 10:15:00,21.9,22.0,21.85,21.92,0
2022-06-29 11:15:00,21.92,22.03,21.83,21.97,0
2022-06-29 12:15:00,21.97,22.07,21.81,21.98,0
2022-06-29 13:15:00,21.99,22.01,21.79,21.88,0
2022-06-29 14:15:00,21.88,21.97,21.8,21.87,0
2022-06-29 15:15:00,21.86,22.09,21.84,22.08,0
2022-06-30 09:15:00,21.9,22.26,21.67,21.7,0
2022-06-30 10:15:00,21.7,21.85,21.54,21.82,0
2022-06-30 11:15:00,21.82,22.13,21.69,22.1,0
2022-06-30 12:15:00,22.11,22.27,21.82,22.12,0
2022-06-30 13:15:00,22.13,22.24,21.89,21.92,0
2022-06-30 14:15:00,21.93,22.01,21.7,21.82,0
2022-06-30 15:15:00,21.82,22.11,21.8,22.06,0
2022-07-01 09:15:00,21.84,22.43,21.39,22.07,0
2022-07-01 10:15:00,22.07,22.21,21.58,21.66,0
2022-07-01 11:15:00,21.66,21.66,21.39,21.57,0
2022-07-01 12:15:00,21.57,21.57,21.26,21.41,0
2022-07-01 13:15:00,21.42,21.48,21.26,21.45,0
2022-07-01 14:15:00,21.45,21.47,21.14,21.24,0
2022-07-01 15:15:00,21.24,21.36,21.21,21.31,0
2022-07-04 09:15:00,21.25,22.25,21.25,22.08,0
2022-07-04 10:15:00,22.08,22.11,21.66,21.69,0
2022-07-04 11:15:00,21.69,21.7,21.43,21.51,0
2022-07-04 12:15:00,21.51,21.54,21.41,21.47,0
2022-07-04 13:15:00,21.48,21.55,21.37,21.38,0
2022-07-04 14:15:00,21.38,21.39,20.93,20.95,0
2022-07-04 15:15:00,20.95,21.02,20.92,21.01,0
2022-07-05 09:15:00,20.97,20.99,20.24,20.56,0
2022-07-05 10:15:00,20.56,20.62,20.45,20.52,0
2022-07-05 11:15:00,20.52,20.58,20.31,20.34,0
2022-07-05 12:15:00,20.34,20.49,20.32,20.47,0
2022-07-05 13:15:00,20.46,20.84,20.45,20.8,0
2022-07-05 14:15:00,20.81,20.98,20.68,20.76,0
2022-07-05 15:15:00,20.75,20.82,20.66,20.78,0
2022-07-06 09:15:00,20.79,20.79,19.82,20.43,0
2022-07-06 10:15:00,20.43,20.49,20.29,20.48,0
2022-07-06 11:15:00,20.48,20.58,20.41,20.42,0
2022-07-06 12:15:00,20.42,20.54,20.34,20.54,0
2022-07-06 13:15:00,20.54,20.64,20.42,20.52,0
2022-07-06 14:15:00,20.52,20.53,20.2,20.24,0
2022-07-06 15:15:00,20.24,20.3,20.14,20.14,0
2022-07-07 09:15:00,20.27,20.27,19.62,20.13,0
2022-07-07 10:15:00,20.13,20.14,19.92,20.02,0
2022-07-07 11:15:00,20.02,20.12,19.95,20.02,0
2022-07-07 12:15:00,20.02,20.09,19.85,19.92,0
2022-07-07 13:15:00,19.91,19.92,19.64,19.68,0
2022-07-07 14:15:00,19.68,19.76,19.17,19.17,0
2022-07-07 15:15:00,19.17,19.23,19.01,19.01,0
2022-07-08 09:15:00,19.2,19.2,18.48,19.02,0
2022-07-08 10:15:00,19.02,19.02,18.92,18.98,0
2022-07-08 11:15:00,18.98,19.01,18.87,18.93,0
2022-07-08 12:15:00,18.93,18.95,18.71,18.74,0
2022-07-08 13:15:00,18.74,18.8,18.64,18.65,0
2022-07-08 14:15:00,18.65,18.72,18.35,18.37,0
2022-07-08 15:15:00,18.37,18.39,18.23,18.23,0
2022-07-11 09:15:00,18.4,19.22,16.65,18.99,0
2022-07-11 10:15:00,18.99,19.04,18.92,18.93,0
2022-07-11 11:15:00,18.93,19.01,18.87,18.87,0
2022-07-11 12:15:00,18.87,18.95,18.76,18.77,0
2022-07-11 13:15:00,18.77,18.79,18.55,18.58,0
2022-07-11 14:15:00,18.58,18.64,18.37,18.39,0
2022-07-11 15:15:00,18.39,18.43,18.28,18.43,0
2022-07-12 09:15:00,18.37,18.61,17.3,18.42,0
2022-07-12 10:15:00,18.42,18.54,18.38,18.41,0
2022-07-12 11:15:00,18.41,18.51,18.38,18.42,0
2022-07-12 12:15:00,18.42,18.64,18.42,18.51,0
2022-07-12 13:15:00,18.51,18.53,18.37,18.38,0
2022-07-12 14:15:00,18.39,18.6,18.24,18.56,0
2022-07-12 15:15:00,18.56,18.64,18.47,18.63,0
2022-07-13 09:15:00,18.55,18.55,17.74,18.12,0
2022-07-13 10:15:00,18.11,18.37,18.1,18.27,0
2022-07-13 11:15:00,18.27,18.3,18.13,18.23,0
2022-07-13 12:15:00,18.23,18.74,18.17,18.64,0
2022-07-13 13:15:00,18.65,18.76,18.44,18.59,0
2022-07-13 14:15:00,18.59,18.62,18.47,18.47,0
2022-07-13 15:15:00,18.47,18.63,18.44,18.63,0
2022-07-14 09:15:00,18.52,18.59,17.75,18.26,0
2022-07-14 10:15:00,18.26,18.33,18.2,18.32,0
2022-07-14 11:15:00,18.33,18.52,18.3,18.39,0
2022-07-14 12:15:00,18.38,18.55,18.32,18.46,0
2022-07-14 13:15:00,18.45,18.6,18.39,18.6,0
2022-07-14 14:15:00,18.6,18.69,18.28,18.32,0
2022-07-14 15:15:00,18.34,18.39,18.25,18.39,0
2022-07-15 09:15:00,18.34,18.34,17.64,17.89,0
2022-07-15 10:15:00,17.89,18.03,17.82,18.01,0
2022-07-15 11:15:00,18.01,18.04,17.8,17.92,0
2022-07-15 12:15:00,17.93,18.05,17.84,17.86,0
2022-07-15 13:15:00,17.86,17.92,17.76,17.77,0
2022-07-15 14:15:00,17.76,17.76,17.53,17.57,0
2022-07-15 15:15:00,17.56,17.69,17.54,17.62,0
2022-07-18 09:15:00,17.6,18.18,16.47,17.66,0
2022-07-18 10:15:00,17.67,17.69,17.56,17.58,0
2022-07-18 11:15:00,17.58,17.62,17.44,17.45,0
2022-07-18 12:15:00,17.47,17.49,17.36,17.38,0
2022-07-18 13:15:00,17.38,17.42,17.24,17.25,0
2022-07-18 14:15:00,17.25,17.33,17.05,17.1,0
2022-07-18 15:15:00,17.1,17.3,17.08,17.28,0
2022-07-19 09:15:00,17.16,17.53,16.35,17.52,0
2022-07-19 10:15:00,17.51,17.67,17.45,17.47,0
2022-07-19 11:15:00,17.48,17.59,17.41,17.43,0
2022-07-19 12:15:00,17.43,17.56,17.42,17.47,0
2022-07-19 13:15:00,17.47,17.62,17.43,17.52,0
2022-07-19 14:15:00,17.52,17.54,17.17,17.21,0
2022-07-19 15:15:00,17.21,17.27,17.16,17.22,0
2022-07-20 09:15:00,17.2,17.27,15.66,16.94,0
2022-07-20 10:15:00,16.94,17.02,16.8,16.94,0
2022-07-20 11:15:00,16.94,16.97,16.83,16.9,0
2022-07-20 12:15:00,16.9,17.06,16.87,16.96,0
2022-07-20 13:15:00,16.96,17.04,16.87,16.93,0
2022-07-20 14:15:00,16.93,17.05,16.79,16.82,0
2022-07-20 15:15:00,16.83,16.85,16.73,16.84,0
2022-07-21 09:15:00,16.82,17.13,15.97,17.1,0
2022-07-21 10:15:00,17.1,17.16,17.03,17.06,0
2022-07-21 11:15:00,17.06,17.17,17.04,17.17,0
2022-07-21 12:15:00,17.19,17.21,16.98,17.04,0
2022-07-21 13:15:00,17.05,17.09,16.88,16.94,0
2022-07-21 14:15:00,16.94,17.06,16.8,16.83,0
2022-07-21 15:15:00,16.82,16.9,16.81,16.82,0
2022-07-22 09:15:00,16.86,16.96,16.16,16.84,0
2022-07-22 10:15:00,16.84,16.94,16.76,16.77,0
2022-07-22 11:15:00,16.77,16.8,16.64,16.65,0
2022-07-22 12:15:00,16.65,16.72,16.61,16.7,0
2022-07-22 13:15:00,16.7,16.92,16.66,16.83,0
2022-07-22 14:15:00,16.83,16.92,16.63,16.65,0
2022-07-22 15:15:00,16.64,16.69,16.56,16.62,0
2022-07-25 09:15:00,16.65,17.88,16.18,17.7,0
2022-07-25 10:15:00,17.72,17.84,17.56,17.84,0
2022-07-25 11:15:00,17.84,17.91,17.76,17.84,0
2022-07-25 12:15:00,17.84,17.85,17.68,17.7,0
2022-07-25 13:15:00,17.69,17.73,17.47,17.51,0
2022-07-25 14:15:00,17.52,17.73,17.4,17.72,0
2022-07-25 15:15:00,17.72,17.85,17.7,17.76,0
2022-07-26 09:15:00,17.68,18.18,17.36,18.05,0
2022-07-26 10:15:00,18.05,18.24,17.95,18.23,0
2022-07-26 11:15:00,18.22,18.24,18.0,18.08,0
2022-07-26 12:15:00,18.08,18.21,18.01,18.09,0
2022-07-26 13:15:00,18.09,18.14,17.95,17.96,0
2022-07-26 14:15:00,17.98,18.27,17.9,18.2,0
2022-07-26 15:15:00,18.2,18.24,18.11,18.11,0
2022-07-27 09:15:00,18.17,18.64,17.75,18.31,0
2022-07-27 10:15:00,18.31,18.35,18.17,18.25,0
2022-07-27 11:15:00,18.25,18.32,18.21,18.26,0
2022-07-27 12:15:00,18.26,18.4,18.23,18.34,0
2022-07-27 13:15:00,18.34,18.41,18.27,18.4,0
2022-07-27 14:15:00,18.4,18.44,18.1,18.1,0
2022-07-27 15:15:00,18.1,18.13,18.04,18.08,0
2022-07-28 09:15:00,18.13,18.13,16.97,17.12,0
2022-07-28 10:15:00,17.12,17.22,16.98,17.07,0
2022-07-28 11:15:00,17.07,17.18,17.0,17.05,0
2022-07-28 12:15:00,17.05,17.17,17.01,17.1,0
2022-07-28 13:15:00,17.1,17.21,17.03,17.04,0
2022-07-28 14:15:00,17.04,17.11,16.84,16.95,0
2022-07-28 15:15:00,16.95,17.22,16.92,17.17,0
2022-07-29 09:15:00,17.01,17.01,16.64,16.71,0
2022-07-29 10:15:00,16.71,16.92,16.62,16.74,0
2022-07-29 11:15:00,16.74,16.85,16.67,16.72,0
2022-07-29 12:15:00,16.72,16.82,16.61,16.69,0
2022-07-29 13:15:00,16.69,16.83,16.65,16.72,0
2022-07-29 14:15:00,16.72,16.8,16.49,16.57,0
2022-07-29 15:15:00,16.57,16.61,16.5,16.55,0
2022-08-01 09:15:00,16.55,17.54,15.89,17.5,0
2022-08-01 10:15:00,17.5,17.58,17.41,17.56,0
2022-08-01 11:15:00,17.56,17.63,17.48,17.56,0
2022-08-01 12:15:00,17.56,17.57,17.45,17.51,0
2022-08-01 13:15:00,17.51,17.58,17.43,17.49,0
2022-08-01 14:15:00,17.49,17.58,17.42,17.49,0
2022-08-01 15:15:00,17.49,17.58,17.43,17.49,0
2022-08-02 09:15:00,17.49,18.42,17.49,18.11,0
2022-08-02 10:15:00,18.11,18.18,18.03,18.08,0
2022-08-02 11:15:00,18.07,18.1,17.91,18.04,0
2022-08-02 12:15:00,18.04,18.34,18.01,18.31,0
2022-08-02 13:15:00,18.3,18.36,18.18,18.32,0
2022-08-02 14:15:00,18.32,18.54,18.25,18.47,0
2022-08-02 15:15:00,18.47,18.76,18.44,18.64,0
2022-08-03 09:15:00,18.53,19.15,17.95,19.09,0
2022-08-03 10:15:00,19.1,19.17,19.02,19.06,0
2022-08-03 11:15:00,19.07,19.11,18.81,18.88,0
2022-08-03 12:15:00,18.89,18.92,18.7,18.81,0
2022-08-03 13:15:00,18.8,18.9,18.62,18.65,0
2022-08-03 14:15:00,18.64,18.71,18.28,18.49,0
2022-08-03 15:15:00,18.49,18.56,18.28,18.45,0
2022-08-04 09:15:00,18.45,18.89,17.63,18.87,0
2022-08-04 10:15:00,18.86,18.99,18.82,18.97,0
2022-08-04 11:15:00,18.97,21.06,18.97,20.14,0
2022-08-04 12:15:00,20.15,20.33,19.69,20.0,0
2022-08-04 13:15:00,20.0,20.15,19.81,19.83,0
2022-08-04 14:15:00,19.83,19.92,19.11,19.13,0
2022-08-04 15:15:00,19.14,19.39,19.13,19.29,0
2022-08-05 09:15:00,19.26,19.39,18.01,18.95,0
2022-08-05 10:15:00,18.95,19.04,18.81,18.9,0
2022-08-05 11:15:00,18.91,18.99,18.83,18.94,0
2022-08-05 12:15:00,18.94,19.04,18.85,18.94,0
2022-08-05 13:15:00,18.93,19.04,18.81,19.0,0
2022-08-05 14:15:00,19.0,19.09,18.77,18.9,0
2022-08-05 15:15:00,18.9,19.02,18.89,18.95,0
2022-08-08 09:15:00,18.92,20.18,17.78,19.58,0
2022-08-08 10:15:00,19.57,19.68,19.44,19.54,0
2022-08-08 11:15:00,19.54,19.59,19.43,19.52,0
2022-08-08 12:15:00,19.53,19.62,19.4,19.53,0
2022-08-08 13:15:00,19.53,19.54,19.26,19.35,0
2022-08-08 14:15:00,19.34,19.37,19.21,19.31,0
2022-08-08 15:15:00,19.31,19.42,19.2,19.24,0
2022-08-10 09:15:00,19.3,20.77,18.86,19.97,0
2022-08-10 10:15:00,19.97,20.0,19.82,19.93,0
2022-08-10 11:15:00,19.93,19.98,19.86,19.91,0
2022-08-10 12:15:00,19.9,19.92,19.73,19.8,0
2022-08-10 13:15:00,19.81,19.91,19.63,19.65,0
2022-08-10 14:15:00,19.65,19.65,19.52,19.59,0
2022-08-10 15:15:00,19.6,19.67,19.54,19.61,0
2022-08-11 09:15:00,19.59,19.59,18.71,18.87,0
2022-08-11 10:15:00,18.87,18.91,18.74,18.85,0
2022-08-11 11:15:00,18.85,19.06,18.8,18.86,0
2022-08-11 12:15:00,18.86,18.88,18.69,18.73,0
2022-08-11 13:15:00,18.73,18.9,18.61,18.65,0
2022-08-11 14:15:00,18.65,18.66,18.34,18.36,0
2022-08-11 15:15:00,18.35,18.38,18.21,18.22,0
2022-08-12 09:15:00,18.36,18.53,17.72,17.81,0
2022-08-12 10:15:00,17.81,17.9,17.66,17.69,0
2022-08-12 11:15:00,17.69,17.78,17.66,17.7,0
2022-08-12 12:15:00,17.7,17.75,17.5,17.56,0
2022-08-12 13:15:00,17.55,17.57,17.43,17.54,0
2022-08-12 14:15:00,17.55,17.7,17.41,17.59,0
2022-08-12 15:15:00,17.59,17.66,17.5,17.56,0
2022-08-16 09:15:00,17.61,18.36,17.01,18.01,0
2022-08-16 10:15:00,18.01,18.01,17.89,17.98,0
2022-08-16 11:15:00,17.98,18.12,17.95,18.08,0
2022-08-16 12:15:00,18.08,18.18,17.88,17.94,0
2022-08-16 13:15:00,17.96,18.0,17.81,17.84,0
2022-08-16 14:15:00,17.84,17.93,17.62,17.64,0
2022-08-16 15:15:00,17.64,17.75,17.54,17.58,0
2022-08-17 09:15:00,17.69,17.76,16.55,17.63,0
2022-08-17 10:15:00,17.63,17.64,17.47,17.55,0
2022-08-17 11:15:00,17.55,17.61,17.47,17.55,0
2022-08-17 12:15:00,17.55,17.71,17.53,17.68,0
2022-08-17 13:15:00,17.68,17.78,17.64,17.76,0
2022-08-17 14:15:00,17.76,17.79,17.55,17.72,0
2022-08-17 15:15:00,17.72,17.79,17.65,17.78,0
2022-08-18 09:15:00,17.68,17.89,16.72,17.67,0
2022-08-18 10:15:00,17.68,18.14,17.66,18.13,0
2022-08-18 11:15:00,18.13,18.44,17.89,18.3,0
2022-08-18 12:15:00,18.29,18.31,17.69,17.74,0
2022-08-18 13:15:00,17.74,18.02,17.66,17.69,0
2022-08-18 14:15:00,17.69,17.79,17.21,17.25,0
2022-08-18 15:15:00,17.25,17.32,17.13,17.16,0
2022-08-19 09:15:00,17.35,17.78,16.88,17.49,0
2022-08-19 10:15:00,17.49,17.86,17.34,17.86,0
2022-08-19 11:15:00,17.87,18.28,17.68,18.02,0
2022-08-19 12:15:00,18.02,18.4,17.78,17.82,0
2022-08-19 13:15:00,17.8,18.31,17.7,17.94,0
2022-08-19 14:15:00,17.94,18.26,17.89,18.25,0
2022-08-19 15:15:00,18.25,18.57,18.25,18.52,0
2022-08-22 09:15:00,18.29,19.3,17.2,19.2,0
2022-08-22 10:15:00,19.19,19.23,18.98,19.17,0
2022-08-22 11:15:00,19.17,19.18,18.77,18.79,0
2022-08-22 12:15:00,18.79,18.85,18.65,18.79,0
2022-08-22 13:15:00,18.79,18.91,18.75,18.84,0
2022-08-22 14:15:00,18.84,19.12,18.73,19.06,0
2022-08-22 15:15:00,19.06,19.09,18.89,18.96,0
2022-08-23 09:15:00,19.04,19.59,18.18,19.12,0
2022-08-23 10:15:00,19.12,19.42,18.94,19.36,0
2022-08-23 11:15:00,19.37,19.41,18.97,19.21,0
2022-08-23 12:15:00,19.2,19.24,18.83,18.91,0
2022-08-23 13:15:00,18.91,19.14,18.84,18.95,0
2022-08-23 14:15:00,18.95,19.25,18.9,19.1,0
2022-08-23 15:15:00,19.1,19.11,18.84,18.9,0
2022-08-24 09:15:00,19.05,19.34,17.99,18.81,0
2022-08-24 10:15:00,18.82,18.86,18.46,18.54,0
2022-08-24 11:15:00,18.54,18.83,18.4,18.77,0
2022-08-24 12:15:00,18.77,18.92,18.51,18.79,0
2022-08-24 13:15:00,18.81,18.91,18.46,18.67,0
2022-08-24 14:15:00,18.64,18.68,18.26,18.28,0
2022-08-24 15:15:00,18.28,18.58,18.26,18.5,0
2022-08-25 09:15:00,18.43,18.43,17.28,18.24,0
2022-08-25 10:15:00,18.23,18.62,18.23,18.57,0
2022-08-25 11:15:00,18.57,18.95,18.26,18.28,0
2022-08-25 12:15:00,18.27,18.48,18.25,18.37,0
2022-08-25 13:15:00,18.37,18.57,18.17,18.47,0
2022-08-25 14:15:00,18.48,20.22,18.47,19.63,0
2022-08-25 15:15:00,19.65,19.73,18.78,18.91,0
2022-08-26 09:15:00,19.57,19.57,15.83,18.19,0
2022-08-26 10:15:00,18.19,18.48,18.03,18.35,0
2022-08-26 11:15:00,18.36,18.46,18.03,18.26,0
2022-08-26 12:15:00,18.26,18.63,18.23,18.5,0
2022-08-26 13:15:00,18.49,18.67,18.28,18.38,0
2022-08-26 14:15:00,18.42,18.46,18.01,18.15,0
2022-08-26 15:15:00,18.15,18.6,17.97,17.97,0
2022-08-29 09:15:00,18.22,21.21,18.22,20.06,0
2022-08-29 10:15:00,20.07,20.14,19.88,20.14,0
2022-08-29 11:15:00,20.14,20.14,19.71,20.06,0
2022-08-29 12:15:00,20.06,20.07,19.76,19.92,0
2022-08-29 13:15:00,19.92,19.98,19.53,19.68,0
2022-08-29 14:15:00,19.68,19.92,19.61,19.83,0
2022-08-29 15:15:00,19.83,19.89,19.48,19.65,0
2022-08-30 09:15:00,19.82,19.82,17.26,18.81,0
2022-08-30 10:15:00,18.81,18.86,18.61,18.72,0
2022-08-30 11:15:00,18.72,18.84,18.57,18.7,0
2022-08-30 12:15:00,18.7,19.13,18.65,19.03,0
2022-08-30 13:15:00,19.02,19.26,18.91,19.12,0
2022-08-30 14:15:00,19.12,19.13,18.49,18.64,0
2022-08-30 15:15:00,18.64,18.86,18.58,18.78,0
2022-09-01 09:15:00,18.7,20.89,18.11,19.72,0
2022-09-01 10:15:00,19.71,20.07,19.67,20.0,0
2022-09-01 11:15:00,20.0,20.94,19.78,20.42,0
2022-09-01 12:15:00,20.43,20.8,20.42,20.59,0
2022-09-01 13:15:00,20.58,20.99,20.27,20.64,0
2022-09-01 14:15:00,20.64,20.86,19.6,19.75,0
2022-09-01 15:15:00,19.75,19.83,19.53,19.62,0
2022-09-02 09:15:00,19.87,20.12,17.4,20.03,0
2022-09-02 10:15:00,20.04,20.14,19.72,19.88,0
2022-09-02 11:15:00,19.9,19.93,19.67,19.72,0
2022-09-02 12:15:00,19.71,19.74,19.44,19.45,0
2022-09-02 13:15:00,19.45,19.54,19.23,19.35,0
2022-09-02 14:15:00,19.34,19.65,19.26,19.5,0
2022-09-02 15:15:00,19.51,19.72,19.44,19.68,0
2022-09-05 09:15:00,19.55,20.29,19.51,19.74,0
2022-09-05 10:15:00,19.74,19.89,19.45,19.85,0
2022-09-05 11:15:00,19.85,19.93,19.59,19.78,0
2022-09-05 12:15:00,19.78,19.81,19.51,19.77,0
2022-09-05 13:15:00,19.75,19.85,19.61,19.75,0
2022-09-05 14:15:00,19.74,19.78,19.5,19.63,0
2022-09-05 15:15:00,19.63,19.73,19.6,19.69,0
2022-09-06 09:15:00,19.66,19.85,18.83,19.79,0
2022-09-06 10:15:00,19.79,20.0,19.45,19.6,0
2022-09-06 11:15:00,19.6,19.63,19.42,19.49,0
2022-09-06 12:15:00,19.48,19.48,19.28,19.34,0
2022-09-06 13:15:00,19.34,19.45,19.28,19.33,0
2022-09-06 14:15:00,19.33,19.57,19.21,19.56,0
2022-09-06 15:15:00,19.56,19.6,19.49,19.49,0
2022-09-07 09:15:00,19.53,20.18,18.28,19.85,0
2022-09-07 10:15:00,19.85,19.89,19.75,19.89,0
2022-09-07 11:15:00,19.89,19.91,19.46,19.52,0
2022-09-07 12:15:00,19.52,19.69,19.48,19.61,0
2022-09-07 13:15:00,19.62,19.62,19.42,19.53,0
2022-09-07 14:15:00,19.53,19.55,19.35,19.42,0
2022-09-07 15:15:00,19.42,19.44,19.23,19.33,0
2022-09-08 09:15:00,19.37,19.37,17.3,18.92,0
2022-09-08 10:15:00,18.92,19.07,18.66,18.86,0
2022-09-08 11:15:00,18.86,18.95,18.42,18.78,0
2022-09-08 12:15:00,18.78,19.08,18.41,18.9,0
2022-09-08 13:15:00,18.9,18.92,18.69,18.72,0
2022-09-08 14:15:00,18.72,18.73,18.3,18.35,0
2022-09-08 15:15:00,18.35,18.36,18.16,18.19,0
2022-09-09 09:15:00,18.31,18.51,16.55,17.56,0
2022-09-09 10:15:00,17.56,17.7,17.45,17.56,0
2022-09-09 11:15:00,17.56,17.85,17.53,17.84,0
2022-09-09 12:15:00,17.84,17.97,17.64,17.81,0
2022-09-09 13:15:00,17.81,18.09,17.63,17.68,0
2022-09-09 14:15:00,17.68,17.73,17.51,17.64,0
2022-09-09 15:15:00,17.65,17.9,17.65,17.81,0
2022-09-12 09:15:00,17.72,18.38,16.39,17.97,0
2022-09-12 10:15:00,17.97,18.05,17.88,17.9,0
2022-09-12 11:15:00,17.9,17.97,17.83,17.87,0
2022-09-12 12:15:00,17.87,17.93,17.79,17.86,0
2022-09-12 13:15:00,17.86,17.94,17.77,17.83,0
2022-09-12 14:15:00,17.83,17.94,17.79,17.89,0
2022-09-12 15:15:00,17.89,18.02,17.89,17.96,0
2022-09-13 09:15:00,17.94,17.94,16.86,17.73,0
2022-09-13 10:15:00,17.73,17.76,17.62,17.76,0
2022-09-13 11:15:00,17.76,17.78,17.57,17.73,0
2022-09-13 12:15:00,17.72,17.79,17.68,17.72,0
2022-09-13 13:15:00,17.72,17.73,17.51,17.52,0
2022-09-13 14:15:00,17.51,17.55,17.38,17.52,0
2022-09-13 15:15:00,17.52,17.52,17.37,17.45,0
2022-09-14 09:15:00,17.47,18.57,17.26,18.41,0
2022-09-14 10:15:00,18.41,18.47,18.26,18.35,0
2022-09-14 11:15:00,18.35,18.43,18.28,18.37,0
2022-09-14 12:15:00,18.36,18.44,18.2,18.29,0
2022-09-14 13:15:00,18.28,18.34,18.02,18.03,0
2022-09-14 14:15:00,18.03,18.39,17.91,18.37,0
2022-09-14 15:15:00,18.36,18.44,18.28,18.35,0
2022-09-15 09:15:00,18.28,18.85,16.78,18.75,0
2022-09-15 10:15:00,18.74,19.2,18.6,19.17,0
2022-09-15 11:15:00,19.17,19.22,18.84,18.9,0
2022-09-15 12:15:00,18.91,19.04,18.67,18.91,0
2022-09-15 13:15:00,18.91,19.02,18.61,18.66,0
2022-09-15 14:15:00,18.66,18.72,18.27,18.43,0
2022-09-15 15:15:00,18.43,18.5,18.32,18.39,0
2022-09-16 09:15:00,18.39,19.26,18.3,19.25,0
2022-09-16 10:15:00,19.25,19.48,18.92,19.06,0
2022-09-16 11:15:00,19.06,19.33,18.93,19.3,0
2022-09-16 12:15:00,19.3,19.54,19.06,19.52,0
2022-09-16 13:15:00,19.53,20.13,19.39,20.05,0
2022-09-16 14:15:00,20.05,20.24,19.43,19.79,0
2022-09-16 15:15:00,19.79,19.94,19.69,19.86,0
2022-09-19 09:15:00,19.82,21.21,16.47,20.19,0
2022-09-19 10:15:00,20.19,20.22,19.96,20.09,0
2022-09-19 11:15:00,20.09,20.33,19.95,20.06,0
2022-09-19 12:15:00,20.06,20.19,19.98,20.1,0
2022-09-19 13:15:00,20.1,20.13,19.9,19.96,0
2022-09-19 14:15:00,19.95,20.12,19.88,19.92,0
2022-09-19 15:15:00,19.94,19.98,19.85,19.97,0
2022-09-20 09:15:00,19.94,19.94,18.11,18.82,0
2022-09-20 10:15:00,18.82,18.87,18.73,18.79,0
2022-09-20 11:15:00,18.79,18.85,18.67,18.8,0
2022-09-20 12:15:00,18.8,19.01,18.79,18.97,0
2022-09-20 13:15:00,18.97,19.02,18.69,18.72,0
2022-09-20 14:15:00,18.71,18.93,18.69,18.81,0
2022-09-20 15:15:00,18.81,18.83,18.72,18.77,0
2022-09-21 09:15:00,18.8,19.4,18.31,19.29,0
2022-09-21 10:15:00,19.3,19.37,19.18,19.28,0
2022-09-21 11:15:00,19.28,19.93,19.17,19.8,0
2022-09-21 12:15:00,19.8,20.29,19.61,19.82,0
2022-09-21 13:15:00,19.82,19.82,19.03,19.11,0
2022-09-21 14:15:00,19.11,19.38,19.03,19.33,0
2022-09-21 15:15:00,19.34,19.42,19.27,19.42,0
2022-09-22 09:15:00,19.33,19.66,17.41,19.49,0
2022-09-22 10:15:00,19.49,19.82,19.45,19.54,0
2022-09-22 11:15:00,19.54,20.04,19.54,19.93,0
2022-09-22 12:15:00,19.94,20.14,19.48,19.52,0
2022-09-22 13:15:00,19.51,19.52,18.59,18.68,0
2022-09-22 14:15:00,18.69,18.95,18.67,18.82,0
2022-09-22 15:15:00,18.82,18.91,18.65,18.83,0
2022-09-23 09:15:00,18.82,19.83,17.35,19.61,0
2022-09-23 10:15:00,19.61,19.84,19.44,19.6,0
2022-09-23 11:15:00,19.61,19.86,19.53,19.79,0
2022-09-23 12:15:00,19.79,20.3,19.78,20.2,0
2022-09-23 13:15:00,20.19,20.39,19.99,20.3,0
2022-09-23 14:15:00,20.29,20.81,20.25,20.64,0
2022-09-23 15:15:00,20.64,20.68,20.53,20.6,0
2022-09-26 09:15:00,20.59,22.35,18.81,22.21,0
2022-09-26 10:15:00,22.2,22.9,22.08,22.73,0
2022-09-26 11:15:00,22.74,22.78,22.11,22.12,0
2022-09-26 12:15:00,22.13,22.22,21.36,21.43,0
2022-09-26 13:15:00,21.44,21.9,21.39,21.81,0
2022-09-26 14:15:00,21.81,22.1,21.32,21.89,0
2022-09-26 15:15:00,21.88,21.95,21.72,21.78,0
2022-09-27 09:15:00,21.89,22.05,20.79,21.9,0
2022-09-27 10:15:00,21.9,22.29,21.56,22.21,0
2022-09-27 11:15:00,22.22,22.25,21.58,21.72,0
2022-09-27 12:15:00,21.72,21.94,21.53,21.56,0
2022-09-27 13:15:00,21.56,21.71,21.37,21.69,0
2022-09-27 14:15:00,21.69,21.95,21.48,21.65,0
2022-09-27 15:15:00,21.65,21.66,21.23,21.52,0
2022-09-28 09:15:00,21.57,22.15,21.54,21.75,0
2022-09-28 10:15:00,21.75,21.98,21.69,21.81,0
2022-09-28 11:15:00,21.81,21.88,21.49,21.59,0
2022-09-28 12:15:00,21.6,21.95,21.58,21.93,0
2022-09-28 13:15:00,21.92,22.05,21.81,21.9,0
2022-09-28 14:15:00,21.91,22.12,21.85,22.09,0
2022-09-28 15:15:00,22.1,22.36,22.04,22.36,0
2022-09-29 09:15:00,22.1,22.1,21.28,21.32,0
2022-09-29 10:15:00,21.32,21.47,21.22,21.42,0
2022-09-29 11:15:00,21.42,21.85,21.4,21.73,0
2022-09-29 12:15:00,21.73,22.22,21.61,22.1,0
2022-09-29 13:15:00,22.1,22.29,21.76,21.79,0
2022-09-29 14:15:00,21.79,21.86,21.07,21.1,0
2022-09-29 15:15:00,21.1,21.29,21.08,21.21,0
2022-09-30 09:15:00,21.3,21.99,20.74,20.76,0
2022-09-30 10:15:00,20.75,20.8,20.27,20.37,0
2022-09-30 11:15:00,20.36,20.42,20.06,20.09,0
2022-09-30 12:15:00,20.08,20.14,19.91,20.02,0
2022-09-30 13:15:00,20.02,20.16,19.78,19.79,0
2022-09-30 14:15:00,19.8,20.09,19.7,20.09,0
2022-09-30 15:15:00,20.09,20.11,19.84,19.99,0
2022-10-03 09:15:00,19.97,21.49,19.97,21.29,0
2022-10-03 10:15:00,21.28,21.53,21.26,21.33,0
2022-10-03 11:15:00,21.33,21.33,20.94,21.05,0
2022-10-03 12:15:00,21.05,21.19,21.0,21.05,0
2022-10-03 13:15:00,21.04,21.55,20.96,21.44,0
2022-10-03 14:15:00,21.43,21.68,21.27,21.36,0
2022-10-03 15:15:00,21.36,21.46,21.25,21.46,0
2022-10-04 09:15:00,21.37,21.37,19.76,20.01,0
2022-10-04 10:15:00,19.99,20.07,19.9,19.94,0
2022-10-04 11:15:00,19.94,19.96,19.72,19.76,0
2022-10-04 12:15:00,19.76,19.81,19.69,19.73,0
2022-10-04 13:15:00,19.73,19.75,19.56,19.67,0
2022-10-04 14:15:00,19.67,19.74,19.54,19.56,0
2022-10-04 15:15:00,19.56,19.61,19.45,19.48,0
2022-10-06 09:15:00,19.57,20.02,18.59,19.75,0
2022-10-06 10:15:00,19.74,19.76,19.56,19.62,0
2022-10-06 11:15:00,19.62,19.71,19.5,19.51,0
2022-10-06 12:15:00,19.51,19.58,19.38,19.46,0
2022-10-06 13:15:00,19.47,19.63,19.4,19.63,0
2022-10-06 14:15:00,19.63,19.66,19.26,19.29,0
2022-10-06 15:15:00,19.29,19.42,19.28,19.37,0
2022-10-07 09:15:00,19.32,19.73,18.69,19.23,0
2022-10-07 10:15:00,19.23,19.27,19.13,19.21,0
2022-10-07 11:15:00,19.21,19.28,19.12,19.24,0
2022-10-07 12:15:00,19.24,19.24,19.01,19.11,0
2022-10-07 13:15:00,19.1,19.14,18.93,18.99,0
2022-10-07 14:15:00,18.99,19.0,18.75,18.85,0
2022-10-07 15:15:00,18.85,18.86,18.77,18.77,0
2022-10-10 09:15:00,18.81,20.34,18.81,19.86,0
2022-10-10 10:15:00,19.86,19.88,19.6,19.63,0
2022-10-10 11:15:00,19.63,19.74,19.59,19.73,0
2022-10-10 12:15:00,19.74,19.9,19.68,19.7,0
2022-10-10 13:15:00,19.7,19.89,19.66,19.84,0
2022-10-10 14:15:00,19.84,19.87,19.57,19.62,0
2022-10-10 15:15:00,19.62,19.64,19.53,19.64,0
2022-10-11 09:15:00,19.62,20.03,19.09,19.84,0
2022-10-11 10:15:00,19.84,20.05,19.77,19.8,0
2022-10-11 11:15:00,19.8,19.87,19.56,19.59,0
2022-10-11 12:15:00,19.59,20.0,19.58,19.83,0
2022-10-11 13:15:00,19.83,19.96,19.63,19.71,0
2022-10-11 14:15:00,19.72,20.61,19.68,20.45,0
2022-10-11 15:15:00,20.45,20.82,20.44,20.67,0
2022-10-12 09:15:00,20.49,20.89,19.89,20.57,0
2022-10-12 10:15:00,20.58,20.74,20.37,20.59,0
2022-10-12 11:15:00,20.61,20.62,20.28,20.35,0
2022-10-12 12:15:00,20.35,20.52,20.34,20.46,0
2022-10-12 13:15:00,20.46,20.51,20.27,20.34,0
2022-10-12 14:15:00,20.34,20.36,20.11,20.17,0
2022-10-12 15:15:00,20.17,20.22,20.15,20.19,0
2022-10-13 09:15:00,20.18,20.6,18.4,20.57,0
2022-10-13 10:15:00,20.58,20.68,20.52,20.61,0
2022-10-13 11:15:00,20.61,20.94,20.61,20.78,0
2022-10-13 12:15:00,20.78,20.86,20.5,20.53,0
2022-10-13 13:15:00,20.53,20.77,20.41,20.47,0
2022-10-13 14:15:00,20.47,20.48,20.1,20.23,0
2022-10-13 15:15:00,20.23,20.78,20.18,20.71,0
2022-10-14 09:15:00,20.29,20.63,18.51,18.52,0
2022-10-14 10:15:00,18.52,18.62,18.43,18.45,0
2022-10-14 11:15:00,18.45,18.47,18.26,18.28,0
2022-10-14 12:15:00,18.28,18.31,18.18,18.25,0
2022-10-14 13:15:00,18.26,18.3,18.08,18.15,0
2022-10-14 14:15:00,18.15,18.31,18.08,18.24,0
2022-10-14 15:15:00,18.24,18.33,18.2,18.23,0
2022-10-17 09:15:00,18.26,19.08,18.26,18.76,0
2022-10-17 10:15:00,18.73,18.76,18.6,18.66,0
2022-10-17 11:15:00,18.66,18.73,18.61,18.66,0
2022-10-17 12:15:00,18.66,18.73,18.52,18.61,0
2022-10-17 13:15:00,18.61,18.63,18.45,18.51,0
2022-10-17 14:15:00,18.51,18.56,18.36,18.45,0
2022-10-17 15:15:00,18.45,18.47,18.37,18.47,0
2022-10-18 09:15:00,18.42,18.42,16.58,17.75,0
2022-10-18 10:15:00,17.75,17.77,17.51,17.57,0
2022-10-18 11:15:00,17.57,17.61,17.5,17.58,0
2022-10-18 12:15:00,17.58,17.6,17.43,17.49,0
2022-10-18 13:15:00,17.49,17.6,17.4,17.55,0
2022-10-18 14:15:00,17.56,17.61,17.44,17.47,0
2022-10-18 15:15:00,17.47,17.49,17.33,17.38,0
2022-10-19 09:15:00,17.45,17.45,16.23,17.26,0
2022-10-19 10:15:00,17.26,17.39,17.2,17.28,0
2022-10-19 11:15:00,17.28,17.37,17.25,17.3,0
2022-10-19 12:15:00,17.29,17.42,17.24,17.33,0
2022-10-19 13:15:00,17.32,17.42,17.23,17.25,0
2022-10-19 14:15:00,17.25,17.56,17.2,17.51,0
2022-10-19 15:15:00,17.52,17.55,17.39,17.54,0
2022-10-20 09:15:00,17.49,17.74,15.57,17.43,0
2022-10-20 10:15:00,17.43,17.62,17.38,17.49,0
2022-10-20 11:15:00,17.49,17.6,17.44,17.49,0
2022-10-20 12:15:00,17.49,17.63,17.44,17.5,0
2022-10-20 13:15:00,17.5,17.76,17.5,17.59,0
2022-10-20 14:15:00,17.6,17.6,17.2,17.26,0
2022-10-20 15:15:00,17.25,17.26,17.08,17.09,0
2022-10-21 09:15:00,17.23,17.23,16.59,16.74,0
2022-10-21 10:15:00,16.74,16.97,16.72,16.84,0
2022-10-21 11:15:00,16.84,16.86,16.7,16.76,0
2022-10-21 12:15:00,16.76,16.95,16.72,16.9,0
2022-10-21 13:15:00,16.89,17.25,16.84,17.12,0
2022-10-21 14:15:00,17.11,17.43,17.02,17.28,0
2022-10-21 15:15:00,17.29,17.35,17.21,17.24,0
2022-10-24 18:15:00,17.28,17.67,17.07,17.35,0
2022-10-25 09:15:00,17.42,17.62,17.13,17.18,0
2022-10-25 10:15:00,17.18,17.38,17.16,17.26,0
2022-10-25 11:15:00,17.26,17.35,16.73,16.78,0
2022-10-25 12:15:00,16.78,16.81,16.65,16.76,0
2022-10-25 13:15:00,16.75,16.83,16.49,16.53,0
2022-10-25 14:15:00,16.53,16.89,16.51,16.86,0
2022-10-25 15:15:00,16.86,17.06,16.84,17.01,0
2022-10-27 09:15:00,16.88,17.07,14.79,16.83,0
2022-10-27 10:15:00,16.82,16.84,16.62,16.69,0
2022-10-27 11:15:00,16.69,16.82,16.63,16.67,0
2022-10-27 12:15:00,16.67,16.92,16.65,16.77,0
2022-10-27 13:15:00,16.77,16.88,16.71,16.8,0
2022-10-27 14:15:00,16.79,16.99,16.51,16.57,0
2022-10-27 15:15:00,16.57,16.58,16.48,16.58,0
2022-10-28 09:15:00,16.6,17.04,16.12,16.31,0
2022-10-28 10:15:00,16.32,16.48,16.21,16.28,0
2022-10-28 11:15:00,16.28,16.31,16.14,16.14,0
2022-10-28 12:15:00,16.14,16.27,16.1,16.19,0
2022-10-28 13:15:00,16.19,16.28,16.08,16.13,0
2022-10-28 14:15:00,16.13,16.14,15.85,15.89,0
2022-10-28 15:15:00,15.89,15.94,15.88,15.91,0
2022-10-31 09:15:00,15.92,16.63,15.07,15.91,0
2022-10-31 10:15:00,15.91,16.01,15.75,15.81,0
2022-10-31 11:15:00,15.81,15.85,15.74,15.82,0
2022-10-31 12:15:00,15.82,15.87,15.79,15.85,0
2022-10-31 13:15:00,15.85,15.88,15.76,15.78,0
2022-10-31 14:15:00,15.78,15.85,15.72,15.81,0
2022-10-31 15:15:00,15.81,15.86,15.75,15.77,0
2022-11-01 09:15:00,15.8,16.04,15.11,16.03,0
2022-11-01 10:15:00,16.03,16.13,16.02,16.09,0
2022-11-01 11:15:00,16.09,16.2,16.09,16.13,0
2022-11-01 12:15:00,16.13,16.19,16.05,16.14,0
2022-11-01 13:15:00,16.14,16.2,16.04,16.14,0
2022-11-01 14:15:00,16.14,16.18,15.97,16.15,0
2022-11-01 15:15:00,16.14,16.15,16.08,16.13,0
2022-11-02 09:15:00,16.13,16.55,14.68,16.53,0
2022-11-02 10:15:00,16.52,16.65,16.5,16.58,0
2022-11-02 11:15:00,16.58,16.6,16.5,16.52,0
2022-11-02 12:15:00,16.52,16.62,16.51,16.56,0
2022-11-02 13:15:00,16.56,16.66,16.53,16.64,0
2022-11-02 14:15:00,16.64,16.86,16.56,16.85,0
2022-11-02 15:15:00,16.85,16.85,16.6,16.74,0
2022-11-03 09:15:00,16.66,16.73,14.99,16.64,0
2022-11-03 10:15:00,16.64,16.7,16.46,16.51,0
2022-11-03 11:15:00,16.51,16.51,16.38,16.43,0
2022-11-03 12:15:00,16.43,16.47,16.3,16.35,0
2022-11-03 13:15:00,16.35,16.36,16.08,16.11,0
2022-11-03 14:15:00,16.11,16.23,15.92,15.93,0
2022-11-03 15:15:00,15.93,15.97,15.89,15.93,0
2022-11-04 09:15:00,15.94,16.09,15.62,15.8,0
2022-11-04 10:15:00,15.8,15.83,15.54,15.57,0
2022-11-04 11:15:00,15.57,15.62,15.53,15.61,0
2022-11-04 12:15:00,15.61,16.14,15.54,15.6,0
2022-11-04 13:15:00,15.6,15.68,15.59,15.62,0
2022-11-04 14:15:00,15.62,15.68,15.48,15.67,0
2022-11-04 15:15:00,15.68,15.73,15.6,15.67,0
2022-11-07 09:15:00,15.66,16.04,15.28,15.94,0
2022-11-07 10:15:00,15.94,16.11,15.89,15.98,0
2022-11-07 11:15:00,15.98,16.03,15.91,15.96,0
2022-11-07 12:15:00,15.96,16.1,15.9,16.1,0
2022-11-07 13:15:00,16.1,16.36,15.84,15.87,0
2022-11-07 14:15:00,15.86,15.89,15.57,15.58,0
2022-11-07 15:15:00,15.58,15.59,15.49,15.5,0
2022-11-09 09:15:00,15.59,15.83,15.02,15.67,0
2022-11-09 10:15:00,15.67,15.9,15.64,15.87,0
2022-11-09 11:15:00,15.87,15.89,15.72,15.84,0
2022-11-09 12:15:00,15.84,15.91,15.78,15.86,0
2022-11-09 13:15:00,15.86,15.94,15.59,15.72,0
2022-11-09 14:15:00,15.72,16.07,15.68,15.9,0
2022-11-09 15:15:00,15.9,16.0,15.88,15.95,0
2022-11-10 09:15:00,15.92,16.29,15.92,16.15,0
2022-11-10 10:15:00,16.15,16.18,15.97,16.02,0
2022-11-10 11:15:00,16.02,16.03,15.79,15.82,0
2022-11-10 12:15:00,15.83,15.96,15.8,15.88,0
2022-11-10 13:15:00,15.88,16.18,15.77,15.78,0
2022-11-10 14:15:00,15.78,15.87,15.5,15.59,0
2022-11-10 15:15:00,15.59,15.63,15.49,15.59,0
2022-11-11 09:15:00,15.57,15.57,14.41,14.73,0
2022-11-11 10:15:00,14.73,14.82,14.63,14.65,0
2022-11-11 11:15:00,14.65,14.75,14.62,14.63,0
2022-11-11 12:15:00,14.63,14.77,14.61,14.64,0
2022-11-11 13:15:00,14.64,14.69,14.48,14.55,0
2022-11-11 14:15:00,14.55,14.59,14.43,14.43,0
2022-11-11 15:15:00,14.43,14.44,14.28,14.31,0
2022-11-14 09:15:00,14.41,15.27,12.56,14.84,0
2022-11-14 10:15:00,14.84,15.25,14.79,15.03,0
2022-11-14 11:15:00,15.03,15.07,14.95,14.95,0
2022-11-14 12:15:00,14.95,15.2,14.88,14.94,0
2022-11-14 13:15:00,14.94,15.08,14.81,15.08,0
2022-11-14 14:15:00,15.08,15.14,14.87,14.92,0
2022-11-14 15:15:00,14.92,14.94,14.86,14.94,0
2022-11-15 09:15:00,14.91,15.02,13.83,14.92,0
2022-11-15 10:15:00,14.92,15.02,14.9,14.97,0
2022-11-15 11:15:00,14.97,14.98,14.86,14.91,0
2022-11-15 12:15:00,14.91,14.95,14.76,14.79,0
2022-11-15 13:15:00,14.79,14.82,14.68,14.74,0
2022-11-15 14:15:00,14.74,14.78,14.59,14.66,0
2022-11-15 15:15:00,14.65,14.67,14.56,14.59,0
2022-11-16 09:15:00,14.64,15.03,13.93,14.97,0
2022-11-16 10:15:00,14.97,15.2,14.96,15.2,0
2022-11-16 11:15:00,15.2,15.31,15.17,15.19,0
2022-11-16 12:15:00,15.19,15.53,15.16,15.27,0
2022-11-16 13:15:00,15.27,15.3,15.2,15.26,0
2022-11-16 14:15:00,15.27,15.34,15.05,15.11,0
2022-11-16 15:15:00,15.1,15.13,15.07,15.11,0
2022-11-17 09:15:00,15.1,16.26,13.09,15.16,0
2022-11-17 10:15:00,15.16,15.18,15.07,15.1,0
2022-11-17 11:15:00,15.1,15.16,15.03,15.05,0
2022-11-17 12:15:00,15.06,15.07,14.97,14.99,0
2022-11-17 13:15:00,14.99,15.04,14.9,14.92,0
2022-11-17 14:15:00,14.92,15.35,14.72,14.88,0
2022-11-17 15:15:00,14.88,15.05,14.85,15.05,0
2022-11-18 09:15:00,14.88,14.88,13.86,14.8,0
2022-11-18 10:15:00,14.8,15.09,14.75,15.09,0
2022-11-18 11:15:00,15.09,15.69,14.83,14.84,0
2022-11-18 12:15:00,14.84,14.88,14.68,14.75,0
2022-11-18 13:15:00,14.75,14.83,14.62,14.78,0
2022-11-18 14:15:00,14.78,14.83,14.36,14.4,0
2022-11-18 15:15:00,14.4,14.51,14.28,14.32,0
2022-11-21 09:15:00,14.39,15.27,13.36,14.83,0
2022-11-21 10:15:00,14.84,14.97,14.8,14.88,0
2022-11-21 11:15:00,14.89,15.55,14.74,14.78,0
2022-11-21 12:15:00,14.78,15.15,14.71,15.1,0
2022-11-21 13:15:00,15.1,15.17,14.93,15.02,0
2022-11-21 14:15:00,15.02,15.08,14.56,14.61,0
2022-11-21 15:15:00,14.61,15.39,14.54,14.65,0
2022-11-22 09:15:00,14.8,16.27,13.32,14.47,0
2022-11-22 10:15:00,14.46,14.9,14.37,14.45,0
2022-11-22 11:15:00,14.45,14.53,14.26,14.32,0
2022-11-22 12:15:00,14.31,14.32,14.08,14.1,0
2022-11-22 13:15:00,14.1,14.23,14.08,14.12,0
2022-11-22 14:15:00,14.12,14.2,13.81,13.87,0
2022-11-22 15:15:00,13.87,13.9,13.64,13.68,0
2022-11-23 09:15:00,13.84,13.89,11.88,13.85,0
2022-11-23 10:15:00,13.85,13.98,13.84,13.93,0
2022-11-23 11:15:00,13.93,14.0,13.73,13.73,0
2022-11-23 12:15:00,13.73,13.88,13.72,13.82,0
2022-11-23 13:15:00,13.82,13.87,13.7,13.79,0
2022-11-23 14:15:00,13.79,14.03,13.67,13.96,0
2022-11-23 15:15:00,13.97,14.33,13.97,14.18,0
2022-11-24 09:15:00,14.04,14.04,13.0,13.84,0
2022-11-24 10:15:00,13.82,13.87,13.62,13.69,0
2022-11-24 11:15:00,13.7,13.79,13.59,13.67,0
2022-11-24 12:15:00,13.67,13.74,13.44,13.51,0
2022-11-24 13:15:00,13.52,13.6,13.2,13.24,0
2022-11-24 14:15:00,13.24,13.56,13.23,13.52,0
2022-11-24 15:15:00,13.52,13.7,13.48,13.55,0
2022-11-25 09:15:00,13.48,15.77,13.04,13.12,0
2022-11-25 10:15:00,13.13,13.36,12.87,12.97,0
2022-11-25 11:15:00,12.97,13.27,12.89,13.23,0
2022-11-25 12:15:00,13.23,13.28,13.07,13.07,0
2022-11-25 13:15:00,13.07,13.16,13.02,13.11,0
2022-11-25 14:15:00,13.11,13.53,12.77,13.3,0
2022-11-25 15:15:00,13.3,13.35,13.13,13.31,0
2022-11-28 09:15:00,13.33,13.64,12.41,13.49,0
2022-11-28 10:15:00,13.49,13.54,13.36,13.49,0
2022-11-28 11:15:00,13.49,14.05,13.29,13.38,0
2022-11-28 12:15:00,13.38,13.71,13.36,13.63,0
2022-11-28 13:15:00,13.63,13.68,13.52,13.55,0
2022-11-28 14:15:00,13.55,14.06,13.41,13.59,0
2022-11-28 15:15:00,13.6,13.62,13.35,13.53,0
2022-11-29 09:15:00,13.57,13.65,12.41,13.52,0
2022-11-29 10:15:00,13.51,13.57,13.28,13.55,0
2022-11-29 11:15:00,13.55,13.98,13.5,13.54,0
2022-11-29 12:15:00,13.54,13.67,13.53,13.58,0
2022-11-29 13:15:00,13.58,14.08,13.52,13.6,0
2022-11-29 14:15:00,13.6,14.62,13.44,13.59,0
2022-11-29 15:15:00,13.59,13.62,13.35,13.57,0
2022-11-30 09:15:00,13.62,13.69,12.75,13.46,0
2022-11-30 10:15:00,13.46,13.6,13.45,13.57,0
2022-11-30 11:15:00,13.57,13.61,13.47,13.6,0
2022-11-30 12:15:00,13.6,13.61,13.5,13.59,0
2022-11-30 13:15:00,13.58,13.77,13.51,13.74,0
2022-11-30 14:15:00,13.74,13.9,13.62,13.89,0
2022-11-30 15:15:00,13.89,14.05,13.7,13.78,0
2022-12-01 09:15:00,13.81,14.17,12.99,13.58,0
2022-12-01 10:15:00,13.58,13.63,13.39,13.46,0
2022-12-01 11:15:00,13.46,13.53,13.24,13.46,0
2022-12-01 12:15:00,13.46,13.52,13.34,13.4,0
2022-12-01 13:15:00,13.4,13.78,13.34,13.48,0
2022-12-01 14:15:00,13.48,13.57,13.36,13.37,0
2022-12-01 15:15:00,13.36,13.4,13.24,13.28,0
2022-12-02 09:15:00,13.36,14.04,12.96,13.98,0
2022-12-02 10:15:00,13.98,14.06,13.94,13.99,0
2022-12-02 11:15:00,13.99,14.09,13.42,13.75,0
2022-12-02 12:15:00,13.75,13.95,13.31,13.37,0
2022-12-02 13:15:00,13.36,13.53,13.26,13.4,0
2022-12-02 14:15:00,13.4,13.85,13.28,13.43,0
2022-12-02 15:15:00,13.43,13.57,13.38,13.54,0
2022-12-05 09:15:00,13.45,14.42,13.45,13.9,0
2022-12-05 10:15:00,13.9,13.97,13.72,13.72,0
2022-12-05 11:15:00,13.73,13.79,13.6,13.6,0
2022-12-05 12:15:00,13.6,13.77,13.6,13.76,0
2022-12-05 13:15:00,13.76,13.93,13.7,13.83,0
2022-12-05 14:15:00,13.84,13.88,13.6,13.65,0
2022-12-05 15:15:00,13.65,13.85,13.64,13.78,0
2022-12-06 09:15:00,13.73,14.07,12.18,13.99,0
2022-12-06 10:15:00,13.98,14.07,13.92,14.01,0
2022-12-06 11:15:00,14.01,14.05,13.92,14.02,0
2022-12-06 12:15:00,14.02,14.25,13.98,14.07,0
2022-12-06 13:15:00,14.06,14.18,13.94,14.13,0
2022-12-06 14:15:00,14.13,14.16,13.96,14.06,0
2022-12-06 15:15:00,14.05,14.08,13.98,14.02,0
2022-12-07 09:15:00,14.04,14.09,13.8,13.94,0
2022-12-07 10:15:00,13.95,14.46,13.91,14.17,0
2022-12-07 11:15:00,14.17,14.23,14.02,14.08,0
2022-12-07 12:15:00,14.08,14.22,13.98,14.06,0
2022-12-07 13:15:00,14.06,14.18,14.0,14.15,0
2022-12-07 14:15:00,14.15,14.18,13.85,14.14,0
2022-12-07 15:15:00,14.14,14.17,14.05,14.06,0
2022-12-08 09:15:00,14.08,14.89,13.36,13.64,0
2022-12-08 10:15:00,13.64,13.78,13.6,13.75,0
2022-12-08 11:15:00,13.75,13.84,13.66,13.71,0
2022-12-08 12:15:00,13.72,13.85,13.62,13.68,0
2022-12-08 13:15:00,13.68,13.71,13.44,13.44,0
2022-12-08 14:15:00,13.44,13.6,13.41,13.42,0
2022-12-08 15:15:00,13.42,13.42,13.26,13.26,0
2022-12-09 09:15:00,13.4,13.4,11.91,13.0,0
2022-12-09 10:15:00,13.0,13.4,12.98,13.26,0
2022-12-09 11:15:00,13.26,13.41,13.17,13.18,0
2022-12-09 12:15:00,13.18,13.87,13.15,13.66,0
2022-12-09 13:15:00,13.66,13.92,13.57,13.89,0
2022-12-09 14:15:00,13.89,13.96,13.42,13.49,0
2022-12-09 15:15:00,13.48,13.51,13.35,13.45,0
2022-12-12 09:15:00,13.48,14.15,12.53,13.56,0
2022-12-12 10:15:00,13.55,13.58,13.41,13.49,0
2022-12-12 11:15:00,13.49,13.55,13.41,13.48,0
2022-12-12 12:15:00,13.48,13.51,13.37,13.37,0
2022-12-12 13:15:00,13.37,13.49,13.32,13.43,0
2022-12-12 14:15:00,13.43,13.55,13.3,13.32,0
2022-12-12 15:15:00,13.32,13.34,13.21,13.29,0
2022-12-13 09:15:00,13.32,13.58,11.43,13.37,0
2022-12-13 10:15:00,13.38,13.39,13.23,13.25,0
2022-12-13 11:15:00,13.25,13.28,12.98,12.99,0
2022-12-13 12:15:00,12.99,13.04,12.81,12.89,0
2022-12-13 13:15:00,12.89,13.0,12.82,12.9,0
2022-12-13 14:15:00,12.9,12.97,12.78,12.88,0
2022-12-13 15:15:00,12.88,13.08,12.86,12.93,0
2022-12-14 09:15:00,12.88,12.88,11.53,12.64,0
2022-12-14 10:15:00,12.64,12.7,12.53,12.59,0
2022-12-14 11:15:00,12.59,12.63,12.53,12.58,0
2022-12-14 12:15:00,12.58,12.78,12.51,12.69,0
2022-12-14 13:15:00,12.69,12.94,12.67,12.9,0
2022-12-14 14:15:00,12.91,12.91,12.68,12.84,0
2022-12-14 15:15:00,12.84,13.08,12.82,12.99,0
2022-12-15 09:15:00,12.89,13.03,12.63,12.93,0
2022-12-15 10:15:00,12.92,13.03,12.69,12.74,0
2022-12-15 11:15:00,12.74,12.98,12.66,12.98,0
2022-12-15 12:15:00,12.98,13.23,12.94,13.16,0
2022-12-15 13:15:00,13.16,13.41,13.15,13.25,0
2022-12-15 14:15:00,13.25,13.86,13.23,13.79,0
2022-12-15 15:15:00,13.79,13.88,13.69,13.81,0
2022-12-16 09:15:00,13.73,14.15,12.49,13.72,0
2022-12-16 10:15:00,13.72,14.22,13.64,13.92,0
2022-12-16 11:15:00,13.91,13.99,13.76,13.79,0
2022-12-16 12:15:00,13.79,13.79,13.48,13.59,0
2022-12-16 13:15:00,13.59,13.87,13.54,13.77,0
2022-12-16 14:15:00,13.77,14.21,13.74,14.11,0
2022-12-16 15:15:00,14.11,14.14,13.89,13.89,0
2022-12-19 09:15:00,14.07,14.49,14.07,14.12,0
2022-12-19 10:15:00,14.12,14.17,13.92,14.02,0
2022-12-19 11:15:00,14.03,14.05,13.87,14.01,0
2022-12-19 12:15:00,14.0,14.01,13.85,13.92,0
2022-12-19 13:15:00,13.92,14.0,13.71,13.76,0
2022-12-19 14:15:00,13.76,13.82,13.52,13.55,0
2022-12-19 15:15:00,13.55,13.57,13.5,13.54,0
2022-12-20 09:15:00,13.55,14.73,13.04,14.66,0
2022-12-20 10:15:00,14.66,14.92,14.55,14.78,0
2022-12-20 11:15:00,14.78,14.9,14.58,14.62,0
2022-12-20 12:15:00,14.62,14.64,14.18,14.37,0
2022-12-20 13:15:00,14.37,14.39,14.11,14.14,0
2022-12-20 14:15:00,14.14,14.18,13.74,13.76,0
2022-12-20 15:15:00,13.76,13.8,13.63,13.67,0
2022-12-21 09:15:00,13.78,14.16,12.46,13.97,0
2022-12-21 10:15:00,13.97,14.32,13.95,14.16,0
2022-12-21 11:15:00,14.16,14.3,13.99,14.28,0
2022-12-21 12:15:00,14.29,14.88,14.29,14.6,0
2022-12-21 13:15:00,14.61,16.01,14.6,15.43,0
2022-12-21 14:15:00,15.43,15.91,14.98,15.49,0
2022-12-21 15:15:00,15.49,15.66,15.46,15.53,0
2022-12-22 09:15:00,15.56,16.02,14.44,15.91,0
2022-12-22 10:15:00,15.92,16.3,15.91,16.0,0
2022-12-22 11:15:00,15.99,16.1,15.86,16.02,0
2022-12-22 12:15:00,16.02,16.07,15.4,15.56,0
2022-12-22 13:15:00,15.54,15.7,15.15,15.26,0
2022-12-22 14:15:00,15.26,15.49,15.07,15.1,0
2022-12-22 15:15:00,15.1,15.23,14.94,15.1,0
2022-12-23 09:15:00,15.19,16.18,14.48,15.88,0
2022-12-23 10:15:00,15.88,15.98,15.57,15.58,0
2022-12-23 11:15:00,15.59,15.98,15.57,15.8,0
2022-12-23 12:15:00,15.8,15.88,15.53,15.72,0
2022-12-23 13:15:00,15.72,16.05,15.61,15.94,0
2022-12-23 14:15:00,15.94,16.48,15.75,16.19,0
2022-12-23 15:15:00,16.19,16.21,15.96,16.03,0
2022-12-26 09:15:00,16.16,17.23,14.31,16.35,0
2022-12-26 10:15:00,16.35,16.41,16.08,16.18,0
2022-12-26 11:15:00,16.18,16.21,16.0,16.03,0
2022-12-26 12:15:00,16.03,16.11,15.91,15.99,0
2022-12-26 13:15:00,15.99,16.07,15.88,15.92,0
2022-12-26 14:15:00,15.92,16.04,15.71,15.99,0
2022-12-26 15:15:00,15.99,16.05,15.84,15.95,0
2022-12-27 09:15:00,15.93,16.13,14.93,15.99,0
2022-12-27 10:15:00,15.98,16.06,15.67,15.7,0
2022-12-27 11:15:00,15.7,15.78,15.57,15.69,0
2022-12-27 12:15:00,15.7,15.84,15.53,15.59,0
2022-12-27 13:15:00,15.58,15.59,15.36,15.37,0
2022-12-27 14:15:00,15.37,15.46,15.21,15.28,0
2022-12-27 15:15:00,15.28,15.29,15.16,15.25,0
2022-12-28 09:15:00,15.29,15.65,15.28,15.44,0
2022-12-28 10:15:00,15.43,15.64,15.41,15.45,0
2022-12-28 11:15:00,15.45,15.55,15.42,15.51,0
2022-12-28 12:15:00,15.51,15.58,15.43,15.49,0
2022-12-28 13:15:00,15.5,15.59,15.27,15.3,0
2022-12-28 14:15:00,15.3,15.53,15.29,15.37,0
2022-12-28 15:15:00,15.37,15.47,15.34,15.37,0
2022-12-29 09:15:00,15.4,15.76,15.4,15.74,0
2022-12-29 10:15:00,15.74,15.77,15.54,15.57,0
2022-12-29 11:15:00,15.57,15.62,15.33,15.46,0
2022-12-29 12:15:00,15.47,15.54,15.3,15.32,0
2022-12-29 13:15:00,15.32,15.43,15.11,15.23,0
2022-12-29 14:15:00,15.23,15.31,14.78,14.79,0
2022-12-29 15:15:00,14.79,14.86,14.71,14.86,0
2022-12-30 09:15:00,14.81,14.91,14.28,14.47,0
2022-12-30 10:15:00,14.48,14.49,14.3,14.39,0
2022-12-30 11:15:00,14.39,14.59,14.39,14.53,0
2022-12-30 12:15:00,14.53,14.61,14.41,14.58,0
2022-12-30 13:15:00,14.58,14.71,14.46,14.57,0
2022-12-30 14:15:00,14.57,15.12,14.51,14.9,0
2022-12-30 15:15:00,14.91,15.0,14.67,14.73,0
2023-01-02 09:15:00,14.87,15.45,14.87,15.2,0
2023-01-02 10:15:00,15.2,15.21,14.91,15.0,0
2023-01-02 11:15:00,15.0,15.01,14.89,14.93,0
2023-01-02 12:15:00,14.93,14.99,14.88,14.92,0
2023-01-02 13:15:00,14.92,14.93,14.8,14.83,0
2023-01-02 14:15:00,14.84,14.99,14.67,14.68,0
2023-01-02 15:15:00,14.68,14.7,14.57,14.61,0
2023-01-03 09:15:00,14.69,14.99,14.64,14.65,0
2023-01-03 10:15:00,14.65,14.68,14.52,14.57,0
2023-01-03 11:15:00,14.57,14.63,14.5,14.61,0
2023-01-03 12:15:00,14.61,14.79,14.59,14.67,0
2023-01-03 13:15:00,14.67,14.68,14.47,14.53,0
2023-01-03 14:15:00,14.53,14.56,14.31,14.34,0
2023-01-03 15:15:00,14.34,14.42,14.33,14.37,0
2023-01-04 09:15:00,14.39,14.99,14.33,14.85,0
2023-01-04 10:15:00,14.86,15.07,14.68,15.02,0
2023-01-04 11:15:00,15.02,15.68,14.93,15.54,0
2023-01-04 12:15:00,15.54,15.55,15.18,15.29,0
2023-01-04 13:15:00,15.28,15.32,14.78,14.9,0
2023-01-04 14:15:00,14.9,15.37,14.86,15.15,0
2023-01-04 15:15:00,15.15,15.26,15.08,15.14,0
2023-01-05 09:15:00,15.2,15.36,14.81,15.0,0
2023-01-05 10:15:00,14.99,15.23,14.9,15.12,0
2023-01-05 11:15:00,15.12,15.45,15.06,15.33,0
2023-01-05 12:15:00,15.33,15.55,15.3,15.42,0
2023-01-05 13:15:00,15.42,15.6,15.29,15.38,0
2023-01-05 14:15:00,15.38,15.39,14.97,15.04,0
2023-01-05 15:15:00,15.04,15.04,14.85,14.87,0
2023-01-06 09:15:00,14.98,15.09,14.62,14.84,0
2023-01-06 10:15:00,14.84,14.92,14.75,14.87,0
2023-01-06 11:15:00,14.86,14.95,14.69,14.75,0
2023-01-06 12:15:00,14.75,15.19,14.75,15.18,0
2023-01-06 13:15:00,15.18,15.38,15.11,15.35,0
2023-01-06 14:15:00,15.35,15.44,14.97,14.98,0
2023-01-06 15:15:00,14.99,15.01,14.76,14.81,0
2023-01-09 09:15:00,15.03,15.37,14.53,14.81,0
2023-01-09 10:15:00,14.81,14.9,14.7,14.77,0
2023-01-09 11:15:00,14.76,14.78,14.66,14.71,0
2023-01-09 12:15:00,14.71,14.81,14.68,14.75,0
2023-01-09 13:15:00,14.75,15.03,14.74,14.85,0
2023-01-09 14:15:00,14.85,14.91,14.6,14.62,0
2023-01-09 15:15:00,14.62,14.69,14.58,14.68,0
2023-01-10 09:15:00,14.65,15.34,14.56,15.14,0
2023-01-10 10:15:00,15.14,15.36,15.01,15.35,0
2023-01-10 11:15:00,15.35,15.53,15.3,15.38,0
2023-01-10 12:15:00,15.38,15.91,15.24,15.82,0
2023-01-10 13:15:00,15.81,15.94,15.57,15.68,0
2023-01-10 14:15:00,15.68,15.89,15.39,15.42,0
2023-01-10 15:15:00,15.41,15.51,15.38,15.45,0
2023-01-11 09:15:00,15.51,16.23,15.12,15.59,0
2023-01-11 10:15:00,15.59,15.77,15.49,15.53,0
2023-01-11 11:15:00,15.52,15.72,15.39,15.49,0
2023-01-11 12:15:00,15.48,15.75,15.46,15.62,0
2023-01-11 13:15:00,15.62,15.75,15.48,15.69,0
2023-01-11 14:15:00,15.69,15.72,15.27,15.43,0
2023-01-11 15:15:00,15.43,15.47,15.37,15.4,0
2023-01-12 09:15:00,15.44,15.86,14.42,15.8,0
2023-01-12 10:15:00,15.81,16.02,15.81,15.97,0
2023-01-12 11:15:00,15.97,16.04,15.79,15.8,0
2023-01-12 12:15:00,15.8,15.82,15.49,15.58,0
2023-01-12 13:15:00,15.58,15.84,15.38,15.41,0
2023-01-12 14:15:00,15.41,15.46,15.21,15.26,0
2023-01-12 15:15:00,15.27,15.35,15.23,15.33,0
2023-01-13 09:15:00,15.28,15.6,15.01,15.3,0
2023-01-13 10:15:00,15.3,15.33,15.0,15.05,0
2023-01-13 11:15:00,15.05,15.07,14.84,14.85,0
2023-01-13 12:15:00,14.85,14.88,14.66,14.67,0
2023-01-13 13:15:00,14.67,14.79,14.6,14.63,0
2023-01-13 14:15:00,14.63,14.67,14.41,14.44,0
2023-01-13 15:15:00,14.43,14.51,14.4,14.43,0
2023-01-16 09:15:00,14.46,15.25,14.46,14.95,0
2023-01-16 10:15:00,14.95,15.06,14.88,15.01,0
2023-01-16 11:15:00,15.0,15.2,15.0,15.1,0
2023-01-16 12:15:00,15.1,15.27,15.07,15.08,0
2023-01-16 13:15:00,15.08,15.36,15.03,15.28,0
2023-01-16 14:15:00,15.27,15.35,14.97,15.0,0
2023-01-16 15:15:00,15.0,15.03,14.95,15.02,0
2023-01-17 09:15:00,15.02,15.31,13.84,15.02,0
2023-01-17 10:15:00,15.02,15.03,14.9,14.93,0
2023-01-17 11:15:00,14.94,14.98,14.83,14.85,0
2023-01-17 12:15:00,14.85,14.9,14.79,14.85,0
2023-01-17 13:15:00,14.84,14.87,14.63,14.63,0
2023-01-17 14:15:00,14.63,14.69,14.53,14.58,0
2023-01-17 15:15:00,14.58,14.69,14.57,14.65,0
2023-01-18 09:15:00,14.59,14.75,12.47,14.46,0
2023-01-18 10:15:00,14.46,14.51,14.41,14.45,0
2023-01-18 11:15:00,14.45,14.45,14.24,14.34,0
2023-01-18 12:15:00,14.34,14.37,14.29,14.31,0
2023-01-18 13:15:00,14.31,14.44,14.24,14.42,0
2023-01-18 14:15:00,14.42,14.44,14.24,14.39,0
2023-01-18 15:15:00,14.39,14.47,14.36,14.44,0
2023-01-19 09:15:00,14.37,14.83,14.37,14.6,0
2023-01-19 10:15:00,14.6,14.61,14.27,14.3,0
2023-01-19 11:15:00,14.3,14.33,14.2,14.23,0
2023-01-19 12:15:00,14.23,14.26,14.12,14.16,0
2023-01-19 13:15:00,14.17,14.19,13.97,13.99,0
2023-01-19 14:15:00,13.99,14.13,13.89,13.99,0
2023-01-19 15:15:00,13.98,14.05,13.96,14.05,0
2023-01-20 09:15:00,13.96,14.19,11.64,13.85,0
2023-01-20 10:15:00,13.85,13.85,13.64,13.7,0
2023-01-20 11:15:00,13.7,13.73,13.57,13.66,0
2023-01-20 12:15:00,13.66,13.71,13.52,13.54,0
2023-01-20 13:15:00,13.52,13.8,13.49,13.68,0
2023-01-20 14:15:00,13.68,13.84,13.63,13.76,0
2023-01-20 15:15:00,13.77,13.81,13.75,13.79,0
2023-01-23 09:15:00,13.79,14.26,13.55,13.66,0
2023-01-23 10:15:00,13.66,13.67,13.51,13.54,0
2023-01-23 11:15:00,13.54,13.64,13.51,13.63,0
2023-01-23 12:15:00,13.64,13.84,13.6,13.78,0
2023-01-23 13:15:00,13.78,13.78,13.49,13.57,0
2023-01-23 14:15:00,13.57,13.74,13.48,13.62,0
2023-01-23 15:15:00,13.62,13.63,13.56,13.58,0
2023-01-24 09:15:00,13.62,13.62,13.3,13.53,0
2023-01-24 10:15:00,13.52,13.54,13.36,13.44,0
2023-01-24 11:15:00,13.44,13.6,13.43,13.55,0
2023-01-24 12:15:00,13.55,13.67,13.5,13.53,0
2023-01-24 13:15:00,13.53,13.77,13.48,13.69,0
2023-01-24 14:15:00,13.7,13.81,13.61,13.67,0
2023-01-24 15:15:00,13.67,13.68,13.6,13.63,0
2023-01-25 09:15:00,13.66,14.81,13.52,14.77,0
2023-01-25 10:15:00,14.76,14.9,14.44,14.64,0
2023-01-25 11:15:00,14.63,15.42,14.52,14.72,0
2023-01-25 12:15:00,14.72,15.0,14.49,14.65,0
2023-01-25 13:15:00,14.65,14.86,14.44,14.51,0
2023-01-25 14:15:00,14.52,14.84,14.47,14.56,0
2023-01-25 15:15:00,14.56,14.69,14.56,14.59,0
2023-01-27 09:15:00,14.66,16.58,14.58,16.5,0
2023-01-27 10:15:00,16.5,16.63,15.91,16.37,0
2023-01-27 11:15:00,16.37,16.76,16.23,16.65,0
2023-01-27 12:15:00,16.64,18.01,16.58,17.44,0
2023-01-27 13:15:00,17.44,17.68,17.12,17.66,0
2023-01-27 14:15:00,17.66,17.69,17.27,17.35,0
2023-01-27 15:15:00,17.35,17.35,17.11,17.34,0
2023-01-30 09:15:00,17.32,19.39,17.29,18.09,0
2023-01-30 10:15:00,18.09,18.58,18.03,18.41,0
2023-01-30 11:15:00,18.41,18.45,17.83,17.96,0
2023-01-30 12:15:00,17.97,18.39,17.93,18.39,0
2023-01-30 13:15:00,18.38,18.89,18.12,18.16,0
2023-01-30 14:15:00,18.15,18.22,17.39,17.75,0
2023-01-30 15:15:00,17.75,17.87,17.63,17.81,0
2023-01-31 09:15:00,17.71,18.37,17.12,18.22,0
2023-01-31 10:15:00,18.21,18.31,17.74,17.86,0
2023-01-31 11:15:00,17.86,17.93,17.3,17.45,0
2023-01-31 12:15:00,17.44,17.56,17.06,17.1,0
2023-01-31 13:15:00,17.1,17.3,16.73,17.24,0
2023-01-31 14:15:00,17.24,17.37,16.74,16.74,0
2023-01-31 15:15:00,16.74,16.98,16.57,16.98,0
2023-02-01 09:15:00,16.88,16.88,15.33,16.1,0
2023-02-01 10:15:00,16.1,16.11,15.75,16.03,0
2023-02-01 11:15:00,16.01,16.26,15.61,15.92,0
2023-02-01 12:15:00,15.94,16.06,14.85,14.93,0
2023-02-01 13:15:00,14.93,16.02,14.87,15.94,0
2023-02-01 14:15:00,15.94,18.54,15.94,16.58,0
2023-02-01 15:15:00,16.59,16.99,16.54,16.94,0
2023-02-02 09:15:00,16.78,17.77,16.28,16.45,0
2023-02-02 10:15:00,16.45,16.94,16.16,16.29,0
2023-02-02 11:15:00,16.29,16.38,15.97,16.05,0
2023-02-02 12:15:00,16.05,16.48,16.05,16.23,0
2023-02-02 13:15:00,16.23,16.61,16.13,16.23,0
2023-02-02 14:15:00,16.23,16.25,15.51,15.71,0
2023-02-02 15:15:00,15.71,15.86,15.63,15.85,0
2023-02-03 09:15:00,15.73,15.73,15.09,15.12,0
2023-02-03 10:15:00,15.12,15.76,15.05,15.35,0
2023-02-03 11:15:00,15.35,15.61,15.09,15.14,0
2023-02-03 12:15:00,15.13,15.15,14.86,14.89,0
2023-02-03 13:15:00,14.89,14.98,14.61,14.65,0
2023-02-03 14:15:00,14.64,14.69,14.36,14.42,0
2023-02-03 15:15:00,14.42,14.44,14.27,14.33,0
2023-02-06 09:15:00,14.4,15.21,14.19,14.81,0
2023-02-06 10:15:00,14.81,15.19,14.8,15.08,0
2023-02-06 11:15:00,15.08,15.09,14.85,14.95,0
2023-02-06 12:15:00,14.95,15.02,14.83,14.91,0
2023-02-06 13:15:00,14.91,14.93,14.62,14.66,0
2023-02-06 14:15:00,14.67,14.74,14.57,14.69,0
2023-02-06 15:15:00,14.69,14.85,14.68,14.84,0
2023-02-07 09:15:00,14.69,14.88,13.67,14.48,0
2023-02-07 10:15:00,14.48,14.52,14.1,14.1,0
2023-02-07 11:15:00,14.11,14.36,14.1,14.36,0
2023-02-07 12:15:00,14.36,14.69,14.27,14.67,0
2023-02-07 13:15:00,14.67,14.67,14.13,14.18,0
2023-02-07 14:15:00,14.18,14.25,13.93,14.1,0
2023-02-07 15:15:00,14.1,14.26,14.0,14.04,0
2023-02-08 09:15:00,14.13,14.25,13.76,13.82,0
2023-02-08 10:15:00,13.83,13.99,13.76,13.85,0
2023-02-08 11:15:00,13.86,13.86,13.73,13.73,0
2023-02-08 12:15:00,13.73,13.88,13.62,13.68,0
2023-02-08 13:15:00,13.68,13.72,13.6,13.65,0
2023-02-08 14:15:00,13.65,13.76,13.56,13.59,0
2023-02-08 15:15:00,13.59,13.6,13.54,13.58,0
2023-02-09 09:15:00,13.6,13.82,12.06,13.5,0
2023-02-09 10:15:00,13.5,13.56,13.42,13.49,0
2023-02-09 11:15:00,13.51,13.59,13.42,13.54,0
2023-02-09 12:15:00,13.54,13.62,13.43,13.46,0
2023-02-09 13:15:00,13.47,13.51,13.18,13.25,0
2023-02-09 14:15:00,13.24,13.27,13.0,13.02,0
2023-02-09 15:15:00,13.02,13.09,12.95,13.04,0
2023-02-10 09:15:00,13.04,13.28,12.21,12.89,0
2023-02-10 10:15:00,12.89,12.98,12.82,12.83,0
2023-02-10 11:15:00,12.83,12.91,12.76,12.89,0
2023-02-10 12:15:00,12.89,12.9,12.77,12.86,0
2023-02-10 13:15:00,12.85,12.88,12.76,12.79,0
2023-02-10 14:15:00,12.79,12.81,12.7,12.73,0
2023-02-10 15:15:00,12.73,12.8,12.71,12.77,0
2023-02-13 09:15:00,12.75,13.97,11.83,13.87,0
2023-02-13 10:15:00,13.87,13.92,13.48,13.5,0
2023-02-13 11:15:00,13.5,13.91,13.49,13.9,0
2023-02-13 12:15:00,13.9,14.1,13.69,13.71,0
2023-02-13 13:15:00,13.7,13.84,13.57,13.79,0
2023-02-13 14:15:00,13.79,13.85,13.6,13.67,0
2023-02-13 15:15:00,13.67,13.79,13.64,13.75,0
2023-02-14 09:15:00,13.68,13.68,12.45,13.37,0
2023-02-14 10:15:00,13.37,13.48,13.28,13.41,0
2023-02-14 11:15:00,13.4,13.44,13.29,13.43,0
2023-02-14 12:15:00,13.43,13.5,13.4,13.48,0
2023-02-14 13:15:00,13.48,13.53,13.38,13.47,0
2023-02-14 14:15:00,13.47,13.55,13.42,13.46,0
2023-02-14 15:15:00,13.46,13.48,13.4,13.42,0
2023-02-15 09:15:00,13.45,13.45,11.28,12.74,0
2023-02-15 10:15:00,12.74,12.83,12.63,12.75,0
2023-02-15 11:15:00,12.75,12.86,12.57,12.81,0
2023-02-15 12:15:00,12.81,12.98,12.71,12.95,0
2023-02-15 13:15:00,12.95,13.08,12.92,13.02,0
2023-02-15 14:15:00,13.02,13.04,12.73,12.83,0
2023-02-15 15:15:00,12.83,12.99,12.78,12.78,0
2023-02-16 09:15:00,12.86,12.87,10.28,12.85,0
2023-02-16 10:15:00,12.85,12.89,12.77,12.86,0
2023-02-16 11:15:00,12.86,12.95,12.8,12.91,0
2023-02-16 12:15:00,12.91,13.16,12.91,12.98,0
2023-02-16 13:15:00,12.98,13.03,12.89,12.93,0
2023-02-16 14:15:00,12.93,13.12,12.83,12.94,0
2023-02-16 15:15:00,12.94,12.96,12.85,12.88,0
2023-02-17 09:15:00,12.89,13.11,10.8,12.86,0
2023-02-17 10:15:00,12.87,13.0,12.8,12.83,0
2023-02-17 11:15:00,12.83,12.94,12.76,12.93,0
2023-02-17 12:15:00,12.94,13.2,12.9,13.18,0
2023-02-17 13:15:00,13.18,13.52,13.09,13.34,0
2023-02-17 14:15:00,13.34,13.41,13.06,13.09,0
2023-02-17 15:15:00,13.08,13.09,12.86,12.86,0
2023-02-20 09:15:00,13.09,13.52,10.92,13.22,0
2023-02-20 10:15:00,13.22,13.29,13.06,13.11,0
2023-02-20 11:15:00,13.11,13.38,13.09,13.38,0
2023-02-20 12:15:00,13.38,13.43,13.2,13.25,0
2023-02-20 13:15:00,13.25,13.56,13.23,13.44,0
2023-02-20 14:15:00,13.44,13.71,13.27,13.39,0
2023-02-20 15:15:00,13.41,13.41,13.27,13.38,0
2023-02-21 09:15:00,13.38,14.09,13.38,13.9,0
2023-02-21 10:15:00,13.9,13.97,13.8,13.84,0
2023-02-21 11:15:00,13.84,13.96,13.6,13.87,0
2023-02-21 12:15:00,13.87,14.04,13.6,13.82,0
2023-02-21 13:15:00,13.82,13.94,13.68,13.8,0
2023-02-21 14:15:00,13.81,14.3,13.77,14.01,0
2023-02-21 15:15:00,14.03,14.05,13.82,13.96,0
2023-02-22 09:15:00,14.01,15.65,12.38,14.74,0
2023-02-22 10:15:00,14.74,15.03,14.73,14.91,0
2023-02-22 11:15:00,14.91,15.14,14.71,14.82,0
2023-02-22 12:15:00,14.82,15.35,14.78,15.29,0
2023-02-22 13:15:00,15.3,15.86,15.27,15.84,0
2023-02-22 14:15:00,15.84,15.92,15.01,15.5,0
2023-02-22 15:15:00,15.51,15.77,15.49,15.71,0
2023-02-23 09:15:00,15.59,16.01,14.91,15.1,0
2023-02-23 10:15:00,15.1,15.32,14.52,14.89,0
2023-02-23 11:15:00,14.89,15.02,14.73,14.97,0
2023-02-23 12:15:00,14.97,15.51,14.89,15.04,0
2023-02-23 13:15:00,15.04,15.26,14.86,14.94,0
2023-02-23 14:15:00,14.95,15.39,14.66,14.99,0
2023-02-23 15:15:00,14.99,15.16,14.86,15.02,0
2023-02-24 09:15:00,15.08,15.14,14.22,14.25,0
2023-02-24 10:15:00,14.24,14.65,14.09,14.39,0
2023-02-24 11:15:00,14.4,14.62,14.18,14.34,0
2023-02-24 12:15:00,14.34,14.71,14.3,14.67,0
2023-02-24 13:15:00,14.67,14.74,14.04,14.44,0
2023-02-24 14:15:00,14.44,14.54,14.14,14.17,0
2023-02-24 15:15:00,14.16,14.23,14.01,14.14,0
2023-02-27 09:15:00,14.19,14.87,13.8,14.84,0
2023-02-27 10:15:00,14.82,15.1,14.35,14.36,0
2023-02-27 11:15:00,14.37,14.65,14.19,14.65,0
2023-02-27 12:15:00,14.65,14.73,14.4,14.63,0
2023-02-27 13:15:00,14.63,14.66,13.89,14.09,0
2023-02-27 14:15:00,14.09,14.18,13.78,13.82,0
2023-02-27 15:15:00,13.82,13.92,13.75,13.86,0
2023-02-28 09:15:00,13.88,13.98,13.5,13.8,0
2023-02-28 10:15:00,13.79,14.09,13.68,13.85,0
2023-02-28 11:15:00,13.86,13.99,13.75,13.84,0
2023-02-28 12:15:00,13.83,14.11,13.69,14.01,0
2023-02-28 13:15:00,14.01,14.57,13.93,14.52,0
2023-02-28 14:15:00,14.52,14.54,13.81,13.99,0
2023-02-28 15:15:00,14.0,14.09,13.9,13.9,0
2023-03-01 09:15:00,14.02,14.02,12.28,13.47,0
2023-03-01 10:15:00,13.47,13.55,13.19,13.28,0
2023-03-01 11:15:00,13.28,13.47,13.19,13.45,0
2023-03-01 12:15:00,13.45,13.47,13.29,13.33,0
2023-03-01 13:15:00,13.33,13.42,13.13,13.21,0
2023-03-01 14:15:00,13.21,13.21,12.95,13.04,0
2023-03-01 15:15:00,13.04,13.04,12.9,12.98,0
2023-03-02 09:15:00,13.0,13.55,11.1,13.43,0
2023-03-02 10:15:00,13.44,13.47,13.04,13.08,0
2023-03-02 11:15:00,13.08,13.17,12.9,12.94,0
2023-03-02 12:15:00,12.94,13.09,12.9,13.07,0
2023-03-02 13:15:00,13.07,13.35,12.83,12.93,0
2023-03-02 14:15:00,12.93,13.11,12.78,12.96,0
2023-03-02 15:15:00,12.97,13.08,12.96,13.07,0
2023-03-03 09:15:00,12.97,12.97,11.98,12.24,0
2023-03-03 10:15:00,12.24,12.34,12.18,12.28,0
2023-03-03 11:15:00,12.29,12.32,12.18,12.24,0
2023-03-03 12:15:00,12.24,12.3,12.18,12.23,0
2023-03-03 13:15:00,12.23,12.28,12.15,12.18,0
2023-03-03 14:15:00,12.18,12.26,12.07,12.18,0
2023-03-03 15:15:00,12.18,12.21,12.07,12.09,0
2023-03-06 09:15:00,12.18,12.29,11.84,12.08,0
2023-03-06 10:15:00,12.08,12.18,12.02,12.12,0
2023-03-06 11:15:00,12.12,12.31,12.06,12.29,0
2023-03-06 12:15:00,12.29,12.47,12.27,12.37,0
2023-03-06 13:15:00,12.37,12.44,12.24,12.27,0
2023-03-06 14:15:00,12.27,12.36,12.2,12.23,0
2023-03-06 15:15:00,12.23,12.32,12.23,12.32,0
2023-03-08 09:15:00,12.27,12.85,11.9,12.76,0
2023-03-08 10:15:00,12.77,12.85,12.68,12.77,0
2023-03-08 11:15:00,12.77,12.79,12.63,12.67,0
2023-03-08 12:15:00,12.66,12.72,12.58,12.62,0
2023-03-08 13:15:00,12.62,12.66,12.51,12.55,0
2023-03-08 14:15:00,12.55,12.58,12.39,12.46,0
2023-03-08 15:15:00,12.46,12.53,12.39,12.52,0
2023-03-09 09:15:00,12.45,12.75,11.78,12.74,0
2023-03-09 10:15:00,12.74,12.76,12.42,12.45,0
2023-03-09 11:15:00,12.44,12.57,12.33,12.51,0
2023-03-09 12:15:00,12.51,12.63,12.44,12.59,0
2023-03-09 13:15:00,12.6,12.78,12.54,12.61,0
2023-03-09 14:15:00,12.6,12.76,12.55,12.76,0
2023-03-09 15:15:00,12.76,12.84,12.71,12.84,0
2023-03-10 09:15:00,12.73,13.82,12.73,13.41,0
2023-03-10 10:15:00,13.41,13.5,13.25,13.33,0
2023-03-10 11:15:00,13.32,13.42,13.21,13.42,0
2023-03-10 12:15:00,13.42,13.53,13.22,13.29,0
2023-03-10 13:15:00,13.28,13.6,13.26,13.47,0
2023-03-10 14:15:00,13.47,13.59,13.29,13.43,0
2023-03-10 15:15:00,13.42,13.53,13.36,13.51,0
2023-03-13 09:15:00,13.41,14.0,13.41,13.82,0
2023-03-13 10:15:00,13.83,14.14,13.78,14.1,0
2023-03-13 11:15:00,14.1,14.33,14.03,14.25,0
2023-03-13 12:15:00,14.26,15.0,14.19,14.75,0
2023-03-13 13:15:00,14.74,15.52,14.59,15.5,0
2023-03-13 14:15:00,15.5,16.43,15.5,16.37,0
2023-03-13 15:15:00,16.37,16.37,15.93,16.14,0
2023-03-14 09:15:00,16.22,16.22,15.0,15.89,0
2023-03-14 10:15:00,15.91,16.3,15.71,16.15,0
2023-03-14 11:15:00,16.14,16.32,15.86,16.03,0
2023-03-14 12:15:00,16.03,16.29,15.55,16.28,0
2023-03-14 13:15:00,16.29,16.6,16.21,16.5,0
2023-03-14 14:15:00,16.5,16.64,16.05,16.05,0
2023-03-14 15:15:00,16.06,16.22,16.02,16.11,0
2023-03-15 09:15:00,16.22,16.22,14.52,15.56,0
2023-03-15 10:15:00,15.56,15.72,15.46,15.64,0
2023-03-15 11:15:00,15.65,15.66,15.26,15.5,0
2023-03-15 12:15:00,15.5,15.85,15.47,15.78,0
2023-03-15 13:15:00,15.78,16.02,15.59,15.87,0
2023-03-15 14:15:00,15.87,16.36,15.82,16.35,0
2023-03-15 15:15:00,16.35,16.51,16.26,16.42,0
2023-03-16 09:15:00,16.3,17.36,13.95,17.08,0
2023-03-16 10:15:00,17.08,17.11,16.08,16.12,0
2023-03-16 11:15:00,16.12,16.6,16.08,16.6,0
2023-03-16 12:15:00,16.6,16.76,16.24,16.26,0
2023-03-16 13:15:00,16.27,16.44,16.01,16.06,0
2023-03-16 14:15:00,16.05,16.36,15.76,16.25,0
2023-03-16 15:15:00,16.25,16.28,16.07,16.08,0
2023-03-17 09:15:00,16.22,16.22,15.1,15.34,0
2023-03-17 10:15:00,15.34,15.66,15.15,15.66,0
2023-03-17 11:15:00,15.66,15.93,15.44,15.75,0
2023-03-17 12:15:00,15.75,15.95,15.69,15.79,0
2023-03-17 13:15:00,15.79,15.82,15.14,15.29,0
2023-03-17 14:15:00,15.28,15.48,14.6,14.7,0
2023-03-17 15:15:00,14.7,14.88,14.63,14.63,0
2023-03-20 09:15:00,14.77,16.62,14.52,16.51,0
2023-03-20 10:15:00,16.51,16.68,16.15,16.33,0
2023-03-20 11:15:00,16.33,16.8,16.21,16.78,0
2023-03-20 12:15:00,16.78,17.22,16.65,16.91,0
2023-03-20 13:15:00,16.91,17.12,16.67,16.78,0
2023-03-20 14:15:00,16.77,16.88,15.93,15.98,0
2023-03-20 15:15:00,15.98,16.05,15.92,16.05,0
2023-03-21 09:15:00,16.01,16.04,15.13,15.61,0
2023-03-21 10:15:00,15.61,15.64,15.48,15.59,0
2023-03-21 11:15:00,15.59,15.8,15.52,15.8,0
2023-03-21 12:15:00,15.8,15.81,15.18,15.23,0
2023-03-21 13:15:00,15.23,15.41,15.1,15.2,0
2023-03-21 14:15:00,15.2,15.21,14.99,15.09,0
2023-03-21 15:15:00,15.11,15.18,15.03,15.03,0
2023-03-22 09:15:00,15.08,15.08,14.29,14.96,0
2023-03-22 10:15:00,14.96,15.09,14.88,14.97,0
2023-03-22 11:15:00,14.97,15.03,14.82,14.9,0
2023-03-22 12:15:00,14.9,14.94,14.75,14.92,0
2023-03-22 13:15:00,14.92,14.97,14.7,14.82,0
2023-03-22 14:15:00,14.82,15.01,14.73,14.73,0
2023-03-22 15:15:00,14.73,14.85,14.73,14.84,0
2023-03-23 09:15:00,14.81,15.06,14.36,14.39,0
2023-03-23 10:15:00,14.39,14.5,14.24,14.39,0
2023-03-23 11:15:00,14.39,14.42,14.17,14.21,0
2023-03-23 12:15:00,14.21,14.24,13.96,14.08,0
2023-03-23 13:15:00,14.08,14.2,13.9,14.2,0
2023-03-23 14:15:00,14.2,14.6,14.16,14.53,0
2023-03-23 15:15:00,14.53,14.64,14.46,14.64,0
2023-03-24 09:15:00,14.49,14.83,14.2,14.47,0
2023-03-24 10:15:00,14.47,14.67,14.34,14.45,0
2023-03-24 11:15:00,14.46,14.59,14.33,14.44,0
2023-03-24 12:15:00,14.44,14.73,14.34,14.43,0
2023-03-24 13:15:00,14.43,14.86,14.35,14.72,0
2023-03-24 14:15:00,14.74,15.27,14.73,15.18,0
2023-03-24 15:15:00,15.19,15.43,15.18,15.34,0
2023-03-27 09:15:00,15.24,16.09,15.24,15.65,0
2023-03-27 10:15:00,15.65,15.79,15.55,15.69,0
2023-03-27 11:15:00,15.69,15.78,15.42,15.43,0
2023-03-27 12:15:00,15.43,15.62,15.35,15.59,0
2023-03-27 13:15:00,15.61,15.72,15.32,15.34,0
2023-03-27 14:15:00,15.35,15.54,15.1,15.46,0
2023-03-27 15:15:00,15.45,15.53,15.35,15.49,0
2023-03-28 09:15:00,15.45,15.59,15.16,15.28,0
2023-03-28 10:15:00,15.28,15.61,15.16,15.51,0
2023-03-28 11:15:00,15.5,15.51,15.16,15.39,0
2023-03-28 12:15:00,15.39,15.42,15.15,15.18,0
2023-03-28 13:15:00,15.18,15.56,15.14,15.49,0
2023-03-28 14:15:00,15.5,15.55,15.04,15.17,0
2023-03-28 15:15:00,15.17,15.21,14.87,14.87,0
2023-03-29 09:15:00,15.1,15.1,14.25,14.28,0
2023-03-29 10:15:00,14.29,14.51,14.1,14.4,0
2023-03-29 11:15:00,14.4,14.52,14.2,14.46,0
2023-03-29 12:15:00,14.46,14.52,14.16,14.24,0
2023-03-29 13:15:00,14.24,14.26,13.93,13.95,0
2023-03-29 14:15:00,13.95,14.2,13.55,13.6,0
2023-03-29 15:15:00,13.6,13.62,13.33,13.33,0
2023-03-31 09:15:00,13.63,13.63,12.74,12.9,0
2023-03-31 10:15:00,12.9,12.96,12.79,12.92,0
2023-03-31 11:15:00,12.92,12.96,12.76,12.8,0
2023-03-31 12:15:00,12.8,12.83,12.65,12.79,0
2023-03-31 13:15:00,12.79,13.04,12.72,12.98,0
2023-03-31 14:15:00,12.99,13.11,12.81,12.92,0
2023-03-31 15:15:00,12.92,13.03,12.91,12.92,0
2023-04-03 09:15:00,12.94,13.49,12.91,13.03,0
2023-04-03 10:15:00,13.05,13.17,13.02,13.11,0
2023-04-03 11:15:00,13.11,13.12,12.93,12.97,0
2023-04-03 12:15:00,12.97,13.01,12.82,12.95,0
2023-04-03 13:15:00,12.95,12.98,12.83,12.87,0
2023-04-03 14:15:00,12.87,12.89,12.56,12.56,0
2023-04-03 15:15:00,12.56,12.6,12.47,12.5,0
2023-04-05 09:15:00,12.59,12.81,12.05,12.76,0
2023-04-05 10:15:00,12.76,12.8,12.69,12.78,0
2023-04-05 11:15:00,12.79,12.79,12.64,12.68,0
2023-04-05 12:15:00,12.68,12.72,12.53,12.58,0
2023-04-05 13:15:00,12.58,12.71,12.54,12.59,0
2023-04-05 14:15:00,12.6,12.64,12.4,12.46,0
2023-04-05 15:15:00,12.46,12.47,12.31,12.37,0
2023-04-06 09:15:00,12.41,12.57,11.96,12.37,0
2023-04-06 10:15:00,12.38,12.42,12.11,12.13,0
2023-04-06 11:15:00,12.13,12.22,12.09,12.15,0
2023-04-06 12:15:00,12.15,12.17,11.94,12.03,0
2023-04-06 13:15:00,12.03,12.23,11.99,12.09,0
2023-04-06 14:15:00,12.09,12.12,11.74,11.81,0
2023-04-06 15:15:00,11.8,11.91,11.65,11.7,0
2023-04-10 09:15:00,11.8,12.53,11.8,12.43,0
2023-04-10 10:15:00,12.43,12.56,12.36,12.38,0
2023-04-10 11:15:00,12.36,12.4,12.23,12.28,0
2023-04-10 12:15:00,12.28,12.34,12.25,12.29,0
2023-04-10 13:15:00,12.29,12.34,12.25,12.31,0
2023-04-10 14:15:00,12.31,12.5,12.22,12.27,0
2023-04-10 15:15:00,12.27,12.3,12.25,12.3,0
2023-04-11 09:15:00,12.27,12.27,11.67,12.13,0
2023-04-11 10:15:00,12.13,12.25,12.11,12.2,0
2023-04-11 11:15:00,12.2,12.26,12.09,12.18,0
2023-04-11 12:15:00,12.19,12.25,12.11,12.2,0
2023-04-11 13:15:00,12.2,12.23,12.08,12.13,0
2023-04-11 14:15:00,12.12,12.15,11.94,11.94,0
2023-04-11 15:15:00,11.94,11.98,11.92,11.93,0
2023-04-12 09:15:00,11.98,12.2,11.98,12.16,0
2023-04-12 10:15:00,12.16,12.21,12.08,12.16,0
2023-04-12 11:15:00,12.16,12.19,12.09,12.17,0
2023-04-12 12:15:00,12.17,12.25,12.11,12.22,0
2023-04-12 13:15:00,12.23,12.4,12.2,12.37,0
2023-04-12 14:15:00,12.36,12.39,12.22,12.24,0
2023-04-12 15:15:00,12.24,12.33,12.24,12.29,0
2023-04-13 09:15:00,12.27,12.46,11.88,12.4,0
2023-04-13 10:15:00,12.4,12.51,12.36,12.46,0
2023-04-13 11:15:00,12.46,12.47,12.26,12.38,0
2023-04-13 12:15:00,12.38,12.42,12.18,12.23,0
2023-04-13 13:15:00,12.23,12.25,12.08,12.1,0
2023-04-13 14:15:00,12.09,12.11,11.86,11.92,0
2023-04-13 15:15:00,11.92,11.92,11.84,11.9,0
2023-04-17 09:15:00,11.91,13.27,11.91,12.89,0
2023-04-17 10:15:00,12.89,12.94,12.51,12.7,0
2023-04-17 11:15:00,12.71,12.74,12.54,12.62,0
2023-04-17 12:15:00,12.62,12.64,12.39,12.55,0
2023-04-17 13:15:00,12.55,12.62,12.42,12.45,0
2023-04-17 14:15:00,12.45,12.48,12.19,12.27,0
2023-04-17 15:15:00,12.28,12.36,12.22,12.29,0
2023-04-18 09:15:00,12.27,12.52,11.86,12.4,0
2023-04-18 10:15:00,12.4,12.53,12.29,12.3,0
2023-04-18 11:15:00,12.31,12.35,12.2,12.25,0
2023-04-18 12:15:00,12.25,12.27,12.12,12.18,0
2023-04-18 13:15:00,12.18,12.47,12.16,12.33,0
2023-04-18 14:15:00,12.33,12.36,12.0,12.06,0
2023-04-18 15:15:00,12.07,12.16,12.06,12.16,0
2023-04-19 09:15:00,12.08,12.47,11.11,12.14,0
2023-04-19 10:15:00,12.14,12.21,12.07,12.1,0
2023-04-19 11:15:00,12.1,12.16,11.99,12.13,0
2023-04-19 12:15:00,12.13,12.24,12.05,12.14,0
2023-04-19 13:15:00,12.14,12.31,12.11,12.23,0
2023-04-19 14:15:00,12.23,12.27,12.05,12.07,0
2023-04-19 15:15:00,12.07,12.26,12.06,12.21,0
2023-04-20 09:15:00,12.15,12.25,11.58,12.12,0
2023-04-20 10:15:00,12.12,12.4,12.08,12.21,0
2023-04-20 11:15:00,12.21,12.22,12.04,12.12,0
2023-04-20 12:15:00,12.12,12.34,12.01,12.31,0
2023-04-20 13:15:00,12.3,12.36,12.18,12.28,0
2023-04-20 14:15:00,12.28,12.29,11.89,11.9,0
2023-04-20 15:15:00,11.9,11.95,11.82,11.87,0
2023-04-21 09:15:00,11.94,12.04,11.7,11.76,0
2023-04-21 10:15:00,11.76,11.9,11.71,11.71,0
2023-04-21 11:15:00,11.71,11.8,11.66,11.74,0
2023-04-21 12:15:00,11.74,11.91,11.72,11.82,0
2023-04-21 13:15:00,11.83,11.83,11.61,11.66,0
2023-04-21 14:15:00,11.66,11.68,11.52,11.62,0
2023-04-21 15:15:00,11.62,11.72,11.61,11.65,0
2023-04-24 09:15:00,11.63,12.21,11.63,12.09,0
2023-04-24 10:15:00,12.09,12.11,11.89,11.93,0
2023-04-24 11:15:00,11.93,12.03,11.89,11.9,0
2023-04-24 12:15:00,11.9,11.95,11.8,11.83,0
2023-04-24 13:15:00,11.83,11.99,11.82,11.96,0
2023-04-24 14:15:00,11.96,11.97,11.65,11.69,0
2023-04-24 15:15:00,11.68,11.72,11.58,11.62,0
2023-04-25 09:15:00,11.67,11.81,11.44,11.64,0
2023-04-25 10:15:00,11.64,11.66,11.53,11.61,0
2023-04-25 11:15:00,11.6,11.63,11.49,11.56,0
2023-04-25 12:15:00,11.55,11.66,11.5,11.58,0
2023-04-25 13:15:00,11.58,11.64,11.47,11.49,0
2023-04-25 14:15:00,11.49,11.6,11.43,11.48,0
2023-04-25 15:15:00,11.48,11.6,11.46,11.48,0
2023-04-26 09:15:00,11.52,11.9,11.3,11.61,0
2023-04-26 10:15:00,11.61,11.72,11.6,11.66,0
2023-04-26 11:15:00,11.66,11.82,11.62,11.81,0
2023-04-26 12:15:00,11.82,11.85,11.7,11.84,0
2023-04-26 13:15:00,11.84,11.86,11.68,11.73,0
2023-04-26 14:15:00,11.75,11.81,11.63,11.65,0
2023-04-26 15:15:00,11.65,11.7,11.6,11.63,0
2023-04-27 09:15:00,11.65,12.02,10.96,11.9,0
2023-04-27 10:15:00,11.9,12.0,11.87,11.91,0
2023-04-27 11:15:00,11.91,11.91,11.77,11.82,0
2023-04-27 12:15:00,11.82,11.85,11.72,11.81,0
2023-04-27 13:15:00,11.81,11.81,11.61,11.68,0
2023-04-27 14:15:00,11.68,11.74,11.39,11.4,0
2023-04-27 15:15:00,11.4,11.44,11.37,11.39,0
2023-04-28 09:15:00,11.43,11.54,11.21,11.32,0
2023-04-28 10:15:00,11.32,11.38,11.0,11.01,0
2023-04-28 11:15:00,11.01,11.02,10.84,10.88,0
2023-04-28 12:15:00,10.89,10.97,10.79,10.89,0
2023-04-28 13:15:00,10.89,11.1,10.79,10.93,0
2023-04-28 14:15:00,10.93,11.06,10.79,10.96,0
2023-04-28 15:15:00,10.96,11.08,10.91,11.03,0
2023-05-02 09:15:00,10.95,12.05,10.95,11.99,0
2023-05-02 10:15:00,12.0,12.06,11.8,11.87,0
2023-05-02 11:15:00,11.88,12.0,11.86,11.88,0
2023-05-02 12:15:00,11.88,12.01,11.86,11.95,0
2023-05-02 13:15:00,11.95,12.03,11.9,11.97,0
2023-05-02 14:15:00,11.97,12.02,11.85,11.91,0
2023-05-02 15:15:00,11.92,11.96,11.86,11.95,0
2023-05-03 09:15:00,11.9,12.16,11.13,11.94,0
2023-05-03 10:15:00,11.95,11.99,11.86,11.98,0
2023-05-03 11:15:00,11.98,12.06,11.91,12.0,0
2023-05-03 12:15:00,12.01,12.05,11.87,11.95,0
2023-05-03 13:15:00,11.95,12.25,11.9,12.1,0
2023-05-03 14:15:00,12.11,12.12,11.77,11.77,0
2023-05-03 15:15:00,11.78,11.93,11.75,11.93,0
2023-05-04 09:15:00,11.84,12.03,11.19,11.88,0
2023-05-04 10:15:00,11.88,11.97,11.85,11.92,0
2023-05-04 11:15:00,11.92,11.95,11.83,11.92,0
2023-05-04 12:15:00,11.92,12.0,11.9,11.95,0
2023-05-04 13:15:00,11.95,12.03,11.9,11.93,0
2023-05-04 14:15:00,11.93,11.94,11.68,11.71,0
2023-05-04 15:15:00,11.71,11.79,11.67,11.68,0
2023-05-05 09:15:00,11.73,12.12,11.64,11.68,0
2023-05-05 10:15:00,11.68,11.88,11.64,11.84,0
2023-05-05 11:15:00,11.84,12.26,11.84,12.01,0
2023-05-05 12:15:00,12.01,12.07,11.86,11.95,0
2023-05-05 13:15:00,11.95,12.17,11.91,11.96,0
2023-05-05 14:15:00,11.96,12.35,11.95,12.34,0
2023-05-05 15:15:00,12.34,12.38,12.26,12.38,0
2023-05-08 09:15:00,12.3,12.75,11.72,12.52,0
2023-05-08 10:15:00,12.52,12.68,12.43,12.6,0
2023-05-08 11:15:00,12.6,12.91,12.53,12.59,0
2023-05-08 12:15:00,12.59,12.63,12.56,12.57,0
2023-05-08 13:15:00,12.57,12.69,12.55,12.62,0
2023-05-08 14:15:00,12.62,12.73,12.6,12.66,0
2023-05-08 15:15:00,12.66,12.69,12.54,12.55,0
2023-05-09 09:15:00,12.64,12.71,11.66,12.56,0
2023-05-09 10:15:00,12.56,12.56,12.46,12.48,0
2023-05-09 11:15:00,12.49,12.65,12.48,12.55,0
2023-05-09 12:15:00,12.55,12.69,12.53,12.68,0
2023-05-09 13:15:00,12.68,12.79,12.61,12.74,0
2023-05-09 14:15:00,12.75,12.82,12.62,12.64,0
2023-05-09 15:15:00,12.65,12.73,12.63,12.73,0
2023-05-10 09:15:00,12.68,13.26,11.54,13.24,0
2023-05-10 10:15:00,13.24,13.29,13.1,13.26,0
2023-05-10 11:15:00,13.26,13.27,12.98,13.02,0
2023-05-10 12:15:00,13.02,13.23,13.0,13.18,0
2023-05-10 13:15:00,13.17,13.21,13.04,13.06,0
2023-05-10 14:15:00,13.06,13.3,12.98,13.05,0
2023-05-10 15:15:00,13.05,13.08,12.99,13.04,0
2023-05-11 09:15:00,13.08,13.73,12.82,13.71,0
2023-05-11 10:15:00,13.71,13.74,13.44,13.54,0
2023-05-11 11:15:00,13.54,13.6,13.46,13.54,0
2023-05-11 12:15:00,13.54,13.55,13.28,13.29,0
2023-05-11 13:15:00,13.29,13.36,13.21,13.26,0
2023-05-11 14:15:00,13.26,13.35,13.18,13.23,0
2023-05-11 15:15:00,13.23,13.25,13.12,13.17,0
2023-05-12 09:15:00,13.22,13.51,13.08,13.11,0
2023-05-12 10:15:00,13.11,13.14,12.93,12.97,0
2023-05-12 11:15:00,12.97,12.99,12.9,12.95,0
2023-05-12 12:15:00,12.94,12.95,12.82,12.89,0
2023-05-12 13:15:00,12.89,12.92,12.74,12.84,0
2023-05-12 14:15:00,12.83,12.94,12.77,12.85,0
2023-05-12 15:15:00,12.85,12.87,12.79,12.81,0
2023-05-15 09:15:00,12.85,13.59,12.54,13.08,0
2023-05-15 10:15:00,13.08,13.17,13.06,13.1,0
2023-05-15 11:15:00,13.1,13.17,13.06,13.16,0
2023-05-15 12:15:00,13.16,13.17,13.07,13.11,0
2023-05-15 13:15:00,13.11,13.14,13.06,13.11,0
2023-05-15 14:15:00,13.11,13.22,13.07,13.18,0
2023-05-15 15:15:00,13.18,13.2,13.12,13.13,0
2023-05-16 09:15:00,13.17,13.49,11.71,13.24,0
2023-05-16 10:15:00,13.24,13.4,13.17,13.31,0
2023-05-16 11:15:00,13.31,13.38,13.24,13.28,0
2023-05-16 12:15:00,13.27,13.32,13.2,13.22,0
2023-05-16 13:15:00,13.22,13.25,13.13,13.24,0
2023-05-16 14:15:00,13.24,13.43,13.17,13.38,0
2023-05-16 15:15:00,13.38,13.41,13.19,13.22,0
2023-05-17 09:15:00,13.29,13.53,11.9,13.0,0
2023-05-17 10:15:00,12.99,13.14,12.93,12.95,0
2023-05-17 11:15:00,12.95,13.43,12.93,13.43,0
2023-05-17 12:15:00,13.43,13.56,13.31,13.56,0
2023-05-17 13:15:00,13.56,13.58,13.32,13.41,0
2023-05-17 14:15:00,13.41,13.43,13.08,13.1,0
2023-05-17 15:15:00,13.1,13.11,12.88,12.89,0
2023-05-18 09:15:00,13.11,13.11,12.25,12.87,0
2023-05-18 10:15:00,12.86,12.86,12.69,12.78,0
2023-05-18 11:15:00,12.78,12.87,12.69,12.84,0
2023-05-18 12:15:00,12.84,13.03,12.78,12.87,0
2023-05-18 13:15:00,12.87,13.03,12.67,12.93,0
2023-05-18 14:15:00,12.93,13.0,12.66,12.75,0
2023-05-18 15:15:00,12.75,12.83,12.7,12.8,0
2023-05-19 09:15:00,12.8,12.8,11.69,12.67,0
2023-05-19 10:15:00,12.67,12.82,12.55,12.6,0
2023-05-19 11:15:00,12.59,12.7,12.52,12.69,0
2023-05-19 12:15:00,12.7,12.8,12.59,12.68,0
2023-05-19 13:15:00,12.68,12.71,12.45,12.53,0
2023-05-19 14:15:00,12.53,12.58,12.25,12.28,0
2023-05-19 15:15:00,12.28,12.32,12.18,12.3,0
2023-05-22 09:15:00,12.3,12.82,11.56,12.3,0
2023-05-22 10:15:00,12.31,12.47,12.2,12.34,0
2023-05-22 11:15:00,12.35,12.68,12.26,12.57,0
2023-05-22 12:15:00,12.57,12.74,12.53,12.59,0
2023-05-22 13:15:00,12.59,12.75,12.53,12.61,0
2023-05-22 14:15:00,12.61,12.71,12.54,12.59,0
2023-05-22 15:15:00,12.59,12.65,12.4,12.65,0
2023-05-23 09:15:00,12.57,12.87,12.36,12.7,0
2023-05-23 10:15:00,12.7,12.78,12.42,12.55,0
2023-05-23 11:15:00,12.56,13.08,12.32,12.63,0
2023-05-23 12:15:00,12.63,12.8,12.59,12.77,0
2023-05-23 13:15:00,12.77,12.79,12.59,12.72,0
2023-05-23 14:15:00,12.72,12.8,12.51,12.52,0
2023-05-23 15:15:00,12.51,12.65,12.44,12.65,0
2023-05-24 09:15:00,12.61,13.09,12.41,12.55,0
2023-05-24 10:15:00,12.55,12.99,12.49,12.96,0
2023-05-24 11:15:00,12.96,13.03,12.81,12.99,0
2023-05-24 12:15:00,12.99,13.4,12.9,13.4,0
2023-05-24 13:15:00,13.39,13.44,13.17,13.23,0
2023-05-24 14:15:00,13.23,13.34,13.03,13.03,0
2023-05-24 15:15:00,13.03,13.18,13.02,13.03,0
2023-05-25 09:15:00,13.11,13.13,8.18,12.85,0
2023-05-25 10:15:00,12.84,12.99,12.52,12.91,0
2023-05-25 11:15:00,12.91,13.06,12.68,12.73,0
2023-05-25 12:15:00,12.73,12.89,12.61,12.88,0
2023-05-25 13:15:00,12.88,13.06,12.75,12.9,0
2023-05-25 14:15:00,12.9,12.97,12.51,12.53,0
2023-05-25 15:15:00,12.53,12.55,12.36,12.36,0
2023-05-26 09:15:00,12.52,12.86,11.81,11.95,0
2023-05-26 10:15:00,11.95,11.99,11.79,11.8,0
2023-05-26 11:15:00,11.8,12.14,11.72,12.11,0
2023-05-26 12:15:00,12.09,12.33,11.79,11.79,0
2023-05-26 13:15:00,11.81,11.97,11.7,11.94,0
2023-05-26 14:15:00,11.94,12.06,11.86,11.87,0
2023-05-26 15:15:00,11.87,11.95,11.79,11.82,0
2023-05-29 09:15:00,11.9,12.43,8.81,12.41,0
2023-05-29 10:15:00,12.41,12.44,12.15,12.18,0
2023-05-29 11:15:00,12.18,12.4,12.14,12.38,0
2023-05-29 12:15:00,12.38,12.49,12.35,12.42,0
2023-05-29 13:15:00,12.41,12.46,12.27,12.3,0
2023-05-29 14:15:00,12.29,12.43,12.22,12.31,0
2023-05-29 15:15:00,12.31,12.34,12.26,12.3,0
2023-05-30 09:15:00,12.3,12.3,11.77,12.11,0
2023-05-30 10:15:00,12.11,12.38,12.07,12.28,0
2023-05-30 11:15:00,12.28,12.33,12.17,12.18,0
2023-05-30 12:15:00,12.18,12.3,12.13,12.13,0
2023-05-30 13:15:00,12.13,12.17,12.01,12.05,0
2023-05-30 14:15:00,12.05,12.11,11.95,11.98,0
2023-05-30 15:15:00,11.98,12.04,11.98,12.04,0
2023-05-31 09:15:00,12.01,12.13,11.62,11.89,0
2023-05-31 10:15:00,11.89,11.97,11.58,11.86,0
2023-05-31 11:15:00,11.86,12.32,11.79,12.32,0
2023-05-31 12:15:00,12.31,12.47,12.17,12.38,0
2023-05-31 13:15:00,12.38,12.46,12.15,12.26,0
2023-05-31 14:15:00,12.23,12.28,11.92,12.0,0
2023-05-31 15:15:00,12.0,12.06,11.82,12.05,0
2023-06-01 09:15:00,11.97,11.97,11.22,11.61,0
2023-06-01 10:15:00,11.61,11.64,11.47,11.48,0
2023-06-01 11:15:00,11.48,11.62,11.41,11.6,0
2023-06-01 12:15:00,11.59,11.64,11.46,11.49,0
2023-06-01 13:15:00,11.49,11.9,11.41,11.58,0
2023-06-01 14:15:00,11.58,11.82,11.5,11.62,0
2023-06-01 15:15:00,11.62,11.9,11.5,11.64,0
2023-06-02 09:15:00,11.6,11.7,11.27,11.65,0
2023-06-02 10:15:00,11.66,11.74,11.3,11.39,0
2023-06-02 11:15:00,11.39,11.44,11.25,11.35,0
2023-06-02 12:15:00,11.35,11.39,11.15,11.18,0
2023-06-02 13:15:00,11.18,11.26,11.07,11.18,0
2023-06-02 14:15:00,11.18,11.34,10.86,11.04,0
2023-06-02 15:15:00,11.04,11.39,11.0,11.09,0
2023-06-05 09:15:00,11.13,11.34,10.32,11.25,0
2023-06-05 10:15:00,11.25,11.26,11.1,11.11,0
2023-06-05 11:15:00,11.11,11.27,11.07,11.09,0
2023-06-05 12:15:00,11.1,11.25,11.07,11.23,0
2023-06-05 13:15:00,11.23,11.33,11.09,11.14,0
2023-06-05 14:15:00,11.14,11.26,11.05,11.1,0
2023-06-05 15:15:00,11.11,11.2,11.04,11.2,0
2023-06-06 09:15:00,11.14,11.37,10.47,11.36,0
2023-06-06 10:15:00,11.36,11.61,11.33,11.55,0
2023-06-06 11:15:00,11.55,11.62,11.35,11.46,0
2023-06-06 12:15:00,11.46,11.52,11.31,11.48,0
2023-06-06 13:15:00,11.48,11.53,11.31,11.45,0
2023-06-06 14:15:00,11.45,11.57,11.3,11.31,0
2023-06-06 15:15:00,11.3,11.41,11.29,11.3,0
2023-06-07 09:15:00,11.38,11.38,10.22,11.2,0
2023-06-07 10:15:00,11.2,11.32,10.91,11.06,0
2023-06-07 11:15:00,11.06,11.07,10.95,11.04,0
2023-06-07 12:15:00,11.04,11.13,10.99,11.13,0
2023-06-07 13:15:00,11.13,11.31,11.09,11.27,0
2023-06-07 14:15:00,11.27,11.54,11.26,11.44,0
2023-06-07 15:15:00,11.44,11.48,11.36,11.43,0
2023-06-08 09:15:00,11.44,11.49,10.13,11.47,0
2023-06-08 10:15:00,11.47,11.57,11.28,11.3,0
2023-06-08 11:15:00,11.3,11.49,11.27,11.3,0
2023-06-08 12:15:00,11.3,11.51,11.27,11.38,0
2023-06-08 13:15:00,11.38,11.43,11.26,11.3,0
2023-06-08 14:15:00,11.3,11.37,11.19,11.3,0
2023-06-08 15:15:00,11.3,11.34,11.15,11.18,0
2023-06-09 09:15:00,11.26,11.3,10.9,10.95,0
2023-06-09 10:15:00,10.95,11.17,10.9,11.07,0
2023-06-09 11:15:00,11.06,11.08,10.91,10.98,0
2023-06-09 12:15:00,10.98,11.17,10.92,10.99,0
2023-06-09 13:15:00,10.99,11.26,10.99,11.11,0
2023-06-09 14:15:00,11.12,11.26,10.93,11.13,0
2023-06-09 15:15:00,11.13,11.15,10.89,11.05,0
2023-06-12 09:15:00,11.12,11.8,10.58,11.41,0
2023-06-12 10:15:00,11.41,11.44,11.28,11.34,0
2023-06-12 11:15:00,11.33,11.37,11.24,11.34,0
2023-06-12 12:15:00,11.34,11.39,11.21,11.23,0
2023-06-12 13:15:00,11.22,11.32,11.15,11.21,0
2023-06-12 14:15:00,11.22,11.34,11.17,11.23,0
2023-06-12 15:15:00,11.24,11.29,11.16,11.16,0
2023-06-13 09:15:00,11.25,11.25,9.99,11.11,0
2023-06-13 10:15:00,11.11,11.2,11.08,11.15,0
2023-06-13 11:15:00,11.15,11.18,11.07,11.13,0
2023-06-13 12:15:00,11.14,11.23,11.1,11.14,0
2023-06-13 13:15:00,11.14,11.24,11.1,11.14,0
2023-06-13 14:15:00,11.14,11.25,11.09,11.1,0
2023-06-13 15:15:00,11.1,11.12,11.06,11.06,0
2023-06-14 09:15:00,11.11,11.37,10.63,11.29,0
2023-06-14 10:15:00,11.29,11.32,11.15,11.2,0
2023-06-14 11:15:00,11.2,11.2,11.12,11.15,0
2023-06-14 12:15:00,11.15,11.28,11.14,11.25,0
2023-06-14 13:15:00,11.25,11.27,11.14,11.2,0
2023-06-14 14:15:00,11.21,11.24,11.12,11.14,0
2023-06-14 15:15:00,11.14,11.21,11.06,11.21,0
2023-06-15 09:15:00,11.16,11.23,9.69,10.96,0
2023-06-15 10:15:00,10.96,11.17,10.94,11.16,0
2023-06-15 11:15:00,11.16,11.26,11.08,11.22,0
2023-06-15 12:15:00,11.22,11.32,11.16,11.24,0
2023-06-15 13:15:00,11.24,11.33,11.12,11.33,0
2023-06-15 14:15:00,11.33,11.37,10.99,11.1,0
2023-06-15 15:15:00,11.11,11.12,10.98,11.01,0
2023-06-16 09:15:00,11.08,11.08,10.56,10.65,0
2023-06-16 10:15:00,10.65,10.73,10.6,10.73,0
2023-06-16 11:15:00,10.72,10.73,10.61,10.66,0
2023-06-16 12:15:00,10.66,10.72,10.61,10.62,0
2023-06-16 13:15:00,10.61,10.73,10.6,10.65,0
2023-06-16 14:15:00,10.65,10.99,10.65,10.9,0
2023-06-16 15:15:00,10.9,10.91,10.73,10.74,0
2023-06-19 09:15:00,10.84,11.36,10.33,11.3,0
2023-06-19 10:15:00,11.3,11.45,11.25,11.34,0
2023-06-19 11:15:00,11.34,11.45,11.29,11.32,0
2023-06-19 12:15:00,11.32,11.4,11.26,11.34,0
2023-06-19 13:15:00,11.34,11.5,11.32,11.4,0
2023-06-19 14:15:00,11.4,11.45,11.2,11.22,0
2023-06-19 15:15:00,11.22,11.27,11.14,11.16,0
2023-06-20 09:15:00,11.23,11.43,10.57,11.35,0
2023-06-20 10:15:00,11.35,11.44,11.28,11.31,0
2023-06-20 11:15:00,11.31,11.41,11.29,11.34,0
2023-06-20 12:15:00,11.34,11.4,11.24,11.32,0
2023-06-20 13:15:00,11.32,11.37,11.21,11.28,0
2023-06-20 14:15:00,11.29,11.33,11.1,11.12,0
2023-06-20 15:15:00,11.12,11.12,11.04,11.05,0
2023-06-21 09:15:00,11.13,11.35,10.77,11.3,0
2023-06-21 10:15:00,11.31,11.41,11.25,11.35,0
2023-06-21 11:15:00,11.35,11.38,11.27,11.32,0
2023-06-21 12:15:00,11.32,11.38,11.24,11.27,0
2023-06-21 13:15:00,11.27,11.41,11.25,11.37,0
2023-06-21 14:15:00,11.37,11.43,11.25,11.26,0
2023-06-21 15:15:00,11.25,11.3,11.24,11.29,0
2023-06-22 09:15:00,11.29,11.58,10.69,11.49,0
2023-06-22 10:15:00,11.49,11.56,11.43,11.45,0
2023-06-22 11:15:00,11.45,11.58,11.45,11.52,0
2023-06-22 12:15:00,11.52,11.71,11.48,11.6,0
2023-06-22 13:15:00,11.6,11.67,11.26,11.42,0
2023-06-22 14:15:00,11.42,11.67,11.4,11.63,0
2023-06-22 15:15:00,11.63,11.63,11.44,11.46,0
2023-06-23 09:15:00,11.55,11.8,11.15,11.59,0
2023-06-23 10:15:00,11.58,11.62,11.48,11.49,0
2023-06-23 11:15:00,11.47,11.55,11.39,11.42,0
2023-06-23 12:15:00,11.41,11.48,11.24,11.3,0
2023-06-23 13:15:00,11.3,11.4,11.19,11.38,0
2023-06-23 14:15:00,11.37,11.43,11.19,11.28,0
2023-06-23 15:15:00,11.28,11.29,11.14,11.22,0
2023-06-26 09:15:00,11.24,11.93,11.24,11.71,0
2023-06-26 10:15:00,11.71,11.78,11.48,11.58,0
2023-06-26 11:15:00,11.59,11.61,11.47,11.5,0
2023-06-26 12:15:00,11.49,11.66,11.47,11.57,0
2023-06-26 13:15:00,11.57,11.58,11.4,11.54,0
2023-06-26 14:15:00,11.53,11.62,11.3,11.42,0
2023-06-26 15:15:00,11.42,11.48,11.31,11.31,0
2023-06-27 09:15:00,11.4,11.42,11.22,11.26,0
2023-06-27 10:15:00,11.26,11.27,11.17,11.18,0
2023-06-27 11:15:00,11.18,11.19,10.97,10.99,0
2023-06-27 12:15:00,10.99,11.07,10.9,10.95,0
2023-06-27 13:15:00,10.96,11.04,10.91,10.97,0
2023-06-27 14:15:00,10.97,11.1,10.74,10.74,0
2023-06-27 15:15:00,10.74,10.78,10.69,10.73,0
2023-06-28 09:15:00,10.78,11.05,10.65,10.98,0
2023-06-28 10:15:00,10.98,11.18,10.94,11.15,0
2023-06-28 11:15:00,11.15,11.41,11.07,11.31,0
2023-06-28 12:15:00,11.3,11.39,11.23,11.26,0
2023-06-28 13:15:00,11.26,11.54,11.23,11.34,0
2023-06-28 14:15:00,11.34,11.41,10.88,10.89,0
2023-06-28 15:15:00,10.89,10.93,10.75,10.78,0
2023-06-30 09:15:00,10.89,11.22,10.07,11.0,0
2023-06-30 10:15:00,11.0,11.04,10.92,10.94,0
2023-06-30 11:15:00,10.94,10.97,10.85,10.89,0
2023-06-30 12:15:00,10.89,10.95,10.84,10.94,0
2023-06-30 13:15:00,10.94,10.99,10.86,10.89,0
2023-06-30 14:15:00,10.89,10.91,10.71,10.74,0
2023-06-30 15:15:00,10.74,11.01,10.73,11.0,0
2023-07-03 09:15:00,10.8,12.03,10.8,11.92,0
2023-07-03 10:15:00,11.92,12.0,11.65,11.66,0
2023-07-03 11:15:00,11.66,11.72,11.55,11.66,0
2023-07-03 12:15:00,11.66,11.7,11.58,11.58,0
2023-07-03 13:15:00,11.58,11.66,11.53,11.61,0
2023-07-03 14:15:00,11.62,11.66,11.44,11.57,0
2023-07-03 15:15:00,11.57,11.62,11.49,11.59,0
2023-07-04 09:15:00,11.54,11.81,11.52,11.71,0
2023-07-04 10:15:00,11.71,11.73,11.61,11.64,0
2023-07-04 11:15:00,11.64,11.72,11.59,11.7,0
2023-07-04 12:15:00,11.7,11.77,11.68,11.75,0
2023-07-04 13:15:00,11.75,11.99,11.74,11.81,0
2023-07-04 14:15:00,11.82,11.87,11.66,11.68,0
2023-07-04 15:15:00,11.69,11.72,11.64,11.7,0
2023-07-05 09:15:00,11.7,12.21,11.57,12.15,0
2023-07-05 10:15:00,12.14,12.2,12.04,12.08,0
2023-07-05 11:15:00,12.08,12.11,11.98,12.05,0
2023-07-05 12:15:00,12.05,12.08,11.94,11.97,0
2023-07-05 13:15:00,11.97,11.99,11.88,11.89,0
2023-07-05 14:15:00,11.9,11.96,11.8,11.9,0
2023-07-05 15:15:00,11.89,11.94,11.85,11.9,0
2023-07-06 09:15:00,11.88,12.16,11.88,12.12,0
2023-07-06 10:15:00,12.13,12.21,12.06,12.11,0
2023-07-06 11:15:00,12.1,12.16,12.06,12.09,0
2023-07-06 12:15:00,12.09,12.13,12.03,12.08,0
2023-07-06 13:15:00,12.08,12.1,11.98,12.02,0
2023-07-06 14:15:00,12.01,12.03,11.83,11.83,0
2023-07-06 15:15:00,11.83,11.85,11.78,11.82,0
2023-07-07 09:15:00,11.84,12.07,11.08,11.76,0
2023-07-07 10:15:00,11.75,11.89,11.74,11.77,0
2023-07-07 11:15:00,11.76,11.81,11.67,11.68,0
2023-07-07 12:15:00,11.68,11.76,11.61,11.73,0
2023-07-07 13:15:00,11.73,11.73,11.56,11.64,0
2023-07-07 14:15:00,11.63,11.65,11.38,11.54,0
2023-07-07 15:15:00,11.53,11.59,11.46,11.5,0
2023-07-10 09:15:00,11.53,12.01,11.53,11.74,0
2023-07-10 10:15:00,11.74,11.79,11.68,11.72,0
2023-07-10 11:15:00,11.72,11.82,11.66,11.71,0
2023-07-10 12:15:00,11.71,11.71,11.55,11.6,0
2023-07-10 13:15:00,11.6,11.62,11.51,11.59,0
2023-07-10 14:15:00,11.59,11.63,11.43,11.44,0
2023-07-10 15:15:00,11.44,11.46,11.36,11.39,0
2023-07-11 09:15:00,11.46,11.46,11.1,11.18,0
2023-07-11 10:15:00,11.19,11.24,11.16,11.19,0
2023-07-11 11:15:00,11.19,11.27,11.13,11.23,0
2023-07-11 12:15:00,11.23,11.24,11.14,11.16,0
2023-07-11 13:15:00,11.17,11.22,11.09,11.13,0
2023-07-11 14:15:00,11.13,11.13,10.98,10.99,0
2023-07-11 15:15:00,10.99,11.04,10.95,10.97,0
2023-07-12 09:15:00,11.01,11.2,10.72,10.98,0
2023-07-12 10:15:00,10.98,11.08,10.85,10.93,0
2023-07-12 11:15:00,10.93,11.11,10.87,11.1,0
2023-07-12 12:15:00,11.1,11.15,10.9,10.92,0
2023-07-12 13:15:00,10.92,10.98,10.83,10.89,0
2023-07-12 14:15:00,10.89,10.96,10.82,10.94,0
2023-07-12 15:15:00,10.95,11.02,10.91,11.02,0
2023-07-13 09:15:00,10.94,11.02,10.7,11.0,0
2023-07-13 10:15:00,11.0,11.03,10.92,10.97,0
2023-07-13 11:15:00,10.97,11.01,10.89,10.92,0
2023-07-13 12:15:00,10.92,10.99,10.85,10.93,0
2023-07-13 13:15:00,10.93,10.99,10.8,10.88,0
2023-07-13 14:15:00,10.88,11.17,10.76,10.9,0
2023-07-13 15:15:00,10.9,10.96,10.78,10.83,0
2023-07-14 09:15:00,10.94,10.94,10.68,10.8,0
2023-07-14 10:15:00,10.8,10.84,10.66,10.72,0
2023-07-14 11:15:00,10.72,10.77,10.68,10.73,0
2023-07-14 12:15:00,10.73,10.79,10.69,10.77,0
2023-07-14 13:15:00,10.77,10.81,10.7,10.76,0
2023-07-14 14:15:00,10.76,10.87,10.61,10.64,0
2023-07-14 15:15:00,10.65,10.88,10.62,10.8,0
2023-07-17 09:15:00,10.68,11.4,9.86,11.2,0
2023-07-17 10:15:00,11.2,11.23,11.08,11.19,0
2023-07-17 11:15:00,11.19,11.23,11.16,11.21,0
2023-07-17 12:15:00,11.21,11.31,11.18,11.2,0
2023-07-17 13:15:00,11.2,11.34,11.17,11.27,0
2023-07-17 14:15:00,11.27,11.39,11.21,11.33,0
2023-07-17 15:15:00,11.33,11.39,11.25,11.37,0
2023-07-18 09:15:00,11.32,11.85,11.07,11.78,0
2023-07-18 10:15:00,11.79,12.02,11.75,11.98,0
2023-07-18 11:15:00,11.98,12.01,11.82,11.9,0
2023-07-18 12:15:00,11.91,11.97,11.81,11.87,0
2023-07-18 13:15:00,11.87,11.9,11.76,11.81,0
2023-07-18 14:15:00,11.81,11.88,11.68,11.72,0
2023-07-18 15:15:00,11.72,11.74,11.63,11.63,0
2023-07-19 09:15:00,11.71,11.93,11.68,11.86,0
2023-07-19 10:15:00,11.86,11.93,11.8,11.89,0
2023-07-19 11:15:00,11.89,11.94,11.81,11.86,0
2023-07-19 12:15:00,11.86,11.88,11.71,11.75,0
2023-07-19 13:15:00,11.75,11.78,11.65,11.74,0
2023-07-19 14:15:00,11.74,11.79,11.58,11.62,0
2023-07-19 15:15:00,11.61,11.64,11.54,11.6,0
2023-07-20 09:15:00,11.6,11.91,11.37,11.76,0
2023-07-20 10:15:00,11.76,11.85,11.7,11.84,0
2023-07-20 11:15:00,11.84,11.86,11.68,11.74,0
2023-07-20 12:15:00,11.74,12.02,11.71,12.01,0
2023-07-20 13:15:00,12.01,12.13,11.95,12.05,0
2023-07-20 14:15:00,12.05,12.26,11.77,11.81,0
2023-07-20 15:15:00,11.8,11.81,11.65,11.68,0
2023-07-21 09:15:00,11.79,12.03,11.06,11.58,0
2023-07-21 10:15:00,11.59,11.73,11.57,11.72,0
2023-07-21 11:15:00,11.72,11.78,11.62,11.71,0
2023-07-21 12:15:00,11.7,11.77,11.49,11.57,0
2023-07-21 13:15:00,11.57,11.62,11.5,11.51,0
2023-07-21 14:15:00,11.51,11.64,11.42,11.43,0
2023-07-21 15:15:00,11.43,11.48,11.35,11.37,0
2023-07-24 09:15:00,11.49,12.0,10.54,11.78,0
2023-07-24 10:15:00,11.78,11.82,11.69,11.7,0
2023-07-24 11:15:00,11.7,11.79,11.64,11.74,0
2023-07-24 12:15:00,11.73,11.75,11.61,11.65,0
2023-07-24 13:15:00,11.65,11.75,11.61,11.69,0
2023-07-24 14:15:00,11.69,11.75,11.58,11.66,0
2023-07-24 15:15:00,11.66,11.7,11.57,11.58,0
2023-07-25 09:15:00,11.65,11.65,10.41,10.53,0
2023-07-25 10:15:00,10.53,10.67,10.41,10.51,0
2023-07-25 11:15:00,10.51,10.63,10.42,10.45,0
2023-07-25 12:15:00,10.45,10.52,10.37,10.43,0
2023-07-25 13:15:00,10.42,10.6,10.34,10.41,0
2023-07-25 14:15:00,10.41,10.42,10.18,10.26,0
2023-07-25 15:15:00,10.23,10.32,10.11,10.18,0
2023-07-26 09:15:00,10.24,10.86,10.22,10.4,0
2023-07-26 10:15:00,10.41,10.65,10.35,10.64,0
2023-07-26 11:15:00,10.64,10.67,10.52,10.6,0
2023-07-26 12:15:00,10.6,10.66,10.49,10.52,0
2023-07-26 13:15:00,10.52,10.63,10.47,10.52,0
2023-07-26 14:15:00,10.52,10.59,10.34,10.49,0
2023-07-26 15:15:00,10.49,10.56,10.4,10.56,0
2023-07-27 09:15:00,10.46,10.69,9.89,10.66,0
2023-07-27 10:15:00,10.66,10.72,10.54,10.68,0
2023-07-27 11:15:00,10.68,10.87,10.67,10.74,0
2023-07-27 12:15:00,10.73,10.98,10.67,10.72,0
2023-07-27 13:15:00,10.72,10.89,10.58,10.7,0
2023-07-27 14:15:00,10.73,10.98,10.44,10.45,0
2023-07-27 15:15:00,10.47,10.53,10.33,10.35,0
2023-07-28 09:15:00,10.51,10.81,10.43,10.59,0
2023-07-28 10:15:00,10.59,10.64,10.41,10.53,0
2023-07-28 11:15:00,10.53,10.59,10.41,10.48,0
2023-07-28 12:15:00,10.48,10.52,10.31,10.38,0
2023-07-28 13:15:00,10.34,10.46,10.29,10.35,0
2023-07-28 14:15:00,10.35,10.38,10.07,10.08,0
2023-07-28 15:15:00,10.07,10.22,10.04,10.21,0
2023-07-31 09:15:00,10.14,11.19,10.14,10.66,0
2023-07-31 10:15:00,10.66,10.73,10.58,10.65,0
2023-07-31 11:15:00,10.65,10.78,10.62,10.68,0
2023-07-31 12:15:00,10.68,10.76,10.65,10.71,0
2023-07-31 13:15:00,10.7,10.74,10.58,10.65,0
2023-07-31 14:15:00,10.64,10.68,10.36,10.44,0
2023-07-31 15:15:00,10.44,10.49,10.31,10.44,0
2023-08-01 09:15:00,10.41,10.7,10.33,10.41,0
2023-08-01 10:15:00,10.41,10.7,10.36,10.48,0
2023-08-01 11:15:00,10.48,10.53,10.41,10.48,0
2023-08-01 12:15:00,10.48,10.56,10.37,10.37,0
2023-08-01 13:15:00,10.37,10.49,10.26,10.32,0
2023-08-01 14:15:00,10.32,10.37,10.2,10.28,0
2023-08-01 15:15:00,10.28,10.32,10.24,10.24,0
2023-08-02 09:15:00,10.28,10.74,9.95,10.67,0
2023-08-02 10:15:00,10.67,11.31,10.66,11.12,0
2023-08-02 11:15:00,11.11,11.32,11.08,11.29,0
2023-08-02 12:15:00,11.28,11.44,11.17,11.41,0
2023-08-02 13:15:00,11.42,11.81,11.38,11.78,0
2023-08-02 14:15:00,11.79,11.8,11.21,11.24,0
2023-08-02 15:15:00,11.24,11.32,11.18,11.27,0
2023-08-03 09:15:00,11.28,11.73,11.28,11.72,0
2023-08-03 10:15:00,11.72,11.75,11.49,11.54,0
2023-08-03 11:15:00,11.54,11.61,11.44,11.6,0
2023-08-03 12:15:00,11.59,11.95,11.57,11.8,0
2023-08-03 13:15:00,11.8,11.96,11.69,11.86,0
2023-08-03 14:15:00,11.87,11.89,11.16,11.16,0
2023-08-03 15:15:00,11.15,11.17,10.98,11.09,0
2023-08-04 09:15:00,11.19,11.19,10.78,10.85,0
2023-08-04 10:15:00,10.84,10.96,10.75,10.82,0
2023-08-04 11:15:00,10.82,10.85,10.73,10.76,0
2023-08-04 12:15:00,10.76,10.77,10.67,10.72,0
2023-08-04 13:15:00,10.72,10.77,10.55,10.64,0
2023-08-04 14:15:00,10.62,10.69,10.48,10.58,0
2023-08-04 15:15:00,10.55,10.64,10.51,10.56,0
2023-08-07 09:15:00,10.57,11.42,10.4,11.25,0
2023-08-07 10:15:00,11.24,11.31,11.19,11.26,0
2023-08-07 11:15:00,11.26,11.31,11.18,11.23,0
2023-08-07 12:15:00,11.24,11.25,11.1,11.22,0
2023-08-07 13:15:00,11.22,11.24,11.09,11.13,0
2023-08-07 14:15:00,11.14,11.16,11.04,11.07,0
2023-08-07 15:15:00,11.07,11.15,11.07,11.1,0
2023-08-08 09:15:00,11.1,11.47,11.1,11.32,0
2023-08-08 10:15:00,11.32,11.43,11.26,11.43,0
2023-08-08 11:15:00,11.43,11.53,11.36,11.36,0
2023-08-08 12:15:00,11.36,11.47,11.3,11.36,0
2023-08-08 13:15:00,11.36,11.38,11.28,11.34,0
2023-08-08 14:15:00,11.34,11.37,11.23,11.32,0
2023-08-08 15:15:00,11.33,11.39,11.31,11.35,0
2023-08-09 09:15:00,11.33,11.66,10.49,11.59,0
2023-08-09 10:15:00,11.58,11.77,11.55,11.63,0
2023-08-09 11:15:00,11.63,11.69,11.52,11.57,0
2023-08-09 12:15:00,11.57,11.62,11.4,11.42,0
2023-08-09 13:15:00,11.42,11.53,11.32,11.38,0
2023-08-09 14:15:00,11.38,11.44,11.06,11.13,0
2023-08-09 15:15:00,11.13,11.22,11.04,11.22,0
2023-08-10 09:15:00,11.14,11.7,10.63,11.52,0
2023-08-10 10:15:00,11.52,11.91,11.51,11.72,0
2023-08-10 11:15:00,11.72,11.78,11.47,11.66,0
2023-08-10 12:15:00,11.66,11.72,11.53,11.55,0
2023-08-10 13:15:00,11.54,11.83,11.45,11.61,0
2023-08-10 14:15:00,11.61,11.61,11.37,11.39,0
2023-08-10 15:15:00,11.39,11.46,11.32,11.46,0
2023-08-11 09:15:00,11.4,11.87,11.37,11.65,0
2023-08-11 10:15:00,11.65,11.68,11.51,11.57,0
2023-08-11 11:15:00,11.57,11.66,11.49,11.58,0
2023-08-11 12:15:00,11.58,11.6,11.36,11.39,0
2023-08-11 13:15:00,11.39,11.47,11.36,11.43,0
2023-08-11 14:15:00,11.43,11.58,11.4,11.55,0
2023-08-11 15:15:00,11.55,11.56,11.46,11.56,0
2023-08-14 09:15:00,11.52,12.76,10.48,12.34,0
2023-08-14 10:15:00,12.34,12.37,12.23,12.27,0
2023-08-14 11:15:00,12.27,12.3,12.08,12.11,0
2023-08-14 12:15:00,12.11,12.2,12.07,12.14,0
2023-08-14 13:15:00,12.14,12.24,12.01,12.23,0
2023-08-14 14:15:00,12.23,12.23,11.97,11.99,0
2023-08-14 15:15:00,11.99,12.02,11.92,11.99,0
2023-08-16 09:15:00,12.0,12.68,12.0,12.46,0
2023-08-16 10:15:00,12.46,12.47,12.34,12.43,0
2023-08-16 11:15:00,12.43,12.46,12.29,12.32,0
2023-08-16 12:15:00,12.32,12.37,12.2,12.24,0
2023-08-16 13:15:00,12.24,12.36,12.23,12.3,0
2023-08-16 14:15:00,12.3,12.3,12.07,12.13,0
2023-08-16 15:15:00,12.13,12.19,12.08,12.19,0
2023-08-17 09:15:00,12.13,12.57,12.13,12.49,0
2023-08-17 10:15:00,12.5,12.57,12.21,12.53,0
2023-08-17 11:15:00,12.53,12.67,12.48,12.53,0
2023-08-17 12:15:00,12.53,12.59,12.46,12.51,0
2023-08-17 13:15:00,12.51,12.52,12.34,12.37,0
2023-08-17 14:15:00,12.38,12.39,12.25,12.26,0
2023-08-17 15:15:00,12.25,12.31,12.11,12.26,0
2023-08-18 09:15:00,12.24,12.49,10.79,12.35,0
2023-08-18 10:15:00,12.35,12.45,12.18,12.26,0
2023-08-18 11:15:00,12.26,12.31,12.09,12.2,0
2023-08-18 12:15:00,12.19,12.34,12.15,12.31,0
2023-08-18 13:15:00,12.31,12.33,12.07,12.1,0
2023-08-18 14:15:00,12.1,12.2,12.08,12.12,0
2023-08-18 15:15:00,12.13,12.26,12.09,12.25,0
2023-08-21 09:15:00,12.14,12.59,11.17,12.41,0
2023-08-21 10:15:00,12.42,12.45,12.24,12.35,0
2023-08-21 11:15:00,12.34,12.4,12.25,12.31,0
2023-08-21 12:15:00,12.31,12.34,12.03,12.11,0
2023-08-21 13:15:00,12.11,12.24,12.01,12.08,0
2023-08-21 14:15:00,12.08,12.1,11.88,11.93,0
2023-08-21 15:15:00,11.93,12.02,11.92,11.98,0
2023-08-22 09:15:00,11.96,12.03,11.59,11.98,0
2023-08-22 10:15:00,11.98,11.98,11.75,11.81,0
2023-08-22 11:15:00,11.81,11.93,11.73,11.89,0
2023-08-22 12:15:00,11.89,12.08,11.86,11.96,0
2023-08-22 13:15:00,11.96,12.09,11.79,11.84,0
2023-08-22 14:15:00,11.84,11.93,11.72,11.77,0
2023-08-22 15:15:00,11.76,11.88,11.68,11.73,0
2023-08-23 09:15:00,11.75,11.89,10.31,11.73,0
2023-08-23 10:15:00,11.73,11.81,11.58,11.68,0
2023-08-23 11:15:00,11.67,11.7,11.56,11.68,0
2023-08-23 12:15:00,11.68,11.75,11.59,11.68,0
2023-08-23 13:15:00,11.68,11.8,11.62,11.68,0
2023-08-23 14:15:00,11.68,11.78,11.59,11.77,0
2023-08-23 15:15:00,11.77,11.8,11.67,11.68,0
2023-08-24 09:15:00,11.73,11.73,10.2,11.55,0
2023-08-24 10:15:00,11.55,11.73,11.41,11.49,0
2023-08-24 11:15:00,11.49,11.86,11.49,11.68,0
2023-08-24 12:15:00,11.68,12.0,11.62,11.89,0
2023-08-24 13:15:00,11.89,12.06,11.79,11.89,0
2023-08-24 14:15:00,11.88,12.24,11.63,11.63,0
2023-08-24 15:15:00,11.63,11.83,11.61,11.83,0
2023-08-25 09:15:00,11.7,11.88,9.98,11.74,0
2023-08-25 10:15:00,11.74,12.05,11.73,11.94,0
2023-08-25 11:15:00,11.94,12.07,11.62,12.07,0
2023-08-25 12:15:00,12.07,12.08,11.86,11.92,0
2023-08-25 13:15:00,11.92,12.13,11.91,12.09,0
2023-08-25 14:15:00,12.09,12.16,11.96,12.13,0
2023-08-25 15:15:00,12.13,12.23,12.07,12.23,0
2023-08-28 09:15:00,12.08,12.72,9.5,12.38,0
2023-08-28 10:15:00,12.37,12.52,12.33,12.36,0
2023-08-28 11:15:00,12.37,12.44,12.34,12.38,0
2023-08-28 12:15:00,12.37,12.42,12.16,12.21,0
2023-08-28 13:15:00,12.22,12.4,12.13,12.29,0
2023-08-28 14:15:00,12.29,12.46,12.2,12.42,0
2023-08-28 15:15:00,12.42,12.44,12.37,12.41,0
2023-08-29 09:15:00,12.4,12.41,10.65,12.31,0
2023-08-29 10:15:00,12.31,12.46,12.23,12.27,0
2023-08-29 11:15:00,12.27,12.35,12.24,12.3,0
2023-08-29 12:15:00,12.3,12.37,12.21,12.23,0
2023-08-29 13:15:00,12.23,12.31,12.19,12.28,0
2023-08-29 14:15:00,12.29,12.36,12.21,12.21,0
2023-08-29 15:15:00,12.21,12.3,12.08,12.09,0
2023-08-30 09:15:00,12.23,12.24,11.46,11.78,0
2023-08-30 10:15:00,11.78,11.84,11.67,11.68,0
2023-08-30 11:15:00,11.68,11.72,11.63,11.68,0
2023-08-30 12:15:00,11.68,11.7,11.5,11.58,0
2023-08-30 13:15:00,11.58,11.65,11.55,11.63,0
2023-08-30 14:15:00,11.63,11.89,11.6,11.87,0
2023-08-30 15:15:00,11.86,11.92,11.73,11.87,0
2023-08-31 09:15:00,11.8,12.01,11.76,11.82,0
2023-08-31 10:15:00,11.83,12.05,11.8,12.03,0
2023-08-31 11:15:00,12.02,12.22,11.9,12.17,0
2023-08-31 12:15:00,12.17,12.28,12.04,12.17,0
2023-08-31 13:15:00,12.17,12.2,11.97,12.14,0
2023-08-31 14:15:00,12.14,12.25,11.95,11.98,0
2023-08-31 15:15:00,11.97,12.15,11.93,12.06,0
2023-09-01 09:15:00,12.06,12.18,10.41,11.76,0
2023-09-01 10:15:00,11.77,11.77,11.54,11.56,0
2023-09-01 11:15:00,11.55,11.59,11.45,11.47,0
2023-09-01 12:15:00,11.47,11.56,11.42,11.48,0
2023-09-01 13:15:00,11.48,11.53,11.36,11.43,0
2023-09-01 14:15:00,11.43,11.47,11.31,11.39,0
2023-09-01 15:15:00,11.39,11.39,11.2,11.23,0
2023-09-04 09:15:00,11.37,11.54,11.18,11.29,0
2023-09-04 10:15:00,11.29,11.33,11.16,11.21,0
2023-09-04 11:15:00,11.21,11.26,11.08,11.11,0
2023-09-04 12:15:00,11.11,11.14,10.97,10.97,0
2023-09-04 13:15:00,10.97,11.05,10.93,11.0,0
2023-09-04 14:15:00,11.0,11.05,10.92,10.98,0
2023-09-04 15:15:00,10.98,10.99,10.86,10.86,0
2023-09-05 09:15:00,10.96,11.08,9.37,11.07,0
2023-09-05 10:15:00,11.07,11.09,10.87,10.97,0
2023-09-05 11:15:00,10.96,11.04,10.93,10.94,0
2023-09-05 12:15:00,10.95,11.02,10.88,10.96,0
2023-09-05 13:15:00,10.96,11.03,10.87,10.89,0
2023-09-05 14:15:00,10.89,10.93,10.77,10.8,0
2023-09-05 15:15:00,10.8,10.86,10.75,10.78,0
2023-09-06 09:15:00,10.82,10.96,9.81,10.86,0
2023-09-06 10:15:00,10.86,10.95,10.82,10.86,0
2023-09-06 11:15:00,10.86,10.92,10.71,10.78,0
2023-09-06 12:15:00,10.78,10.85,10.61,10.79,0
2023-09-06 13:15:00,10.79,10.98,10.79,10.84,0
2023-09-06 14:15:00,10.84,10.85,10.57,10.67,0
2023-09-06 15:15:00,10.67,10.79,10.57,10.59,0
2023-09-07 09:15:00,10.68,10.8,9.8,10.76,0
2023-09-07 10:15:00,10.76,10.94,10.63,10.82,0
2023-09-07 11:15:00,10.82,10.92,10.62,10.77,0
2023-09-07 12:15:00,10.78,10.87,10.72,10.86,0
2023-09-07 13:15:00,10.86,10.96,10.66,10.73,0
2023-09-07 14:15:00,10.73,11.03,10.69,10.86,0
2023-09-07 15:15:00,10.86,10.89,10.72,10.77,0
2023-09-08 09:15:00,10.87,10.94,10.08,10.63,0
2023-09-08 10:15:00,10.63,10.77,10.52,10.56,0
2023-09-08 11:15:00,10.57,10.73,10.48,10.7,0
2023-09-08 12:15:00,10.7,10.86,10.63,10.79,0
2023-09-08 13:15:00,10.79,10.96,10.7,10.95,0
2023-09-08 14:15:00,10.95,10.97,10.74,10.79,0
2023-09-08 15:15:00,10.79,10.85,10.71,10.79,0
2023-09-11 09:15:00,10.78,11.32,10.34,11.31,0
2023-09-11 10:15:00,11.31,11.33,11.19,11.3,0
2023-09-11 11:15:00,11.3,11.36,11.22,11.34,0
2023-09-11 12:15:00,11.34,11.5,11.33,11.41,0
2023-09-11 13:15:00,11.41,11.49,11.23,11.29,0
2023-09-11 14:15:00,11.29,11.37,11.2,11.33,0
2023-09-11 15:15:00,11.34,11.48,11.31,11.46,0
2023-09-12 09:15:00,11.35,11.82,10.71,11.76,0
2023-09-12 10:15:00,11.76,11.92,11.65,11.73,0
2023-09-12 11:15:00,11.72,11.91,11.66,11.88,0
2023-09-12 12:15:00,11.87,12.02,11.79,11.87,0
2023-09-12 13:15:00,11.87,11.98,11.71,11.75,0
2023-09-12 14:15:00,11.75,11.82,11.62,11.65,0
2023-09-12 15:15:00,11.65,11.76,11.64,11.73,0
2023-09-13 09:15:00,11.69,11.82,11.54,11.77,0
2023-09-13 10:15:00,11.77,11.8,11.61,11.73,0
2023-09-13 11:15:00,11.72,11.89,11.72,11.86,0
2023-09-13 12:15:00,11.86,11.95,11.78,11.93,0
2023-09-13 13:15:00,11.93,12.05,11.91,11.95,0
2023-09-13 14:15:00,11.95,12.02,11.75,11.77,0
2023-09-13 15:15:00,11.77,11.87,11.74,11.77,0
2023-09-14 09:15:00,11.83,12.01,11.28,11.93,0
2023-09-14 10:15:00,11.94,12.04,11.85,11.94,0
2023-09-14 11:15:00,11.94,11.95,11.82,11.85,0
2023-09-14 12:15:00,11.85,11.91,11.68,11.72,0
2023-09-14 13:15:00,11.72,11.76,11.57,11.6,0
2023-09-14 14:15:00,11.6,11.61,11.26,11.29,0
2023-09-14 15:15:00,11.29,11.31,11.21,11.3,0
2023-09-15 09:15:00,11.32,11.32,10.07,11.13,0
2023-09-15 10:15:00,11.13,11.15,11.01,11.13,0
2023-09-15 11:15:00,11.14,11.21,11.06,11.07,0
2023-09-15 12:15:00,11.07,11.16,10.99,11.06,0
2023-09-15 13:15:00,11.06,11.09,10.89,10.94,0
2023-09-15 14:15:00,10.94,10.99,10.83,10.92,0
2023-09-15 15:15:00,10.92,10.96,10.9,10.96,0
2023-09-18 09:15:00,10.9,11.41,10.45,11.29,0
2023-09-18 10:15:00,11.29,11.31,11.21,11.24,0
2023-09-18 11:15:00,11.24,11.26,11.11,11.17,0
2023-09-18 12:15:00,11.18,11.21,11.11,11.14,0
2023-09-18 13:15:00,11.15,11.17,10.96,10.96,0
2023-09-18 14:15:00,10.96,11.0,10.75,10.76,0
2023-09-18 15:15:00,10.76,10.88,10.72,10.79,0
2023-09-20 09:15:00,10.84,11.35,10.84,11.23,0
2023-09-20 10:15:00,11.23,11.36,11.2,11.35,0
2023-09-20 11:15:00,11.35,11.41,11.21,11.26,0
2023-09-20 12:15:00,11.26,11.33,11.2,11.25,0
2023-09-20 13:15:00,11.26,11.47,11.24,11.31,0
2023-09-20 14:15:00,11.31,11.35,11.09,11.1,0
2023-09-20 15:15:00,11.09,11.12,11.03,11.07,0
2023-09-21 09:15:00,11.13,11.39,11.0,11.07,0
2023-09-21 10:15:00,11.07,11.14,10.91,10.93,0
2023-09-21 11:15:00,10.92,11.07,10.9,11.06,0
2023-09-21 12:15:00,11.06,11.08,10.94,11.0,0
2023-09-21 13:15:00,11.0,11.02,10.83,10.89,0
2023-09-21 14:15:00,10.89,10.92,10.62,10.85,0
2023-09-21 15:15:00,10.85,11.0,10.83,10.92,0
2023-09-22 09:15:00,10.82,11.07,10.46,10.98,0
2023-09-22 10:15:00,10.98,11.04,10.59,10.66,0
2023-09-22 11:15:00,10.66,10.73,10.45,10.49,0
2023-09-22 12:15:00,10.5,10.6,10.42,10.44,0
2023-09-22 13:15:00,10.44,10.69,10.39,10.53,0
2023-09-22 14:15:00,10.53,10.75,10.4,10.63,0
2023-09-22 15:15:00,10.64,10.76,10.55,10.73,0
2023-09-25 09:15:00,10.66,11.31,10.27,11.02,0
2023-09-25 10:15:00,11.02,11.04,10.84,10.94,0
2023-09-25 11:15:00,10.93,11.01,10.75,10.86,0
2023-09-25 12:15:00,10.86,10.93,10.72,10.85,0
2023-09-25 13:15:00,10.87,11.07,10.79,11.06,0
2023-09-25 14:15:00,11.04,11.07,10.82,10.91,0
2023-09-25 15:15:00,10.92,10.97,10.82,10.83,0
2023-09-26 09:15:00,10.9,11.25,9.25,11.07,0
2023-09-26 10:15:00,11.07,11.14,10.95,11.03,0
2023-09-26 11:15:00,11.03,11.12,11.01,11.03,0
2023-09-26 12:15:00,11.03,11.25,11.01,11.09,0
2023-09-26 13:15:00,11.1,11.16,11.03,11.13,0
2023-09-26 14:15:00,11.13,11.29,11.12,11.2,0
2023-09-26 15:15:00,11.2,11.22,11.11,11.19,0
2023-09-27 09:15:00,11.19,11.8,9.39,11.77,0
2023-09-27 10:15:00,11.77,11.82,11.37,11.38,0
2023-09-27 11:15:00,11.38,11.55,11.33,11.53,0
2023-09-27 12:15:00,11.53,11.63,11.46,11.56,0
2023-09-27 13:15:00,11.56,11.74,11.5,11.65,0
2023-09-27 14:15:00,11.65,11.72,11.43,11.61,0
2023-09-27 15:15:00,11.61,11.67,11.5,11.5,0
2023-09-28 09:15:00,11.59,12.19,9.4,11.94,0
2023-09-28 10:15:00,11.94,12.3,11.83,12.24,0
2023-09-28 11:15:00,12.25,12.55,12.24,12.52,0
2023-09-28 12:15:00,12.52,12.67,12.45,12.65,0
2023-09-28 13:15:00,12.64,13.02,12.63,12.85,0
2023-09-28 14:15:00,12.85,12.98,12.66,12.93,0
2023-09-28 15:15:00,12.93,12.93,12.6,12.74,0
2023-09-29 09:15:00,12.82,12.82,11.81,11.88,0
2023-09-29 10:15:00,11.87,12.01,11.82,11.83,0
2023-09-29 11:15:00,11.84,11.86,11.54,11.66,0
2023-09-29 12:15:00,11.66,11.68,11.49,11.54,0
2023-09-29 13:15:00,11.54,11.63,11.45,11.5,0
2023-09-29 14:15:00,11.5,11.54,11.31,11.52,0
2023-09-29 15:15:00,11.51,11.59,11.39,11.4,0
2023-10-03 09:15:00,11.45,12.41,10.78,12.33,0
2023-10-03 10:15:00,12.33,12.33,12.09,12.13,0
2023-10-03 11:15:00,12.13,12.16,12.02,12.08,0
2023-10-03 12:15:00,12.08,12.1,11.9,11.9,0
2023-10-03 13:15:00,11.9,11.93,11.71,11.89,0
2023-10-03 14:15:00,11.89,11.93,11.76,11.77,0
2023-10-03 15:15:00,11.77,11.87,11.75,11.82,0
2023-10-04 09:15:00,11.79,12.22,11.12,12.09,0
2023-10-04 10:15:00,12.09,12.12,11.83,11.89,0
2023-10-04 11:15:00,11.9,12.13,11.86,12.06,0
2023-10-04 12:15:00,12.06,12.19,12.02,12.08,0
2023-10-04 13:15:00,12.08,12.15,11.92,11.93,0
2023-10-04 14:15:00,11.93,12.02,11.6,11.62,0
2023-10-04 15:15:00,11.63,11.67,11.56,11.63,0
2023-10-05 09:15:00,11.66,11.66,11.22,11.32,0
2023-10-05 10:15:00,11.33,11.41,11.06,11.13,0
2023-10-05 11:15:00,11.13,11.14,11.05,11.07,0
2023-10-05 12:15:00,11.07,11.19,11.03,11.14,0
2023-10-05 13:15:00,11.15,11.15,10.93,10.93,0
2023-10-05 14:15:00,10.93,10.99,10.84,10.92,0
2023-10-05 15:15:00,10.92,10.97,10.87,10.96,0
2023-10-06 09:15:00,10.94,10.94,9.73,10.67,0
2023-10-06 10:15:00,10.67,10.69,10.42,10.43,0
2023-10-06 11:15:00,10.43,10.54,10.39,10.46,0
2023-10-06 12:15:00,10.46,10.49,10.34,10.39,0
2023-10-06 13:15:00,10.4,10.4,10.27,10.32,0
2023-10-06 14:15:00,10.32,10.38,10.23,10.27,0
2023-10-06 15:15:00,10.27,10.36,10.24,10.33,0
2023-10-09 09:15:00,10.3,11.63,10.12,11.29,0
2023-10-09 10:15:00,11.29,11.33,11.21,11.26,0
2023-10-09 11:15:00,11.26,11.3,11.15,11.21,0
2023-10-09 12:15:00,11.21,11.48,11.2,11.44,0
2023-10-09 13:15:00,11.44,11.48,11.32,11.35,0
2023-10-09 14:15:00,11.37,11.46,11.21,11.39,0
2023-10-09 15:15:00,11.39,11.59,11.39,11.55,0
2023-10-10 09:15:00,11.4,11.4,10.86,10.91,0
2023-10-10 10:15:00,10.91,10.96,10.89,10.92,0
2023-10-10 11:15:00,10.93,10.95,10.86,10.89,0
2023-10-10 12:15:00,10.89,11.16,10.89,11.14,0
2023-10-10 13:15:00,11.14,11.31,11.07,11.25,0
2023-10-10 14:15:00,11.25,11.31,11.21,11.25,0
2023-10-10 15:15:00,11.24,11.34,11.23,11.24,0
2023-10-11 09:15:00,11.27,11.32,10.39,11.14,0
2023-10-11 10:15:00,11.14,11.25,11.12,11.18,0
2023-10-11 11:15:00,11.19,11.21,11.11,11.13,0
2023-10-11 12:15:00,11.13,11.16,11.02,11.06,0
2023-10-11 13:15:00,11.06,11.07,10.94,10.95,0
2023-10-11 14:15:00,10.95,11.04,10.92,11.01,0
2023-10-11 15:15:00,11.01,11.02,10.98,11.02,0
2023-10-12 09:15:00,10.99,11.12,10.82,10.86,0
2023-10-12 10:15:00,10.86,10.86,10.65,10.74,0
2023-10-12 11:15:00,10.73,10.77,10.67,10.73,0
2023-10-12 12:15:00,10.72,10.75,10.62,10.71,0
2023-10-12 13:15:00,10.71,10.72,10.58,10.63,0
2023-10-12 14:15:00,10.63,10.67,10.57,10.6,0
2023-10-12 15:15:00,10.6,10.7,10.59,10.69,0
2023-10-13 09:15:00,10.62,11.03,10.53,10.54,0
2023-10-13 10:15:00,10.54,10.59,10.5,10.58,0
2023-10-13 11:15:00,10.57,10.6,10.45,10.51,0
2023-10-13 12:15:00,10.51,10.52,10.41,10.47,0
2023-10-13 13:15:00,10.47,10.59,10.4,10.49,0
2023-10-13 14:15:00,10.49,10.66,10.47,10.55,0
2023-10-13 15:15:00,10.56,10.79,10.54,10.69,0
2023-10-16 09:15:00,10.62,11.13,9.15,10.99,0
2023-10-16 10:15:00,10.99,11.01,10.87,10.91,0
2023-10-16 11:15:00,10.91,10.99,10.87,10.98,0
2023-10-16 12:15:00,10.98,11.05,10.94,11.01,0
2023-10-16 13:15:00,11.01,11.1,10.97,11.0,0
2023-10-16 14:15:00,11.01,11.11,10.93,11.08,0
2023-10-16 15:15:00,11.07,11.11,11.04,11.09,0
2023-10-17 09:15:00,11.07,11.07,10.43,10.68,0
2023-10-17 10:15:00,10.67,10.72,10.64,10.68,0
2023-10-17 11:15:00,10.66,10.73,10.65,10.7,0
2023-10-17 12:15:00,10.7,10.71,10.64,10.66,0
2023-10-17 13:15:00,10.66,10.87,10.63,10.83,0
2023-10-17 14:15:00,10.84,10.84,10.66,10.74,0
2023-10-17 15:15:00,10.74,10.78,10.62,10.66,0
2023-10-18 09:15:00,10.7,10.77,10.49,10.59,0
2023-10-18 10:15:00,10.59,10.85,10.52,10.8,0
2023-10-18 11:15:00,10.8,11.14,10.77,11.04,0
2023-10-18 12:15:00,11.04,11.17,10.93,10.94,0
2023-10-18 13:15:00,10.94,11.06,10.84,10.89,0
2023-10-18 14:15:00,10.89,11.05,10.87,10.96,0
2023-10-18 15:15:00,10.96,11.01,10.9,11.01,0
2023-10-19 09:15:00,10.97,11.21,10.05,11.05,0
2023-10-19 10:15:00,11.05,11.13,10.96,10.99,0
2023-10-19 11:15:00,10.99,11.05,10.89,10.99,0
2023-10-19 12:15:00,11.0,11.02,10.87,10.97,0
2023-10-19 13:15:00,10.97,11.04,10.87,10.93,0
2023-10-19 14:15:00,10.93,11.02,10.87,10.9,0
2023-10-19 15:15:00,10.9,10.91,10.84,10.86,0
2023-10-20 09:15:00,10.9,11.09,10.08,10.8,0
2023-10-20 10:15:00,10.8,10.86,10.76,10.82,0
2023-10-20 11:15:00,10.81,10.94,10.77,10.87,0
2023-10-20 12:15:00,10.87,10.91,10.74,10.86,0
2023-10-20 13:15:00,10.86,10.87,10.7,10.72,0
2023-10-20 14:15:00,10.72,10.83,10.69,10.78,0
2023-10-20 15:15:00,10.78,10.93,10.78,10.82,0
2023-10-23 09:15:00,10.82,11.21,8.83,10.04,0
2023-10-23 10:15:00,10.04,10.18,9.97,10.13,0
2023-10-23 11:15:00,10.13,10.33,10.06,10.21,0
2023-10-23 12:15:00,10.21,10.41,10.16,10.37,0
2023-10-23 13:15:00,10.36,10.54,10.2,10.29,0
2023-10-23 14:15:00,10.29,11.36,10.26,11.02,0
2023-10-23 15:15:00,11.02,11.12,10.62,10.67,0
2023-10-25 09:15:00,10.91,11.31,9.97,11.04,0
2023-10-25 10:15:00,11.04,11.44,11.02,11.31,0
2023-10-25 11:15:00,11.31,11.59,11.16,11.4,0
2023-10-25 12:15:00,11.39,12.18,11.35,12.08,0
2023-10-25 13:15:00,12.07,12.1,11.37,11.37,0
2023-10-25 14:15:00,11.37,11.65,11.27,11.35,0
2023-10-25 15:15:00,11.35,11.45,11.11,11.15,0
2023-10-26 09:15:00,11.31,12.6,11.31,12.31,0
2023-10-26 10:15:00,12.31,12.6,12.23,12.59,0
2023-10-26 11:15:00,12.58,12.7,12.16,12.43,0
2023-10-26 12:15:00,12.42,12.54,12.22,12.33,0
2023-10-26 13:15:00,12.33,12.42,12.0,12.0,0
2023-10-26 14:15:00,11.99,12.11,11.75,11.8,0
2023-10-26 15:15:00,11.8,11.8,11.52,11.75,0
2023-10-27 09:15:00,11.73,12.31,10.96,11.15,0
2023-10-27 10:15:00,11.17,11.29,10.96,11.05,0
2023-10-27 11:15:00,11.05,11.06,10.8,10.91,0
2023-10-27 12:15:00,10.91,11.09,10.86,10.91,0
2023-10-27 13:15:00,10.91,10.94,10.74,10.79,0
2023-10-27 14:15:00,10.78,10.96,10.67,10.89,0
2023-10-27 15:15:00,10.89,11.03,10.82,10.82,0
2023-10-30 09:15:00,10.91,12.19,10.91,11.91,0
2023-10-30 10:15:00,11.91,11.91,11.58,11.63,0
2023-10-30 11:15:00,11.63,11.73,11.48,11.64,0
2023-10-30 12:15:00,11.64,11.7,11.53,11.57,0
2023-10-30 13:15:00,11.57,11.61,11.42,11.61,0
2023-10-30 14:15:00,11.6,11.7,11.4,11.5,0
2023-10-30 15:15:00,11.51,11.57,11.42,11.43,0
2023-10-31 09:15:00,11.49,12.14,11.26,12.11,0
2023-10-31 10:15:00,12.1,12.29,11.88,11.95,0
2023-10-31 11:15:00,11.95,12.19,11.82,12.09,0
2023-10-31 12:15:00,12.09,12.12,11.82,11.94,0
2023-10-31 13:15:00,11.94,12.0,11.68,11.72,0
2023-10-31 14:15:00,11.73,12.06,11.49,11.75,0
2023-10-31 15:15:00,11.75,11.87,11.69,11.85,0
2023-11-01 09:15:00,11.83,12.2,11.83,12.05,0
2023-11-01 10:15:00,12.04,12.12,11.96,11.98,0
2023-11-01 11:15:00,11.98,12.05,11.9,12.03,0
2023-11-01 12:15:00,12.03,12.13,11.88,12.07,0
2023-11-01 13:15:00,12.08,12.18,11.9,12.05,0
2023-11-01 14:15:00,12.05,12.11,11.94,12.02,0
2023-11-01 15:15:00,12.02,12.09,12.01,12.03,0
2023-11-02 09:15:00,12.05,12.05,10.96,11.53,0
2023-11-02 10:15:00,11.53,11.55,11.36,11.37,0
2023-11-02 11:15:00,11.37,11.53,11.28,11.36,0
2023-11-02 12:15:00,11.36,11.42,11.25,11.27,0
2023-11-02 13:15:00,11.27,11.29,11.11,11.15,0
2023-11-02 14:15:00,11.15,11.19,11.04,11.07,0
2023-11-02 15:15:00,11.07,11.13,10.95,10.99,0
2023-11-03 09:15:00,11.08,11.08,10.66,10.74,0
2023-11-03 10:15:00,10.74,10.77,10.64,10.66,0
2023-11-03 11:15:00,10.66,10.78,10.65,10.75,0
2023-11-03 12:15:00,10.75,10.81,10.67,10.79,0
2023-11-03 13:15:00,10.8,10.81,10.68,10.73,0
2023-11-03 14:15:00,10.73,10.97,10.68,10.87,0
2023-11-03 15:15:00,10.87,10.93,10.84,10.92,0
2023-11-06 09:15:00,10.88,11.27,10.38,11.11,0
2023-11-06 10:15:00,11.11,11.26,11.07,11.18,0
2023-11-06 11:15:00,11.17,11.28,11.11,11.16,0
2023-11-06 12:15:00,11.16,11.18,11.05,11.11,0
2023-11-06 13:15:00,11.11,11.21,11.06,11.1,0
2023-11-06 14:15:00,11.11,11.16,11.03,11.13,0
2023-11-06 15:15:00,11.13,11.15,11.06,11.11,0
2023-11-07 09:15:00,11.11,12.18,11.0,11.36,0
2023-11-07 10:15:00,11.36,11.4,11.24,11.37,0
2023-11-07 11:15:00,11.37,11.44,11.3,11.4,0
2023-11-07 12:15:00,11.4,11.42,11.32,11.37,0
2023-11-07 13:15:00,11.37,11.4,11.18,11.26,0
2023-11-07 14:15:00,11.26,11.33,11.17,11.19,0
2023-11-07 15:15:00,11.19,11.22,11.16,11.16,0
2023-11-08 09:15:00,11.19,11.33,10.63,11.23,0
2023-11-08 10:15:00,11.23,11.24,11.1,11.19,0
2023-11-08 11:15:00,11.19,11.24,11.1,11.17,0
2023-11-08 12:15:00,11.17,11.25,11.14,11.16,0
2023-11-08 13:15:00,11.16,11.16,11.02,11.06,0
2023-11-08 14:15:00,11.06,11.16,10.99,11.06,0
2023-11-08 15:15:00,11.06,11.08,11.0,11.06,0
2023-11-09 09:15:00,11.04,11.25,10.37,11.2,0
2023-11-09 10:15:00,11.2,11.24,10.95,11.0,0
2023-11-09 11:15:00,11.0,11.25,10.93,10.95,0
2023-11-09 12:15:00,10.95,10.98,10.92,10.96,0
2023-11-09 13:15:00,10.96,11.01,10.87,10.9,0
2023-11-09 14:15:00,10.9,11.07,10.87,11.05,0
2023-11-09 15:15:00,11.05,11.05,10.9,10.95,0
2023-11-10 09:15:00,10.98,11.36,9.86,11.16,0
2023-11-10 10:15:00,11.16,11.2,11.06,11.18,0
2023-11-10 11:15:00,11.18,11.2,11.1,11.14,0
2023-11-10 12:15:00,11.14,11.25,11.08,11.17,0
2023-11-10 13:15:00,11.17,11.24,11.04,11.07,0
2023-11-10 14:15:00,11.07,11.16,11.03,11.11,0
2023-11-10 15:15:00,11.11,11.15,11.03,11.03,0
2023-11-12 18:15:00,11.11,11.54,9.75,11.3,0
2023-11-13 09:15:00,11.35,11.48,10.5,11.29,0
2023-11-13 10:15:00,11.29,11.45,11.26,11.34,0
2023-11-13 11:15:00,11.34,11.39,11.26,11.3,0
2023-11-13 12:15:00,11.3,11.33,11.25,11.32,0
2023-11-13 13:15:00,11.32,11.63,11.22,11.62,0
2023-11-13 14:15:00,11.62,11.63,11.16,11.18,0
2023-11-13 15:15:00,11.18,11.23,11.14,11.17,0
2023-11-15 09:15:00,11.19,11.42,8.4,11.23,0
2023-11-15 10:15:00,11.24,11.26,11.18,11.2,0
2023-11-15 11:15:00,11.2,11.31,11.19,11.26,0
2023-11-15 12:15:00,11.26,11.3,11.16,11.19,0
2023-11-15 13:15:00,11.19,11.37,11.16,11.24,0
2023-11-15 14:15:00,11.24,11.28,11.11,11.11,0
2023-11-15 15:15:00,11.11,11.18,11.11,11.18,0
2023-11-16 09:15:00,11.14,11.62,10.62,11.61,0
2023-11-16 10:15:00,11.61,11.68,11.49,11.68,0
2023-11-16 11:15:00,11.68,11.79,11.62,11.77,0
2023-11-16 12:15:00,11.77,11.81,11.46,11.49,0
2023-11-16 13:15:00,11.49,11.81,11.45,11.75,0
2023-11-16 14:15:00,11.74,11.8,11.57,11.65,0
2023-11-16 15:15:00,11.65,11.69,11.56,11.57,0
2023-11-17 09:15:00,11.65,12.08,10.19,11.97,0
2023-11-17 10:15:00,11.96,12.09,11.78,11.86,0
2023-11-17 11:15:00,11.87,12.08,11.77,12.07,0
2023-11-17 12:15:00,12.07,12.09,11.87,12.04,0
2023-11-17 13:15:00,12.04,12.06,11.66,11.92,0
2023-11-17 14:15:00,11.92,11.95,11.77,11.9,0
2023-11-17 15:15:00,11.9,11.95,11.64,11.64,0
2023-11-20 09:15:00,11.83,12.52,11.2,12.21,0
2023-11-20 10:15:00,12.21,12.5,12.1,12.47,0
2023-11-20 11:15:00,12.47,12.67,12.13,12.14,0
2023-11-20 12:15:00,12.14,12.27,12.11,12.17,0
2023-11-20 13:15:00,12.16,12.25,12.05,12.17,0
2023-11-20 14:15:00,12.17,12.21,12.01,12.16,0
2023-11-20 15:15:00,12.16,12.19,12.0,12.0,0
2023-11-21 09:15:00,12.15,12.33,10.76,12.19,0
2023-11-21 10:15:00,12.19,12.2,12.09,12.13,0
2023-11-21 11:15:00,12.14,12.31,12.13,12.28,0
2023-11-21 12:15:00,12.3,12.35,12.19,12.28,0
2023-11-21 13:15:00,12.28,12.34,12.19,12.31,0
2023-11-21 14:15:00,12.31,12.33,12.2,12.2,0
2023-11-21 15:15:00,12.2,12.44,12.18,12.2,0
2023-11-22 09:15:00,12.23,12.46,11.02,12.42,0
2023-11-22 10:15:00,12.42,12.45,12.37,12.37,0
2023-11-22 11:15:00,12.37,12.54,12.05,12.54,0
2023-11-22 12:15:00,12.55,12.71,11.98,12.14,0
2023-11-22 13:15:00,12.14,12.24,12.04,12.15,0
2023-11-22 14:15:00,12.15,12.19,11.77,11.86,0
2023-11-22 15:15:00,11.85,11.98,11.8,11.9,0
2023-11-23 09:15:00,11.87,11.98,10.98,11.74,0
2023-11-23 10:15:00,11.74,12.01,11.67,11.82,0
2023-11-23 11:15:00,11.82,12.14,11.72,11.78,0
2023-11-23 12:15:00,11.77,12.08,11.61,11.93,0
2023-11-23 13:15:00,11.93,11.96,11.51,11.51,0
2023-11-23 14:15:00,11.51,11.73,11.25,11.26,0
2023-11-23 15:15:00,11.26,11.3,11.22,11.25,0
2023-11-24 09:15:00,11.32,11.47,8.68,11.07,0
2023-11-24 10:15:00,11.07,11.2,10.97,11.19,0
2023-11-24 11:15:00,11.19,11.23,11.17,11.19,0
2023-11-24 12:15:00,11.19,11.4,11.12,11.37,0
2023-11-24 13:15:00,11.37,11.44,11.17,11.19,0
2023-11-24 14:15:00,11.19,11.39,11.12,11.32,0
2023-11-24 15:15:00,11.31,11.4,11.28,11.33,0
2023-11-28 09:15:00,11.33,12.32,11.07,11.95,0
2023-11-28 10:15:00,11.95,12.07,11.83,12.07,0
2023-11-28 11:15:00,12.07,12.17,11.82,11.89,0
2023-11-28 12:15:00,11.89,12.16,11.87,11.99,0
2023-11-28 13:15:00,11.98,12.17,11.9,12.1,0
2023-11-28 14:15:00,12.1,12.36,11.94,12.08,0
2023-11-28 15:15:00,12.08,12.48,12.06,12.45,0
2023-11-29 09:15:00,12.18,14.46,11.33,12.5,0
2023-11-29 10:15:00,12.5,12.54,12.38,12.52,0
2023-11-29 11:15:00,12.52,12.66,12.39,12.42,0
2023-11-29 12:15:00,12.42,12.55,12.42,12.48,0
2023-11-29 13:15:00,12.48,12.59,12.45,12.56,0
2023-11-29 14:15:00,12.56,12.82,12.25,12.78,0
2023-11-29 15:15:00,12.78,12.94,12.34,12.78,0
2023-11-30 09:15:00,12.71,13.17,11.76,13.15,0
2023-11-30 10:15:00,13.14,13.23,12.79,13.1,0
2023-11-30 11:15:00,13.1,13.34,13.04,13.15,0
2023-11-30 12:15:00,13.15,13.35,13.1,13.13,0
2023-11-30 13:15:00,13.14,13.21,12.68,12.82,0
2023-11-30 14:15:00,12.82,12.96,12.63,12.72,0
2023-11-30 15:15:00,12.72,12.74,12.57,12.57,0
2023-12-01 09:15:00,12.69,12.69,11.78,12.57,0
2023-12-01 10:15:00,12.57,12.75,12.48,12.72,0
2023-12-01 11:15:00,12.72,12.75,12.52,12.61,0
2023-12-01 12:15:00,12.61,12.7,12.53,12.58,0
2023-12-01 13:15:00,12.58,12.76,12.55,12.58,0
2023-12-01 14:15:00,12.58,12.61,12.23,12.34,0
2023-12-01 15:15:00,12.33,12.51,12.3,12.35,0
2023-12-04 09:15:00,12.38,12.4,11.34,12.01,0
2023-12-04 10:15:00,12.01,12.29,11.91,12.26,0
2023-12-04 11:15:00,12.26,12.32,11.86,11.96,0
2023-12-04 12:15:00,11.96,12.37,11.95,12.14,0
2023-12-04 13:15:00,12.14,12.83,12.07,12.71,0
2023-12-04 14:15:00,12.71,13.16,12.67,13.0,0
2023-12-04 15:15:00,13.0,13.12,12.6,12.6,0
2023-12-05 09:15:00,12.99,13.55,11.48,13.55,0
2023-12-05 10:15:00,13.55,13.88,13.46,13.69,0
2023-12-05 11:15:00,13.69,13.71,13.26,13.53,0
2023-12-05 12:15:00,13.53,13.72,13.43,13.53,0
2023-12-05 13:15:00,13.52,13.66,13.36,13.5,0
2023-12-05 14:15:00,13.5,13.58,13.4,13.46,0
2023-12-05 15:15:00,13.47,13.64,13.39,13.47,0
2023-12-06 09:15:00,13.46,14.09,12.69,13.99,0
2023-12-06 10:15:00,13.99,14.04,13.74,13.91,0
2023-12-06 11:15:00,13.91,13.95,13.6,13.65,0
2023-12-06 12:15:00,13.65,13.77,13.61,13.63,0
2023-12-06 13:15:00,13.63,13.95,13.53,13.89,0
2023-12-06 14:15:00,13.89,13.95,13.69,13.7,0
2023-12-06 15:15:00,13.7,13.75,13.61,13.68,0
2023-12-07 09:15:00,13.74,13.74,13.23,13.45,0
2023-12-07 10:15:00,13.45,13.47,12.88,12.88,0
2023-12-07 11:15:00,12.88,13.11,12.77,12.81,0
2023-12-07 12:15:00,12.81,12.87,12.79,12.81,0
2023-12-07 13:15:00,12.81,12.92,12.67,12.73,0
2023-12-07 14:15:00,12.73,12.87,12.62,12.67,0
2023-12-07 15:15:00,12.67,12.75,12.55,12.59,0
2023-12-08 09:15:00,12.67,12.88,12.14,12.81,0
2023-12-08 10:15:00,12.81,12.85,12.65,12.67,0
2023-12-08 11:15:00,12.68,12.68,12.49,12.59,0
2023-12-08 12:15:00,12.59,12.62,12.47,12.53,0
2023-12-08 13:15:00,12.53,12.7,12.46,12.49,0
2023-12-08 14:15:00,12.5,12.55,12.34,12.46,0
2023-12-08 15:15:00,12.45,12.61,12.41,12.58,0
2023-12-11 09:15:00,12.47,13.12,12.23,12.9,0
2023-12-11 10:15:00,12.92,13.07,12.82,12.89,0
2023-12-11 11:15:00,12.89,13.01,12.85,12.9,0
2023-12-11 12:15:00,12.9,12.92,12.82,12.86,0
2023-12-11 13:15:00,12.86,12.92,12.82,12.85,0
2023-12-11 14:15:00,12.85,12.86,12.73,12.77,0
2023-12-11 15:15:00,12.77,12.79,12.69,12.75,0
2023-12-12 09:15:00,12.76,12.86,11.69,12.79,0
2023-12-12 10:15:00,12.79,12.87,12.66,12.73,0
2023-12-12 11:15:00,12.73,12.8,12.67,12.72,0
2023-12-12 12:15:00,12.72,12.79,12.62,12.69,0
2023-12-12 13:15:00,12.69,12.81,12.65,12.81,0
2023-12-12 14:15:00,12.81,12.85,12.67,12.72,0
2023-12-12 15:15:00,12.72,12.75,12.67,12.74,0
2023-12-13 09:15:00,12.71,12.82,11.54,12.67,0
2023-12-13 10:15:00,12.66,12.74,12.31,12.49,0
2023-12-13 11:15:00,12.49,12.57,12.33,12.55,0
2023-12-13 12:15:00,12.55,12.63,12.38,12.45,0
2023-12-13 13:15:00,12.45,12.51,12.15,12.16,0
2023-12-13 14:15:00,12.16,12.22,12.03,12.06,0
2023-12-13 15:15:00,12.06,12.13,11.98,12.1,0
2023-12-14 09:15:00,12.07,12.51,11.0,12.27,0
2023-12-14 10:15:00,12.25,12.28,12.07,12.11,0
2023-12-14 11:15:00,12.11,12.21,12.02,12.1,0
2023-12-14 12:15:00,12.1,12.22,12.09,12.19,0
2023-12-14 13:15:00,12.19,12.49,12.18,12.43,0
2023-12-14 14:15:00,12.43,12.49,12.26,12.29,0
2023-12-14 15:15:00,12.28,12.41,12.28,12.34,0
2023-12-15 09:15:00,12.32,12.48,10.8,12.48,0
2023-12-15 10:15:00,12.47,12.63,12.4,12.5,0
2023-12-15 11:15:00,12.5,12.59,12.43,12.49,0
2023-12-15 12:15:00,12.49,12.54,12.42,12.48,0
2023-12-15 13:15:00,12.48,12.63,12.42,12.53,0
2023-12-15 14:15:00,12.53,13.12,12.48,13.03,0
2023-12-15 15:15:00,13.03,13.34,13.01,13.29,0
2023-12-18 09:15:00,13.13,14.08,13.13,13.93,0
2023-12-18 10:15:00,13.94,14.05,13.89,13.97,0
2023-12-18 11:15:00,13.97,14.11,13.92,14.04,0
2023-12-18 12:15:00,14.03,14.12,13.89,13.91,0
2023-12-18 13:15:00,13.91,14.07,13.83,14.0,0
2023-12-18 14:15:00,14.0,14.07,13.83,13.84,0
2023-12-18 15:15:00,13.84,13.94,13.83,13.93,0
2023-12-19 09:15:00,13.9,14.03,13.55,13.69,0
2023-12-19 10:15:00,13.69,13.76,13.64,13.76,0
2023-12-19 11:15:00,13.75,13.94,13.71,13.84,0
2023-12-19 12:15:00,13.84,13.97,13.8,13.93,0
2023-12-19 13:15:00,13.94,14.01,13.88,13.99,0
2023-12-19 14:15:00,13.99,14.12,13.82,13.91,0
2023-12-19 15:15:00,13.91,13.94,13.78,13.86,0
2023-12-20 09:15:00,13.87,14.17,12.78,13.99,0
2023-12-20 10:15:00,13.99,14.13,13.92,14.0,0
2023-12-20 11:15:00,13.99,14.14,13.99,14.12,0
2023-12-20 12:15:00,14.11,14.17,13.95,14.12,0
2023-12-20 13:15:00,14.12,14.59,14.07,14.59,0
2023-12-20 14:15:00,14.6,14.87,14.48,14.53,0
2023-12-20 15:15:00,14.53,14.53,14.22,14.37,0
2023-12-21 09:15:00,14.45,15.01,12.28,14.33,0
2023-12-21 10:15:00,14.33,14.53,14.27,14.47,0
2023-12-21 11:15:00,14.47,14.56,14.33,14.37,0
2023-12-21 12:15:00,14.37,14.65,14.37,14.54,0
2023-12-21 13:15:00,14.54,14.63,14.32,14.36,0
2023-12-21 14:15:00,14.36,14.47,13.62,13.79,0
2023-12-21 15:15:00,13.79,13.92,13.62,13.65,0
2023-12-22 09:15:00,13.76,13.99,12.23,13.78,0
2023-12-22 10:15:00,13.77,13.98,13.77,13.79,0
2023-12-22 11:15:00,13.79,13.94,13.76,13.86,0
2023-12-22 12:15:00,13.87,13.96,13.72,13.87,0
2023-12-22 13:15:00,13.87,13.99,13.65,13.87,0
2023-12-22 14:15:00,13.88,13.92,13.7,13.75,0
2023-12-22 15:15:00,13.75,13.84,13.48,13.51,0
2023-12-26 09:15:00,13.71,14.77,13.71,14.77,0
2023-12-26 10:15:00,14.77,14.82,14.66,14.7,0
2023-12-26 11:15:00,14.7,14.88,14.7,14.86,0
2023-12-26 12:15:00,14.86,14.95,14.72,14.84,0
2023-12-26 13:15:00,14.84,14.88,14.7,14.79,0
2023-12-26 14:15:00,14.79,14.84,14.62,14.62,0
2023-12-26 15:15:00,14.62,14.71,14.6,14.64,0
2023-12-27 09:15:00,14.68,15.14,14.47,15.05,0
2023-12-27 10:15:00,15.05,15.2,15.04,15.07,0
2023-12-27 11:15:00,15.07,15.39,15.07,15.38,0
2023-12-27 12:15:00,15.38,15.39,15.1,15.26,0
2023-12-27 13:15:00,15.25,15.43,15.22,15.35,0
2023-12-27 14:15:00,15.35,15.67,15.33,15.66,0
2023-12-27 15:15:00,15.67,15.73,15.38,15.44,0
2023-12-28 09:15:00,15.56,16.47,15.45,16.23,0
2023-12-28 10:15:00,16.22,16.27,15.91,16.06,0
2023-12-28 11:15:00,16.06,16.13,15.92,16.02,0
2023-12-28 12:15:00,16.02,16.02,15.7,15.81,0
2023-12-28 13:15:00,15.81,15.87,15.64,15.66,0
2023-12-28 14:15:00,15.66,15.81,15.03,15.06,0
2023-12-28 15:15:00,15.06,15.12,14.96,15.12,0
2023-12-29 09:15:00,15.14,15.43,14.9,15.15,0
2023-12-29 10:15:00,15.15,15.2,15.0,15.03,0
2023-12-29 11:15:00,15.03,15.05,14.82,14.86,0
2023-12-29 12:15:00,14.86,14.88,14.59,14.6,0
2023-12-29 13:15:00,14.6,14.65,14.47,14.51,0
2023-12-29 14:15:00,14.51,14.6,14.37,14.48,0
2023-12-29 15:15:00,14.49,14.54,14.41,14.41,0
2024-01-01 09:15:00,14.5,14.87,14.43,14.62,0
2024-01-01 10:15:00,14.62,14.63,14.5,14.54,0
2024-01-01 11:15:00,14.54,14.57,14.41,14.43,0
2024-01-01 12:15:00,14.43,14.47,14.33,14.42,0
2024-01-01 13:15:00,14.42,14.47,14.33,14.45,0
2024-01-01 14:15:00,14.45,14.8,14.43,14.65,0
2024-01-01 15:15:00,14.65,14.81,14.6,14.75,0
2024-01-02 09:15:00,14.68,14.91,14.24,14.72,0
2024-01-02 10:15:00,14.73,15.08,14.7,14.89,0
2024-01-02 11:15:00,14.89,15.0,14.79,14.8,0
2024-01-02 12:15:00,14.8,14.88,14.65,14.87,0
2024-01-02 13:15:00,14.86,14.86,14.6,14.63,0
2024-01-02 14:15:00,14.62,14.72,14.47,14.52,0
2024-01-02 15:15:00,14.52,14.69,14.51,14.58,0
2024-01-03 09:15:00,14.58,14.78,14.48,14.54,0
2024-01-03 10:15:00,14.53,14.67,14.42,14.44,0
2024-01-03 11:15:00,14.44,14.47,14.33,14.4,0
2024-01-03 12:15:00,14.4,14.58,14.22,14.29,0
2024-01-03 13:15:00,14.29,14.32,14.13,14.17,0
2024-01-03 14:15:00,14.18,14.21,14.02,14.06,0
2024-01-03 15:15:00,14.06,14.11,14.05,14.1,0
2024-01-04 09:15:00,14.1,14.21,13.66,13.69,0
2024-01-04 10:15:00,13.69,13.78,13.63,13.7,0
2024-01-04 11:15:00,13.7,13.76,13.56,13.62,0
2024-01-04 12:15:00,13.62,13.66,13.56,13.64,0
2024-01-04 13:15:00,13.65,13.66,13.45,13.52,0
2024-01-04 14:15:00,13.52,13.55,13.26,13.27,0
2024-01-04 15:15:00,13.27,13.37,13.21,13.35,0
2024-01-05 09:15:00,13.33,13.47,13.04,13.09,0
2024-01-05 10:15:00,13.08,13.25,13.0,13.06,0
2024-01-05 11:15:00,13.06,13.19,12.89,12.95,0
2024-01-05 12:15:00,12.95,12.97,12.84,12.86,0
2024-01-05 13:15:00,12.86,12.99,12.8,12.94,0
2024-01-05 14:15:00,12.94,13.01,12.6,12.63,0
2024-01-05 15:15:00,12.63,12.69,12.49,12.52,0
2024-01-08 09:15:00,12.63,13.24,12.63,13.14,0
2024-01-08 10:15:00,13.14,13.33,13.09,13.25,0
2024-01-08 11:15:00,13.25,13.49,13.12,13.33,0
2024-01-08 12:15:00,13.34,13.38,13.12,13.22,0
2024-01-08 13:15:00,13.22,13.36,13.08,13.17,0
2024-01-08 14:15:00,13.17,13.51,13.12,13.49,0
2024-01-08 15:15:00,13.49,13.6,13.46,13.5,0
2024-01-09 09:15:00,13.46,13.46,12.78,13.01,0
2024-01-09 10:15:00,13.01,13.18,12.98,13.07,0
2024-01-09 11:15:00,13.07,13.22,13.03,13.16,0
2024-01-09 12:15:00,13.17,13.31,13.13,13.3,0
2024-01-09 13:15:00,13.3,13.34,13.18,13.19,0
2024-01-09 14:15:00,13.2,13.51,13.15,13.2,0
2024-01-09 15:15:00,13.2,13.3,13.14,13.3,0
2024-01-10 09:15:00,13.26,14.56,13.26,13.51,0
2024-01-10 10:15:00,13.52,13.6,13.36,13.48,0
2024-01-10 11:15:00,13.49,13.58,13.41,13.54,0
2024-01-10 12:15:00,13.54,13.66,13.41,13.48,0
2024-01-10 13:15:00,13.48,13.59,13.34,13.35,0
2024-01-10 14:15:00,13.34,13.4,12.94,12.98,0
2024-01-10 15:15:00,12.98,13.02,12.82,12.83,0
2024-01-11 09:15:00,12.97,13.19,12.63,13.03,0
2024-01-11 10:15:00,13.04,13.12,12.87,12.93,0
2024-01-11 11:15:00,12.93,13.03,12.92,13.01,0
2024-01-11 12:15:00,13.02,13.03,12.85,12.88,0
2024-01-11 13:15:00,12.88,13.03,12.77,12.98,0
2024-01-11 14:15:00,12.99,13.02,12.69,12.81,0
2024-01-11 15:15:00,12.81,12.81,12.73,12.76,0
2024-01-12 09:15:00,12.77,12.79,12.42,12.6,0
2024-01-12 10:15:00,12.6,13.08,12.58,12.93,0
2024-01-12 11:15:00,12.92,13.0,12.83,12.89,0
2024-01-12 12:15:00,12.89,13.06,12.85,12.94,0
2024-01-12 13:15:00,12.94,13.19,12.91,13.04,0
2024-01-12 14:15:00,13.04,13.29,12.99,13.1,0
2024-01-12 15:15:00,13.1,13.16,13.04,13.09,0
2024-01-15 09:15:00,13.1,13.79,11.79,13.59,0
2024-01-15 10:15:00,13.59,13.67,13.53,13.62,0
2024-01-15 11:15:00,13.61,13.69,13.57,13.6,0
2024-01-15 12:15:00,13.6,13.68,13.55,13.57,0
2024-01-15 13:15:00,13.57,13.82,13.54,13.79,0
2024-01-15 14:15:00,13.79,13.89,13.64,13.86,0
2024-01-15 15:15:00,13.86,13.88,13.77,13.79,0
2024-01-16 09:15:00,13.79,14.04,12.49,13.96,0
2024-01-16 10:15:00,13.96,14.02,13.82,13.83,0
2024-01-16 11:15:00,13.83,13.89,13.73,13.82,0
2024-01-16 12:15:00,13.82,13.83,13.65,13.66,0
2024-01-16 13:15:00,13.65,13.77,13.57,13.61,0
2024-01-16 14:15:00,13.61,13.68,13.56,13.58,0
2024-01-16 15:15:00,13.58,13.63,13.52,13.55,0
2024-01-17 09:15:00,13.57,14.0,12.72,13.8,0
2024-01-17 10:15:00,13.8,14.09,13.76,14.04,0
2024-01-17 11:15:00,14.04,15.18,14.03,14.83,0
2024-01-17 12:15:00,14.83,15.12,14.52,15.08,0
2024-01-17 13:15:00,15.08,15.23,14.78,14.84,0
2024-01-17 14:15:00,14.84,15.21,14.82,15.04,0
2024-01-17 15:15:00,15.04,15.12,14.99,15.11,0
2024-01-18 09:15:00,15.08,15.71,12.98,15.17,0
2024-01-18 10:15:00,15.18,15.28,14.74,14.85,0
2024-01-18 11:15:00,14.85,14.92,14.46,14.46,0
2024-01-18 12:15:00,14.47,14.92,14.46,14.88,0
2024-01-18 13:15:00,14.88,14.93,14.65,14.65,0
2024-01-18 14:15:00,14.65,14.79,14.03,14.07,0
2024-01-18 15:15:00,14.07,14.12,13.89,14.12,0
2024-01-19 09:15:00,14.07,14.07,13.7,13.8,0
2024-01-19 10:15:00,13.79,14.04,13.68,14.03,0
2024-01-19 11:15:00,14.03,14.11,13.83,14.05,0
2024-01-19 12:15:00,14.05,14.11,13.85,13.85,0
2024-01-19 13:15:00,13.85,14.09,13.8,14.05,0
2024-01-19 14:15:00,14.05,14.08,13.71,13.87,0
2024-01-19 15:15:00,13.87,13.9,13.83,13.86,0
2024-01-20 09:15:00,13.88,14.25,13.1,14.02,0
2024-01-20 10:15:00,14.02,14.07,13.93,13.94,0
2024-01-20 11:15:00,13.94,14.0,13.87,13.92,0
2024-01-20 12:15:00,13.92,14.12,13.78,13.87,0
2024-01-20 13:15:00,13.87,13.91,13.71,13.79,0
2024-01-20 14:15:00,13.79,14.01,13.69,13.74,0
2024-01-20 15:15:00,13.74,13.82,13.68,13.71,0
2024-01-23 09:15:00,13.8,13.8,12.2,13.4,0
2024-01-23 10:15:00,13.4,14.09,13.21,13.79,0
2024-01-23 11:15:00,13.79,15.09,13.73,14.92,0
2024-01-23 12:15:00,14.93,15.31,14.66,14.87,0
2024-01-23 13:15:00,14.87,15.06,14.69,14.87,0
2024-01-23 14:15:00,14.87,15.41,14.62,14.87,0
2024-01-23 15:15:00,14.88,15.0,14.67,14.89,0
2024-01-24 09:15:00,14.85,15.65,14.81,15.41,0
2024-01-24 10:15:00,15.41,15.44,14.68,14.8,0
2024-01-24 11:15:00,14.81,15.26,14.68,15.13,0
2024-01-24 12:15:00,15.13,15.32,14.69,15.12,0
2024-01-24 13:15:00,15.12,15.17,14.78,14.94,0
2024-01-24 14:15:00,14.94,15.09,14.46,14.51,0
2024-01-24 15:15:00,14.5,14.5,14.03,14.04,0
2024-01-25 09:15:00,14.38,15.04,13.36,14.92,0
2024-01-25 10:15:00,14.92,15.34,14.8,15.1,0
2024-01-25 11:15:00,15.1,15.18,14.54,14.99,0
2024-01-25 12:15:00,14.99,15.09,14.7,14.79,0
2024-01-25 13:15:00,14.79,14.97,14.59,14.65,0
2024-01-25 14:15:00,14.65,14.78,13.67,13.77,0
2024-01-25 15:15:00,13.77,13.87,13.62,13.87,0
2024-01-29 09:15:00,13.87,15.41,13.8,15.23,0
2024-01-29 10:15:00,15.25,15.35,15.1,15.25,0
2024-01-29 11:15:00,15.25,15.29,15.06,15.23,0
2024-01-29 12:15:00,15.23,15.57,15.14,15.54,0
2024-01-29 13:15:00,15.54,15.67,15.38,15.6,0
2024-01-29 14:15:00,15.6,15.76,15.48,15.73,0
2024-01-29 15:15:00,15.73,15.85,15.64,15.67,0
2024-01-30 09:15:00,15.68,16.58,14.99,16.33,0
2024-01-30 10:15:00,16.33,16.34,16.03,16.06,0
2024-01-30 11:15:00,16.03,16.23,16.0,16.09,0
2024-01-30 12:15:00,16.1,16.17,15.97,16.05,0
2024-01-30 13:15:00,16.05,16.11,15.81,15.86,0
2024-01-30 14:15:00,15.86,16.31,15.86,16.1,0
2024-01-30 15:15:00,16.09,16.26,16.03,16.26,0
2024-01-31 09:15:00,16.1,16.53,15.86,15.98,0
2024-01-31 10:15:00,15.97,16.1,15.87,16.08,0
2024-01-31 11:15:00,16.08,16.18,15.86,15.9,0
2024-01-31 12:15:00,15.9,16.05,15.8,15.87,0
2024-01-31 13:15:00,15.87,16.04,15.83,15.95,0
2024-01-31 14:15:00,15.95,16.16,15.88,16.05,0
2024-01-31 15:15:00,16.05,16.06,15.94,16.04,0
2024-02-01 09:15:00,16.05,16.11,14.38,15.76,0
2024-02-01 10:15:00,15.76,15.97,15.61,15.65,0
2024-02-01 11:15:00,15.65,15.86,15.0,15.05,0
2024-02-01 12:15:00,15.06,15.12,14.87,14.92,0
2024-02-01 13:15:00,14.92,14.93,14.48,14.48,0
2024-02-01 14:15:00,14.49,14.56,14.36,14.46,0
2024-02-01 15:15:00,14.46,14.62,14.43,14.61,0
2024-02-02 09:15:00,14.46,14.46,14.03,14.42,0
2024-02-02 10:15:00,14.42,14.47,14.28,14.3,0
2024-02-02 11:15:00,14.29,15.13,14.28,14.72,0
2024-02-02 12:15:00,14.72,14.87,14.43,14.82,0
2024-02-02 13:15:00,14.82,15.06,14.64,14.78,0
2024-02-02 14:15:00,14.79,14.85,14.53,14.69,0
2024-02-02 15:15:00,14.69,14.82,14.68,14.76,0
2024-02-05 09:15:00,14.7,16.05,14.7,15.96,0
2024-02-05 10:15:00,15.96,16.01,15.71,15.77,0
2024-02-05 11:15:00,15.77,15.79,15.68,15.71,0
2024-02-05 12:15:00,15.71,15.79,15.65,15.7,0
2024-02-05 13:15:00,15.7,15.73,15.52,15.52,0
2024-02-05 14:15:00,15.52,15.88,15.46,15.64,0
2024-02-05 15:15:00,15.64,15.66,15.55,15.66,0
2024-02-06 09:15:00,15.62,15.98,15.09,15.8,0
2024-02-06 10:15:00,15.8,15.84,15.68,15.71,0
2024-02-06 11:15:00,15.7,15.9,15.65,15.81,0
2024-02-06 12:15:00,15.81,15.87,15.71,15.79,0
2024-02-06 13:15:00,15.79,15.9,15.74,15.85,0
2024-02-06 14:15:00,15.85,15.91,15.72,15.81,0
2024-02-06 15:15:00,15.8,15.86,15.73,15.77,0
2024-02-07 09:15:00,15.79,16.02,14.74,15.85,0
2024-02-07 10:15:00,15.84,15.92,15.73,15.79,0
2024-02-07 11:15:00,15.79,15.96,15.76,15.92,0
2024-02-07 12:15:00,15.92,15.93,15.78,15.78,0
2024-02-07 13:15:00,15.78,15.8,15.59,15.67,0
2024-02-07 14:15:00,15.66,15.74,15.46,15.48,0
2024-02-07 15:15:00,15.48,15.54,15.43,15.48,0
2024-02-08 09:15:00,15.51,15.66,15.29,15.41,0
2024-02-08 10:15:00,15.4,16.0,15.24,15.88,0
2024-02-08 11:15:00,15.88,15.99,15.43,15.48,0
2024-02-08 12:15:00,15.48,15.64,15.35,15.36,0
2024-02-08 13:15:00,15.36,15.58,15.33,15.55,0
2024-02-08 14:15:00,15.54,16.03,15.5,15.81,0
2024-02-08 15:15:00,15.81,15.94,15.67,15.77,0
2024-02-09 09:15:00,15.83,16.33,15.61,15.86,0
2024-02-09 10:15:00,15.86,16.21,15.79,15.91,0
2024-02-09 11:15:00,15.91,16.17,15.76,15.88,0
2024-02-09 12:15:00,15.89,15.9,15.72,15.73,0
2024-02-09 13:15:00,15.73,15.82,15.6,15.65,0
2024-02-09 14:15:00,15.64,15.75,15.34,15.45,0
2024-02-09 15:15:00,15.45,15.5,15.27,15.31,0
2024-02-12 09:15:00,15.45,16.36,15.45,16.13,0
2024-02-12 10:15:00,16.13,16.17,15.79,15.95,0
2024-02-12 11:15:00,15.95,16.02,15.74,15.92,0
2024-02-12 12:15:00,15.92,16.54,15.81,16.39,0
2024-02-12 13:15:00,16.4,16.46,16.0,16.01,0
2024-02-12 14:15:00,16.01,16.28,15.92,16.07,0
2024-02-12 15:15:00,16.07,16.37,16.03,16.36,0
2024-02-13 09:15:00,16.06,16.57,15.8,16.16,0
2024-02-13 10:15:00,16.16,16.27,16.03,16.06,0
2024-02-13 11:15:00,16.07,16.26,16.06,16.21,0
2024-02-13 12:15:00,16.21,16.23,15.81,15.97,0
2024-02-13 13:15:00,15.96,16.0,15.87,15.91,0
2024-02-13 14:15:00,15.91,15.95,15.77,15.79,0
2024-02-13 15:15:00,15.79,15.84,15.75,15.82,0
2024-02-14 09:15:00,15.81,16.2,15.34,15.87,0
2024-02-14 10:15:00,15.87,15.97,15.68,15.79,0
2024-02-14 11:15:00,15.79,15.85,15.56,15.58,0
2024-02-14 12:15:00,15.58,15.78,15.53,15.73,0
2024-02-14 13:15:00,15.74,15.75,15.59,15.65,0
2024-02-14 14:15:00,15.65,15.69,15.36,15.46,0
2024-02-14 15:15:00,15.46,15.52,15.37,15.44,0
2024-02-15 09:15:00,15.44,15.64,15.13,15.59,0
2024-02-15 10:15:00,15.59,15.66,15.49,15.55,0
2024-02-15 11:15:00,15.55,15.58,15.44,15.51,0
2024-02-15 12:15:00,15.51,15.59,15.41,15.44,0
2024-02-15 13:15:00,15.44,15.48,15.33,15.44,0
2024-02-15 14:15:00,15.44,15.44,15.23,15.23,0
2024-02-15 15:15:00,15.23,15.23,15.11,15.16,0
2024-02-16 09:15:00,15.23,15.45,14.9,15.44,0
2024-02-16 10:15:00,15.44,15.55,15.4,15.46,0
2024-02-16 11:15:00,15.46,15.48,15.28,15.39,0
2024-02-16 12:15:00,15.39,15.46,15.29,15.4,0
2024-02-16 13:15:00,15.4,15.45,15.22,15.29,0
2024-02-16 14:15:00,15.29,15.36,15.16,15.19,0
2024-02-16 15:15:00,15.19,15.25,15.18,15.24,0
2024-02-19 09:15:00,15.22,16.02,13.7,15.88,0
2024-02-19 10:15:00,15.88,15.99,15.8,15.97,0
2024-02-19 11:15:00,15.97,16.12,15.94,16.04,0
2024-02-19 12:15:00,16.03,16.11,16.02,16.07,0
2024-02-19 13:15:00,16.08,16.12,16.01,16.08,0
2024-02-19 14:15:00,16.08,16.11,15.94,16.07,0
2024-02-19 15:15:00,16.07,16.09,15.97,16.02,0
2024-02-20 09:15:00,16.02,16.36,14.21,16.24,0
2024-02-20 10:15:00,16.23,16.32,16.16,16.28,0
2024-02-20 11:15:00,16.27,16.27,16.14,16.2,0
2024-02-20 12:15:00,16.2,16.27,16.15,16.2,0
2024-02-20 13:15:00,16.2,16.33,16.14,16.27,0
2024-02-20 14:15:00,16.27,16.3,16.03,16.03,0
2024-02-20 15:15:00,16.04,16.1,15.97,16.09,0
2024-02-21 09:15:00,16.07,16.31,15.92,16.16,0
2024-02-21 10:15:00,16.15,16.24,16.08,16.19,0
2024-02-21 11:15:00,16.19,16.26,15.94,15.96,0
2024-02-21 12:15:00,15.96,15.99,15.73,15.82,0
2024-02-21 13:15:00,15.82,16.04,15.68,16.01,0
2024-02-21 14:15:00,16.01,16.12,15.83,15.89,0
2024-02-21 15:15:00,15.9,15.97,15.83,15.92,0
2024-02-22 09:15:00,15.93,16.15,15.54,15.99,0
2024-02-22 10:15:00,15.99,16.15,15.84,15.9,0
2024-02-22 11:15:00,15.9,16.03,15.61,15.64,0
2024-02-22 12:15:00,15.63,15.68,15.43,15.5,0
2024-02-22 13:15:00,15.5,15.52,15.16,15.35,0
2024-02-22 14:15:00,15.34,15.49,15.15,15.22,0
2024-02-22 15:15:00,15.22,15.28,15.13,15.27,0
2024-02-23 09:15:00,15.2,15.42,15.09,15.34,0
2024-02-23 10:15:00,15.34,15.44,15.16,15.23,0
2024-02-23 11:15:00,15.23,15.27,15.13,15.23,0
2024-02-23 12:15:00,15.24,15.26,15.03,15.09,0
2024-02-23 13:15:00,15.09,15.2,14.98,15.14,0
2024-02-23 14:15:00,15.15,15.19,14.95,14.99,0
2024-02-23 15:15:00,14.99,15.02,14.84,14.96,0
2024-02-26 09:15:00,14.97,15.83,13.76,15.77,0
2024-02-26 10:15:00,15.77,15.91,15.72,15.89,0
2024-02-26 11:15:00,15.89,15.96,15.81,15.9,0
2024-02-26 12:15:00,15.9,15.94,15.55,15.61,0
2024-02-26 13:15:00,15.61,15.69,15.51,15.59,0
2024-02-26 14:15:00,15.58,15.79,15.54,15.63,0
2024-02-26 15:15:00,15.63,15.65,15.51,15.6,0
2024-02-27 09:15:00,15.6,16.0,15.53,15.71,0
2024-02-27 10:15:00,15.71,15.83,15.63,15.67,0
2024-02-27 11:15:00,15.67,15.72,15.6,15.68,0
2024-02-27 12:15:00,15.68,15.75,15.58,15.68,0
2024-02-27 13:15:00,15.68,15.86,15.65,15.72,0
2024-02-27 14:15:00,15.72,15.81,15.66,15.75,0
2024-02-27 15:15:00,15.75,15.77,15.67,15.75,0
2024-02-28 09:15:00,15.73,16.0,15.31,15.65,0
2024-02-28 10:15:00,15.65,16.32,15.63,16.21,0
2024-02-28 11:15:00,16.21,16.42,15.98,16.14,0
2024-02-28 12:15:00,16.14,16.74,16.08,16.72,0
2024-02-28 13:15:00,16.73,16.73,16.1,16.13,0
2024-02-28 14:15:00,16.13,16.39,16.1,16.32,0
2024-02-28 15:15:00,16.31,16.62,16.28,16.62,0
2024-02-29 09:15:00,16.33,16.55,15.84,16.41,0
2024-02-29 10:15:00,16.41,16.48,15.93,15.93,0
2024-02-29 11:15:00,15.93,16.11,15.8,15.9,0
2024-02-29 12:15:00,15.9,16.18,15.83,15.94,0
2024-02-29 13:15:00,15.94,16.0,15.7,15.7,0
2024-02-29 14:15:00,15.69,15.87,15.51,15.51,0
2024-02-29 15:15:00,15.51,15.56,15.37,15.48,0
2024-03-01 09:15:00,15.57,15.57,15.13,15.17,0
2024-03-01 10:15:00,15.17,15.34,15.14,15.23,0
2024-03-01 11:15:00,15.23,15.64,15.23,15.46,0
2024-03-01 12:15:00,15.46,15.59,15.4,15.5,0
2024-03-01 13:15:00,15.5,15.6,15.38,15.38,0
2024-03-01 14:15:00,15.38,15.42,15.19,15.22,0
2024-03-01 15:15:00,15.22,15.28,15.0,15.19,0
2024-03-02 09:15:00,15.24,15.42,14.73,15.05,0
2024-03-02 11:15:00,15.05,15.2,13.53,15.0,0
2024-03-02 12:15:00,14.99,15.03,14.87,14.92,0
2024-03-04 09:15:00,14.99,15.3,14.99,15.12,0
2024-03-04 10:15:00,15.12,15.14,14.94,14.99,0
2024-03-04 11:15:00,14.98,15.04,14.89,14.94,0
2024-03-04 12:15:00,14.94,15.0,14.88,14.96,0
2024-03-04 13:15:00,14.96,15.0,14.89,14.92,0
2024-03-04 14:15:00,14.92,14.97,14.82,14.9,0
2024-03-04 15:15:00,14.9,15.02,14.89,14.98,0
2024-03-05 09:15:00,14.92,15.17,14.18,14.83,0
2024-03-05 10:15:00,14.84,14.95,14.7,14.71,0
2024-03-05 11:15:00,14.71,14.82,14.64,14.69,0
2024-03-05 12:15:00,14.69,14.81,14.47,14.6,0
2024-03-05 13:15:00,14.61,14.7,14.49,14.56,0
2024-03-05 14:15:00,14.56,14.6,14.34,14.37,0
2024-03-05 15:15:00,14.37,14.4,14.34,14.36,0
2024-03-06 09:15:00,14.38,14.71,13.91,14.5,0
2024-03-06 10:15:00,14.51,14.7,14.45,14.47,0
2024-03-06 11:15:00,14.47,14.68,14.39,14.46,0
2024-03-06 12:15:00,14.46,14.57,14.32,14.36,0
2024-03-06 13:15:00,14.37,14.44,14.14,14.18,0
2024-03-06 14:15:00,14.18,14.38,14.16,14.32,0
2024-03-06 15:15:00,14.33,14.36,14.2,14.32,0
2024-03-07 09:15:00,14.3,14.43,13.76,14.18,0
2024-03-07 10:15:00,14.18,14.19,14.0,14.06,0
2024-03-07 11:15:00,14.06,14.12,14.0,14.03,0
2024-03-07 12:15:00,14.03,14.11,13.98,14.01,0
2024-03-07 13:15:00,14.01,14.04,13.77,13.78,0
2024-03-07 14:15:00,13.78,13.82,13.56,13.6,0
2024-03-07 15:15:00,13.6,13.68,13.58,13.67,0
2024-03-11 09:15:00,13.61,14.55,13.61,14.5,0
2024-03-11 10:15:00,14.51,14.53,14.21,14.29,0
2024-03-11 11:15:00,14.29,14.33,14.18,14.26,0
2024-03-11 12:15:00,14.25,14.29,14.11,14.17,0
2024-03-11 13:15:00,14.17,14.19,14.02,14.1,0
2024-03-11 14:15:00,14.12,14.18,13.95,13.97,0
2024-03-11 15:15:00,13.97,14.03,13.93,13.95,0
2024-03-12 09:15:00,14.0,14.1,13.81,13.87,0
2024-03-12 10:15:00,13.87,14.2,13.8,13.89,0
2024-03-12 11:15:00,13.89,13.95,13.73,13.83,0
2024-03-12 12:15:00,13.84,13.86,13.7,13.71,0
2024-03-12 13:15:00,13.71,13.77,13.64,13.69,0
2024-03-12 14:15:00,13.7,13.83,13.58,13.62,0
2024-03-12 15:15:00,13.62,13.72,13.58,13.72,0
2024-03-13 09:15:00,13.64,14.01,13.53,13.83,0
2024-03-13 10:15:00,13.82,13.98,13.66,13.95,0
2024-03-13 11:15:00,13.95,14.4,13.86,14.4,0
2024-03-13 12:15:00,14.4,14.69,14.25,14.41,0
2024-03-13 13:15:00,14.42,14.7,14.29,14.61,0
2024-03-13 14:15:00,14.61,15.01,14.25,14.52,0
2024-03-13 15:15:00,14.54,14.56,14.37,14.44,0
2024-03-14 09:15:00,14.43,14.68,13.66,14.15,0
2024-03-14 10:15:00,14.15,14.2,13.72,13.79,0
2024-03-14 11:15:00,13.79,13.95,13.76,13.81,0
2024-03-14 12:15:00,13.81,13.89,13.74,13.79,0
2024-03-14 13:15:00,13.8,13.88,13.62,13.83,0
2024-03-14 14:15:00,13.83,13.84,13.58,13.65,0
2024-03-14 15:15:00,13.65,13.66,13.52,13.57,0
2024-03-15 09:15:00,13.62,14.33,13.62,14.1,0
2024-03-15 10:15:00,14.1,14.27,13.99,14.19,0
2024-03-15 11:15:00,14.19,14.33,14.11,14.27,0
2024-03-15 12:15:00,14.27,14.32,13.97,14.04,0
2024-03-15 13:15:00,14.04,14.05,13.74,13.79,0
2024-03-15 14:15:00,13.8,13.89,13.62,13.75,0
2024-03-15 15:15:00,13.75,13.93,13.59,13.8,0
2024-03-18 09:15:00,13.69,14.62,13.69,14.43,0
2024-03-18 10:15:00,14.45,14.46,14.26,14.42,0
2024-03-18 11:15:00,14.43,14.55,14.18,14.21,0
2024-03-18 12:15:00,14.2,14.25,14.11,14.15,0
2024-03-18 13:15:00,14.15,14.16,13.91,14.05,0
2024-03-18 14:15:00,14.07,14.07,13.85,13.89,0
2024-03-18 15:15:00,13.89,13.93,13.82,13.84,0
2024-03-19 09:15:00,13.9,14.41,13.88,14.29,0
2024-03-19 10:15:00,14.29,14.45,14.13,14.26,0
2024-03-19 11:15:00,14.26,14.36,14.03,14.06,0
2024-03-19 12:15:00,14.06,14.14,13.98,14.02,0
2024-03-19 13:15:00,14.02,14.19,13.98,14.19,0
2024-03-19 14:15:00,14.19,14.32,14.09,14.16,0
2024-03-19 15:15:00,14.16,14.18,14.01,14.08,0
2024-03-20 09:15:00,14.11,14.23,13.09,14.17,0
2024-03-20 10:15:00,14.18,14.28,13.87,14.02,0
2024-03-20 11:15:00,14.02,14.07,13.78,13.85,0
2024-03-20 12:15:00,13.83,13.85,13.56,13.59,0
2024-03-20 13:15:00,13.59,13.74,13.54,13.69,0
2024-03-20 14:15:00,13.69,13.73,13.42,13.44,0
2024-03-20 15:15:00,13.44,13.53,13.41,13.52,0
2024-03-21 09:15:00,13.47,13.47,12.75,12.94,0
2024-03-21 10:15:00,12.93,12.93,12.69,12.73,0
2024-03-21 11:15:00,12.73,12.77,12.57,12.76,0
2024-03-21 12:15:00,12.76,12.81,12.51,12.57,0
2024-03-21 13:15:00,12.57,12.66,12.55,12.6,0
2024-03-21 14:15:00,12.6,12.63,12.34,12.49,0
2024-03-21 15:15:00,12.48,12.55,12.42,12.5,0
2024-03-22 09:15:00,12.51,13.05,11.81,12.61,0
2024-03-22 10:15:00,12.61,12.7,12.52,12.53,0
2024-03-22 11:15:00,12.53,12.64,12.47,12.52,0
2024-03-22 12:15:00,12.52,12.59,12.45,12.5,0
2024-03-22 13:15:00,12.5,12.53,12.33,12.35,0
2024-03-22 14:15:00,12.35,12.47,12.18,12.24,0
2024-03-22 15:15:00,12.24,12.28,12.13,12.15,0
2024-03-26 09:15:00,12.22,13.1,12.09,12.95,0
2024-03-26 10:15:00,12.95,12.97,12.7,12.72,0
2024-03-26 11:15:00,12.72,12.77,12.58,12.72,0
2024-03-26 12:15:00,12.72,12.77,12.63,12.65,0
2024-03-26 13:15:00,12.65,12.82,12.61,12.72,0
2024-03-26 14:15:00,12.72,12.95,12.67,12.82,0
2024-03-26 15:15:00,12.82,12.83,12.69,12.79,0
2024-03-27 09:15:00,12.82,13.01,12.53,12.82,0
2024-03-27 10:15:00,12.82,12.89,12.73,12.77,0
2024-03-27 11:15:00,12.77,12.82,12.71,12.74,0
2024-03-27 12:15:00,12.74,12.8,12.71,12.73,0
2024-03-27 13:15:00,12.73,12.81,12.7,12.76,0
2024-03-27 14:15:00,12.76,12.82,12.66,12.69,0
2024-03-27 15:15:00,12.69,12.74,12.64,12.74,0
2024-03-28 09:15:00,12.7,12.83,12.26,12.72,0
2024-03-28 10:15:00,12.72,12.96,12.66,12.9,0
2024-03-28 11:15:00,12.9,12.94,12.64,12.67,0
2024-03-28 12:15:00,12.67,12.81,12.61,12.69,0
2024-03-28 13:15:00,12.69,13.06,12.69,12.99,0
2024-03-28 14:15:00,12.98,13.18,12.59,12.85,0
2024-03-28 15:15:00,12.85,12.97,12.69,12.69,0
2024-04-01 09:15:00,12.83,13.36,12.47,12.49,0
2024-04-01 10:15:00,12.49,12.52,12.29,12.41,0
2024-04-01 11:15:00,12.4,12.4,12.16,12.24,0
2024-04-01 12:15:00,12.23,12.29,12.14,12.16,0
2024-04-01 13:15:00,12.16,12.2,12.09,12.15,0
2024-04-01 14:15:00,12.14,12.24,12.05,12.05,0
2024-04-01 15:15:00,12.05,12.14,12.01,12.03,0
2024-04-02 09:15:00,12.08,12.31,11.73,11.92,0
2024-04-02 10:15:00,11.92,12.02,11.84,11.87,0
2024-04-02 11:15:00,11.86,11.87,11.71,11.73,0
2024-04-02 12:15:00,11.73,11.78,11.64,11.7,0
2024-04-02 13:15:00,11.7,11.77,11.66,11.73,0
2024-04-02 14:15:00,11.72,11.73,11.6,11.64,0
2024-04-02 15:15:00,11.64,11.72,11.63,11.72,0
2024-04-03 09:15:00,11.65,11.83,11.32,11.51,0
2024-04-03 10:15:00,11.51,11.58,11.44,11.57,0
2024-04-03 11:15:00,11.57,11.57,11.45,11.51,0
2024-04-03 12:15:00,11.51,11.61,11.45,11.59,0
2024-04-03 13:15:00,11.59,11.66,11.47,11.53,0
2024-04-03 14:15:00,11.52,11.56,11.33,11.35,0
2024-04-03 15:15:00,11.35,11.43,11.31,11.41,0
2024-04-04 09:15:00,11.37,11.84,10.86,11.72,0
2024-04-04 10:15:00,11.74,11.83,11.38,11.51,0
2024-04-04 11:15:00,11.51,11.67,11.41,11.53,0
2024-04-04 12:15:00,11.53,11.53,11.16,11.2,0
2024-04-04 13:15:00,11.2,11.23,11.09,11.18,0
2024-04-04 14:15:00,11.18,11.36,11.12,11.21,0
2024-04-04 15:15:00,11.21,11.27,11.14,11.26,0
2024-04-05 09:15:00,11.22,11.68,11.04,11.51,0
2024-04-05 10:15:00,11.51,11.61,11.42,11.58,0
2024-04-05 11:15:00,11.58,11.65,11.52,11.61,0
2024-04-05 12:15:00,11.61,11.62,11.51,11.58,0
2024-04-05 13:15:00,11.56,11.6,11.4,11.42,0
2024-04-05 14:15:00,11.41,11.47,11.28,11.31,0
2024-04-05 15:15:00,11.32,11.39,11.27,11.34,0
2024-04-08 09:15:00,11.34,11.74,11.13,11.72,0
2024-04-08 10:15:00,11.72,11.72,11.45,11.5,0
2024-04-08 11:15:00,11.5,11.53,11.44,11.5,0
2024-04-08 12:15:00,11.5,11.59,11.41,11.55,0
2024-04-08 13:15:00,11.54,11.56,11.38,11.54,0
2024-04-08 14:15:00,11.54,11.7,11.46,11.62,0
2024-04-08 15:15:00,11.63,11.64,11.57,11.59,0
2024-04-09 09:15:00,11.61,11.61,10.62,11.47,0
2024-04-09 10:15:00,11.47,11.53,11.36,11.42,0
2024-04-09 11:15:00,11.42,11.49,11.39,11.43,0
2024-04-09 12:15:00,11.43,11.53,11.36,11.47,0
2024-04-09 13:15:00,11.47,11.57,11.41,11.51,0
2024-04-09 14:15:00,11.5,11.53,11.33,11.34,0
2024-04-09 15:15:00,11.34,11.37,11.31,11.36,0
2024-04-10 09:15:00,11.36,11.36,10.99,11.23,0
2024-04-10 10:15:00,11.23,11.28,11.18,11.25,0
2024-04-10 11:15:00,11.25,11.32,11.2,11.31,0
2024-04-10 12:15:00,11.31,11.34,11.25,11.28,0
2024-04-10 13:15:00,11.28,11.3,11.17,11.22,0
2024-04-10 14:15:00,11.22,11.22,11.06,11.14,0
2024-04-10 15:15:00,11.14,11.15,11.05,11.12,0
2024-04-12 09:15:00,11.11,11.52,11.11,11.46,0
2024-04-12 10:15:00,11.45,11.49,11.26,11.33,0
2024-04-12 11:15:00,11.33,11.35,11.25,11.25,0
2024-04-12 12:15:00,11.25,11.53,11.23,11.47,0
2024-04-12 13:15:00,11.47,11.61,11.37,11.58,0
2024-04-12 14:15:00,11.57,11.61,11.41,11.53,0
2024-04-12 15:15:00,11.53,11.6,11.47,11.59,0
2024-04-15 09:15:00,11.53,12.74,11.31,12.28,0
2024-04-15 10:15:00,12.28,12.38,12.04,12.14,0
2024-04-15 11:15:00,12.14,12.2,12.03,12.09,0
2024-04-15 12:15:00,12.09,12.38,12.04,12.29,0
2024-04-15 13:15:00,12.28,12.35,12.21,12.3,0
2024-04-15 14:15:00,12.3,12.56,12.25,12.46,0
2024-04-15 15:15:00,12.45,12.5,12.35,12.45,0
2024-04-16 09:15:00,12.47,12.93,12.34,12.47,0
2024-04-16 10:15:00,12.46,12.54,12.34,12.41,0
2024-04-16 11:15:00,12.42,12.58,12.35,12.48,0
2024-04-16 12:15:00,12.49,12.81,12.47,12.69,0
2024-04-16 13:15:00,12.68,12.9,12.51,12.62,0
2024-04-16 14:15:00,12.62,12.72,12.51,12.58,0
2024-04-16 15:15:00,12.58,12.68,12.58,12.62,0
2024-04-18 09:15:00,12.62,12.68,12.13,12.34,0
2024-04-18 10:15:00,12.33,12.49,12.05,12.11,0
2024-04-18 11:15:00,12.11,12.23,12.03,12.15,0
2024-04-18 12:15:00,12.15,12.17,12.03,12.14,0
2024-04-18 13:15:00,12.14,13.38,12.11,13.04,0
2024-04-18 14:15:00,13.04,13.39,12.82,13.13,0
2024-04-18 15:15:00,13.12,13.13,12.7,12.88,0
2024-04-19 09:15:00,13.04,14.41,11.92,13.75,0
2024-04-19 10:15:00,13.75,13.93,13.68,13.73,0
2024-04-19 11:15:00,13.72,13.75,13.57,13.65,0
2024-04-19 12:15:00,13.65,13.95,13.6,13.88,0
2024-04-19 13:15:00,13.88,13.97,13.39,13.52,0
2024-04-19 14:15:00,13.52,13.73,13.27,13.27,0
2024-04-19 15:15:00,13.27,13.5,13.27,13.37,0
2024-04-22 09:15:00,13.46,13.46,12.62,13.12,0
2024-04-22 10:15:00,13.12,13.14,12.84,12.87,0
2024-04-22 11:15:00,12.88,13.02,12.87,12.91,0
2024-04-22 12:15:00,12.91,13.05,12.89,12.97,0
2024-04-22 13:15:00,12.97,13.04,12.8,12.86,0
2024-04-22 14:15:00,12.86,12.92,12.61,12.67,0
2024-04-22 15:15:00,12.68,12.8,12.65,12.69,0
2024-04-23 09:15:00,12.7,12.7,10.16,10.17,0
2024-04-23 10:15:00,10.17,10.57,10.06,10.43,0
2024-04-23 11:15:00,10.43,10.45,10.08,10.09,0
2024-04-23 12:15:00,10.09,10.3,9.94,10.22,0
2024-04-23 13:15:00,10.23,10.27,9.94,10.09,0
2024-04-23 14:15:00,10.09,10.21,9.86,10.08,0
2024-04-23 15:15:00,10.08,10.45,10.07,10.31,0
2024-04-24 09:15:00,10.2,11.13,9.95,10.1,0
2024-04-24 10:15:00,10.1,10.27,9.99,10.17,0
2024-04-24 11:15:00,10.17,10.59,10.06,10.46,0
2024-04-24 12:15:00,10.46,10.58,10.4,10.55,0
2024-04-24 13:15:00,10.55,10.61,10.18,10.3,0
2024-04-24 14:15:00,10.3,10.41,10.1,10.18,0
2024-04-24 15:15:00,10.18,10.4,10.15,10.35,0
2024-04-25 09:15:00,10.28,10.73,10.28,10.47,0
2024-04-25 10:15:00,10.47,10.78,10.26,10.48,0
2024-04-25 11:15:00,10.48,11.22,10.48,11.12,0
2024-04-25 12:15:00,11.12,11.31,10.95,11.27,0
2024-04-25 13:15:00,11.27,11.46,10.98,11.24,0
2024-04-25 14:15:00,11.23,11.36,10.55,10.63,0
2024-04-25 15:15:00,10.64,10.75,10.47,10.58,0
2024-04-26 09:15:00,10.73,11.28,10.73,11.19,0
2024-04-26 10:15:00,11.2,11.32,10.85,10.98,0
2024-04-26 11:15:00,10.98,11.1,10.78,11.01,0
2024-04-26 12:15:00,11.01,11.04,10.59,10.69,0
2024-04-26 13:15:00,10.69,11.04,10.62,10.88,0
2024-04-26 14:15:00,10.88,11.04,10.69,10.89,0
2024-04-26 15:15:00,10.9,11.0,10.76,10.88,0
2024-04-29 09:15:00,10.93,12.49,10.93,12.32,0
2024-04-29 10:15:00,12.31,12.33,12.05,12.18,0
2024-04-29 11:15:00,12.17,12.38,12.14,12.31,0
2024-04-29 12:15:00,12.32,12.36,12.15,12.18,0
2024-04-29 13:15:00,12.18,12.37,12.11,12.31,0
2024-04-29 14:15:00,12.31,12.37,12.11,12.24,0
2024-04-29 15:15:00,12.24,12.28,12.15,12.2,0
2024-04-30 09:15:00,12.24,12.96,12.24,12.95,0
2024-04-30 10:15:00,12.95,13.2,12.95,13.14,0
2024-04-30 11:15:00,13.14,13.21,12.96,13.0,0
2024-04-30 12:15:00,13.0,13.09,12.76,12.77,0
2024-04-30 13:15:00,12.76,13.0,12.75,12.93,0
2024-04-30 14:15:00,12.93,13.03,12.79,12.89,0
2024-04-30 15:15:00,12.89,13.0,12.72,12.96,0
2024-05-02 09:15:00,12.87,13.91,12.87,13.75,0
2024-05-02 10:15:00,13.75,13.8,13.65,13.75,0
2024-05-02 11:15:00,13.75,13.95,13.66,13.77,0
2024-05-02 12:15:00,13.79,13.82,13.63,13.68,0
2024-05-02 13:15:00,13.68,13.76,13.56,13.59,0
2024-05-02 14:15:00,13.6,13.64,13.34,13.44,0
2024-05-02 15:15:00,13.43,13.51,13.37,13.37,0
2024-05-03 09:15:00,13.45,13.98,13.45,13.94,0
2024-05-03 10:15:00,13.95,14.43,13.91,14.43,0
2024-05-03 11:15:00,14.43,15.21,14.41,14.88,0
2024-05-03 12:15:00,14.88,15.22,14.38,15.03,0
2024-05-03 13:15:00,15.03,15.31,14.79,14.94,0
2024-05-03 14:15:00,14.94,15.06,14.47,14.48,0
2024-05-03 15:15:00,14.48,14.87,14.46,14.84,0
2024-05-06 09:15:00,14.62,16.96,14.62,16.77,0
2024-05-06 10:15:00,16.77,16.91,16.1,16.33,0
2024-05-06 11:15:00,16.33,16.58,16.17,16.22,0
2024-05-06 12:15:00,16.23,16.63,16.22,16.63,0
2024-05-06 13:15:00,16.62,16.83,16.48,16.63,0
2024-05-06 14:15:00,16.63,16.75,16.44,16.64,0
2024-05-06 15:15:00,16.64,16.67,16.55,16.55,0
2024-05-07 09:15:00,16.6,17.2,16.6,17.13,0
2024-05-07 10:15:00,17.12,17.47,17.11,17.38,0
2024-05-07 11:15:00,17.39,17.56,17.24,17.27,0
2024-05-07 12:15:00,17.27,17.63,17.2,17.56,0
2024-05-07 13:15:00,17.56,17.64,16.87,16.87,0
2024-05-07 14:15:00,16.87,17.17,16.8,17.07,0
2024-05-07 15:15:00,17.07,17.11,16.95,17.05,0
2024-05-08 09:15:00,17.01,18.32,16.46,17.12,0
2024-05-08 10:15:00,17.12,17.42,17.08,17.12,0
2024-05-08 11:15:00,17.12,17.15,16.94,17.0,0
2024-05-08 12:15:00,17.01,17.06,16.82,16.92,0
2024-05-08 13:15:00,16.92,17.19,16.82,17.12,0
2024-05-08 14:15:00,17.12,17.33,16.98,17.04,0
2024-05-08 15:15:00,17.04,17.14,17.02,17.03,0
2024-05-09 09:15:00,17.08,19.17,17.08,17.52,0
2024-05-09 10:15:00,17.52,17.74,17.49,17.64,0
2024-05-09 11:15:00,17.64,17.69,17.43,17.53,0
2024-05-09 12:15:00,17.54,18.01,17.45,17.89,0
2024-05-09 13:15:00,17.89,18.05,17.75,17.76,0
2024-05-09 14:15:00,17.76,18.26,17.66,18.24,0
2024-05-09 15:15:00,18.24,18.35,18.11,18.26,0
2024-05-10 09:15:00,18.2,18.51,18.0,18.15,0
2024-05-10 10:15:00,18.15,18.44,18.07,18.39,0
2024-05-10 11:15:00,18.39,18.66,18.14,18.56,0
2024-05-10 12:15:00,18.56,19.01,18.53,18.85,0
2024-05-10 13:15:00,18.84,18.87,18.33,18.65,0
2024-05-10 14:15:00,18.65,18.65,18.38,18.47,0
2024-05-10 15:15:00,18.47,18.62,18.43,18.6,0
2024-05-13 09:15:00,18.47,21.41,18.47,20.82,0
2024-05-13 10:15:00,20.81,21.49,20.67,20.73,0
2024-05-13 11:15:00,20.73,20.81,20.53,20.59,0
2024-05-13 12:15:00,20.59,20.67,20.33,20.55,0
2024-05-13 13:15:00,20.55,20.87,20.39,20.54,0
2024-05-13 14:15:00,20.54,20.66,20.47,20.58,0
2024-05-13 15:15:00,20.59,20.65,20.54,20.56,0
2024-05-14 09:15:00,20.6,21.88,20.6,20.98,0
2024-05-14 10:15:00,20.98,20.98,20.65,20.67,0
2024-05-14 11:15:00,20.68,20.71,20.53,20.54,0
2024-05-14 12:15:00,20.55,20.56,20.32,20.41,0
2024-05-14 13:15:00,20.41,20.47,20.11,20.17,0
2024-05-14 14:15:00,20.17,20.29,20.12,20.16,0
2024-05-14 15:15:00,20.16,20.48,20.15,20.46,0
2024-05-15 09:15:00,20.2,20.66,19.87,20.47,0
2024-05-15 10:15:00,20.48,20.64,20.09,20.24,0
2024-05-15 11:15:00,20.24,20.5,20.17,20.29,0
2024-05-15 12:15:00,20.29,20.48,20.26,20.45,0
2024-05-15 13:15:00,20.45,20.48,20.26,20.33,0
2024-05-15 14:15:00,20.33,20.43,20.13,20.29,0
2024-05-15 15:15:00,20.28,20.41,20.27,20.41,0
2024-05-16 09:15:00,20.27,21.11,18.97,20.29,0
2024-05-16 10:15:00,20.29,20.69,20.27,20.68,0
2024-05-16 11:15:00,20.67,20.9,20.2,20.23,0
2024-05-16 12:15:00,20.23,20.81,20.15,20.69,0
2024-05-16 13:15:00,20.69,20.96,20.62,20.83,0
2024-05-16 14:15:00,20.83,20.86,19.96,20.07,0
2024-05-16 15:15:00,20.08,20.08,19.82,19.83,0
2024-05-17 09:15:00,20.0,20.37,18.98,20.01,0
2024-05-17 10:15:00,20.01,20.06,19.67,19.69,0
2024-05-17 11:15:00,19.69,19.82,19.58,19.7,0
2024-05-17 12:15:00,19.7,19.79,19.6,19.66,0
2024-05-17 13:15:00,19.66,19.68,19.51,19.64,0
2024-05-17 14:15:00,19.64,19.88,19.62,19.79,0
2024-05-17 15:15:00,19.79,19.82,19.69,19.78,0
2024-05-18 09:15:00,19.8,20.42,17.34,20.3,0
2024-05-18 11:15:00,20.29,20.95,19.35,20.44,0
2024-05-18 12:15:00,20.44,20.68,20.44,20.65,0
2024-05-21 09:15:00,20.53,22.3,20.53,22.03,0
2024-05-21 10:15:00,22.03,22.07,21.81,21.9,0
2024-05-21 11:15:00,21.9,21.92,21.78,21.84,0
2024-05-21 12:15:00,21.84,21.9,21.69,21.77,0
2024-05-21 13:15:00,21.77,21.88,21.76,21.87,0
2024-05-21 14:15:00,21.87,21.89,21.69,21.83,0
2024-05-21 15:15:00,21.83,21.97,21.79,21.97,0
2024-05-22 09:15:00,21.81,22.29,18.19,21.77,0
2024-05-22 10:15:00,21.77,21.82,21.68,21.77,0
2024-05-22 11:15:00,21.77,21.79,21.56,21.56,0
2024-05-22 12:15:00,21.56,21.65,21.52,21.55,0
2024-05-22 13:15:00,21.55,21.56,21.37,21.4,0
2024-05-22 14:15:00,21.4,21.56,21.33,21.5,0
2024-05-22 15:15:00,21.5,21.52,21.41,21.49,0
2024-05-23 09:15:00,21.47,24.22,18.84,21.25,0
2024-05-23 10:15:00,21.26,21.51,21.17,21.33,0
2024-05-23 11:15:00,21.33,21.47,21.28,21.3,0
2024-05-23 12:15:00,21.3,21.76,21.27,21.6,0
2024-05-23 13:15:00,21.6,21.63,21.37,21.48,0
2024-05-23 14:15:00,21.48,21.56,21.31,21.41,0
2024-05-23 15:15:00,21.41,21.45,21.29,21.31,0
2024-05-24 09:15:00,21.38,21.89,20.59,21.75,0
2024-05-24 10:15:00,21.75,21.83,21.62,21.74,0
2024-05-24 11:15:00,21.74,21.76,21.53,21.6,0
2024-05-24 12:15:00,21.6,21.64,21.4,21.47,0
2024-05-24 13:15:00,21.48,21.52,21.41,21.45,0
2024-05-24 14:15:00,21.44,21.81,21.44,21.73,0
2024-05-24 15:15:00,21.73,21.9,21.54,21.79,0
2024-05-27 09:15:00,21.71,26.2,18.44,22.86,0
2024-05-27 10:15:00,22.86,22.94,22.77,22.79,0
2024-05-27 11:15:00,22.78,22.83,22.68,22.79,0
2024-05-27 12:15:00,22.79,22.93,22.73,22.89,0
2024-05-27 13:15:00,22.89,23.07,22.88,23.04,0
2024-05-27 14:15:00,23.04,23.41,23.0,23.04,0
2024-05-27 15:15:00,23.04,23.31,22.96,23.23,0
2024-05-28 09:15:00,23.19,23.92,22.03,23.85,0
2024-05-28 10:15:00,23.85,24.11,23.71,24.02,0
2024-05-28 11:15:00,24.02,24.41,24.0,24.19,0
2024-05-28 12:15:00,24.19,24.48,24.07,24.09,0
2024-05-28 13:15:00,24.09,24.25,24.0,24.1,0
2024-05-28 14:15:00,24.1,24.26,24.01,24.24,0
2024-05-28 15:15:00,24.24,24.27,24.14,24.15,0
2024-05-29 09:15:00,24.2,24.41,23.55,24.4,0
2024-05-29 10:15:00,24.4,24.73,24.38,24.68,0
2024-05-29 11:15:00,24.68,24.77,24.38,24.38,0
2024-05-29 12:15:00,24.38,24.47,24.12,24.13,0
2024-05-29 13:15:00,24.13,24.13,24.0,24.02,0
2024-05-29 14:15:00,24.02,24.3,23.78,24.1,0
2024-05-29 15:15:00,24.1,24.28,24.1,24.27,0
2024-05-30 09:15:00,24.18,24.52,22.75,24.15,0
2024-05-30 10:15:00,24.15,24.16,23.09,23.76,0
2024-05-30 11:15:00,23.76,24.16,23.61,23.67,0
2024-05-30 12:15:00,23.67,23.85,23.65,23.79,0
2024-05-30 13:15:00,23.79,23.99,23.76,23.9,0
2024-05-30 14:15:00,23.9,24.3,23.89,24.2,0
2024-05-30 15:15:00,24.19,24.27,24.01,24.05,0
2024-05-31 09:15:00,24.18,24.18,22.6,23.13,0
2024-05-31 10:15:00,23.13,23.16,22.8,22.84,0
2024-05-31 11:15:00,22.84,22.93,22.62,22.81,0
2024-05-31 12:15:00,22.81,23.24,22.76,23.2,0
2024-05-31 13:15:00,23.2,23.58,23.1,23.35,0
2024-05-31 14:15:00,23.35,24.79,23.34,24.75,0
2024-05-31 15:15:00,24.75,24.81,24.46,24.76,0
2024-06-03 09:15:00,24.6,24.6,19.12,19.7,0
2024-06-03 10:15:00,19.71,20.1,19.65,19.81,0
2024-06-03 11:15:00,19.8,20.27,19.78,20.09,0
2024-06-03 12:15:00,20.09,20.4,20.03,20.3,0
2024-06-03 13:15:00,20.3,20.63,20.26,20.55,0
2024-06-03 14:15:00,20.55,21.01,20.32,20.98,0
2024-06-03 15:15:00,20.98,21.19,20.84,21.13,0
2024-06-04 09:15:00,20.94,26.32,18.8,23.4,0
2024-06-04 10:15:00,23.39,29.79,23.37,29.08,0
2024-06-04 11:15:00,29.1,30.85,27.14,29.39,0
2024-06-04 12:15:00,29.39,31.71,26.25,27.63,0
2024-06-04 13:15:00,27.61,27.61,25.56,26.18,0
2024-06-04 14:15:00,26.18,27.78,26.11,26.44,0
2024-06-04 15:15:00,26.43,26.77,25.89,25.89,0
2024-06-05 09:15:00,26.75,26.93,19.91,19.98,0
2024-06-05 10:15:00,19.98,20.41,18.68,18.98,0
2024-06-05 11:15:00,18.97,19.56,18.82,19.34,0
2024-06-05 12:15:00,19.34,19.68,19.1,19.28,0
2024-06-05 13:15:00,19.28,19.38,18.79,19.31,0
2024-06-05 14:15:00,19.32,19.41,18.66,18.8,0
2024-06-05 15:15:00,18.81,19.06,18.81,19.05,0
2024-06-06 09:15:00,18.89,18.89,16.66,17.44,0
2024-06-06 10:15:00,17.44,17.82,17.24,17.33,0
2024-06-06 11:15:00,17.34,17.73,17.18,17.66,0
2024-06-06 12:15:00,17.66,17.73,17.33,17.52,0
2024-06-06 13:15:00,17.52,17.68,17.12,17.17,0
2024-06-06 14:15:00,17.17,17.34,16.71,16.84,0
2024-06-06 15:15:00,16.84,16.95,16.56,16.6,0
2024-06-07 09:15:00,16.8,17.15,16.5,16.65,0
2024-06-07 10:15:00,16.65,16.7,16.39,16.45,0
2024-06-07 11:15:00,16.45,16.92,16.37,16.89,0
2024-06-07 12:15:00,16.89,16.94,16.67,16.72,0
2024-06-07 13:15:00,16.72,16.83,16.59,16.76,0
2024-06-07 14:15:00,16.76,16.92,16.63,16.9,0
2024-06-07 15:15:00,16.91,16.94,16.83,16.85,0
2024-06-10 09:15:00,16.88,17.25,16.44,16.92,0
2024-06-10 10:15:00,16.93,17.01,16.58,16.6,0
2024-06-10 11:15:00,16.6,16.73,16.48,16.66,0
2024-06-10 12:15:00,16.66,16.68,16.31,16.33,0
2024-06-10 13:15:00,16.33,16.41,16.18,16.2,0
2024-06-10 14:15:00,16.2,16.51,16.17,16.38,0
2024-06-10 15:15:00,16.38,16.45,16.37,16.43,0
2024-06-11 09:15:00,16.4,16.4,15.52,15.52,0
2024-06-11 10:15:00,15.52,15.53,15.2,15.21,0
2024-06-11 11:15:00,15.21,15.33,15.01,15.04,0
2024-06-11 12:15:00,15.04,15.04,14.92,14.99,0
2024-06-11 13:15:00,14.99,15.02,14.8,14.86,0
2024-06-11 14:15:00,14.87,14.91,14.68,14.77,0
2024-06-11 15:15:00,14.77,14.81,14.72,14.79,0
2024-06-12 09:15:00,14.77,14.77,13.17,14.55,0
2024-06-12 10:15:00,14.55,14.58,14.4,14.51,0
2024-06-12 11:15:00,14.51,14.6,14.36,14.59,0
2024-06-12 12:15:00,14.59,14.75,14.58,14.71,0
2024-06-12 13:15:00,14.71,14.72,14.41,14.44,0
2024-06-12 14:15:00,14.44,14.48,14.29,14.41,0
2024-06-12 15:15:00,14.41,14.46,14.31,14.46,0
2024-06-13 09:15:00,14.39,14.39,13.89,13.97,0
2024-06-13 10:15:00,13.97,13.98,13.71,13.72,0
2024-06-13 11:15:00,13.72,13.86,13.69,13.84,0
2024-06-13 12:15:00,13.84,13.96,13.81,13.85,0
2024-06-13 13:15:00,13.85,13.86,13.78,13.81,0
2024-06-13 14:15:00,13.81,13.85,13.45,13.45,0
2024-06-13 15:15:00,13.45,13.55,13.31,13.35,0
2024-06-14 09:15:00,13.49,13.49,12.99,13.12,0
2024-06-14 10:15:00,13.12,13.14,12.94,12.96,0
2024-06-14 11:15:00,12.96,12.98,12.81,12.82,0
2024-06-14 12:15:00,12.82,12.87,12.74,12.82,0
2024-06-14 13:15:00,12.82,12.85,12.68,12.69,0
2024-06-14 14:15:00,12.69,12.88,12.66,12.82,0
2024-06-14 15:15:00,12.82,12.92,12.77,12.91,0
2024-06-18 09:15:00,12.82,13.42,12.63,13.2,0
2024-06-18 10:15:00,13.2,13.22,13.01,13.03,0
2024-06-18 11:15:00,13.03,13.07,12.97,13.03,0
2024-06-18 12:15:00,13.03,13.08,12.93,12.95,0
2024-06-18 13:15:00,12.95,13.04,12.9,12.99,0
2024-06-18 14:15:00,12.99,13.01,12.85,12.94,0
2024-06-18 15:15:00,12.94,13.13,12.94,13.04,0
2024-06-19 09:15:00,12.97,13.68,11.63,13.65,0
2024-06-19 10:15:00,13.65,13.81,13.55,13.61,0
2024-06-19 11:15:00,13.61,13.63,13.38,13.39,0
2024-06-19 12:15:00,13.39,13.59,13.38,13.48,0
2024-06-19 13:15:00,13.48,13.58,13.34,13.53,0
2024-06-19 14:15:00,13.53,13.81,13.45,13.63,0
2024-06-19 15:15:00,13.62,13.82,13.62,13.74,0
2024-06-20 09:15:00,13.71,14.06,13.1,13.87,0
2024-06-20 10:15:00,13.87,13.89,13.67,13.71,0
2024-06-20 11:15:00,13.71,13.74,13.43,13.54,0
2024-06-20 12:15:00,13.54,13.57,13.41,13.41,0
2024-06-20 13:15:00,13.42,13.67,13.33,13.48,0
2024-06-20 14:15:00,13.49,13.52,13.31,13.33,0
2024-06-20 15:15:00,13.33,13.34,13.27,13.31,0
2024-06-21 09:15:00,13.35,13.46,12.48,13.21,0
2024-06-21 10:15:00,13.21,13.39,13.17,13.31,0
2024-06-21 11:15:00,13.31,13.36,13.14,13.17,0
2024-06-21 12:15:00,13.17,13.49,13.11,13.41,0
2024-06-21 13:15:00,13.4,13.43,13.13,13.14,0
2024-06-21 14:15:00,13.14,13.59,13.1,13.14,0
2024-06-21 15:15:00,13.15,13.25,13.13,13.21,0
2024-06-24 09:15:00,13.18,13.92,13.15,13.74,0
2024-06-24 10:15:00,13.74,13.87,13.63,13.85,0
2024-06-24 11:15:00,13.85,14.01,13.8,13.99,0
2024-06-24 12:15:00,13.98,14.05,13.91,14.02,0
2024-06-24 13:15:00,14.03,14.19,13.95,14.16,0
2024-06-24 14:15:00,14.16,14.27,13.99,14.03,0
2024-06-24 15:15:00,14.03,14.09,13.93,13.97,0
2024-06-25 09:15:00,14.06,14.26,13.84,14.2,0
2024-06-25 10:15:00,14.2,14.26,14.02,14.1,0
2024-06-25 11:15:00,14.1,14.15,13.99,14.06,0
2024-06-25 12:15:00,14.06,14.34,13.96,14.29,0
2024-06-25 13:15:00,14.29,14.45,14.26,14.43,0
2024-06-25 14:15:00,14.43,14.46,14.21,14.28,0
2024-06-25 15:15:00,14.28,14.33,14.26,14.27,0
2024-06-26 09:15:00,14.31,14.55,14.21,14.24,0
2024-06-26 10:15:00,14.24,14.27,14.11,14.19,0
2024-06-26 11:15:00,14.19,14.46,14.18,14.32,0
2024-06-26 12:15:00,14.32,14.42,14.23,14.28,0
2024-06-26 13:15:00,14.27,14.36,14.15,14.21,0
2024-06-26 14:15:00,14.21,14.25,13.99,14.01,0
2024-06-26 15:15:00,14.01,14.03,13.99,13.99,0
2024-06-27 09:15:00,14.05,14.38,13.92,14.33,0
2024-06-27 10:15:00,14.33,14.53,14.28,14.36,0
2024-06-27 11:15:00,14.36,14.45,14.24,14.38,0
2024-06-27 12:15:00,14.38,14.61,14.36,14.44,0
2024-06-27 13:15:00,14.44,14.48,14.23,14.23,0
2024-06-27 14:15:00,14.23,14.33,14.04,14.15,0
2024-06-27 15:15:00,14.15,14.19,14.02,14.02,0
2024-06-28 09:15:00,14.15,14.29,14.02,14.19,0
2024-06-28 10:15:00,14.2,14.22,13.87,13.9,0
2024-06-28 11:15:00,13.9,13.95,13.81,13.9,0
2024-06-28 12:15:00,13.89,13.99,13.83,13.84,0
2024-06-28 13:15:00,13.84,13.93,13.79,13.92,0
2024-06-28 14:15:00,13.92,13.94,13.76,13.78,0
2024-06-28 15:15:00,13.77,13.83,13.69,13.69,0
2024-07-01 09:15:00,13.8,14.23,13.8,14.11,0
2024-07-01 10:15:00,14.11,14.14,13.99,13.99,0
2024-07-01 11:15:00,13.99,14.03,13.94,14.0,0
2024-07-01 12:15:00,13.99,14.0,13.89,13.95,0
2024-07-01 13:15:00,13.95,13.99,13.81,13.88,0
2024-07-01 14:15:00,13.88,13.93,13.8,13.82,0
2024-07-01 15:15:00,13.82,13.85,13.79,13.83,0
2024-07-02 09:15:00,13.83,14.01,13.32,13.83,0
2024-07-02 10:15:00,13.82,13.83,13.58,13.6,0
2024-07-02 11:15:00,13.59,13.69,13.53,13.64,0
2024-07-02 12:15:00,13.64,13.89,13.56,13.76,0
2024-07-02 13:15:00,13.76,13.83,13.66,13.72,0
2024-07-02 14:15:00,13.71,13.73,13.62,13.63,0
2024-07-02 15:15:00,13.63,13.67,13.59,13.67,0
2024-07-03 09:15:00,13.64,13.72,12.87,13.64,0
2024-07-03 10:15:00,13.64,13.67,13.52,13.54,0
2024-07-03 11:15:00,13.54,13.59,13.39,13.41,0
2024-07-03 12:15:00,13.41,13.44,13.24,13.34,0
2024-07-03 13:15:00,13.34,13.38,13.22,13.26,0
2024-07-03 14:15:00,13.26,13.31,13.14,13.21,0
2024-07-03 15:15:00,13.21,13.25,13.2,13.25,0
2024-07-04 09:15:00,13.21,13.21,12.26,13.04,0
2024-07-04 10:15:00,13.04,13.18,13.0,13.08,0
2024-07-04 11:15:00,13.08,13.11,13.0,13.07,0
2024-07-04 12:15:00,13.08,13.08,12.93,12.94,0
2024-07-04 13:15:00,12.94,12.95,12.77,12.78,0
2024-07-04 14:15:00,12.78,12.99,12.78,12.9,0
2024-07-04 15:15:00,12.9,12.9,12.67,12.82,0
2024-07-05 09:15:00,12.86,12.99,12.08,12.76,0
2024-07-05 10:15:00,12.76,12.83,12.62,12.67,0
2024-07-05 11:15:00,12.67,12.88,12.62,12.82,0
2024-07-05 12:15:00,12.82,12.89,12.75,12.84,0
2024-07-05 13:15:00,12.84,12.88,12.69,12.71,0
2024-07-05 14:15:00,12.71,12.77,12.63,12.67,0
2024-07-05 15:15:00,12.67,12.81,12.61,12.66,0
2024-07-08 09:15:00,12.7,13.53,12.7,13.44,0
2024-07-08 10:15:00,13.45,13.69,13.41,13.57,0
2024-07-08 11:15:00,13.58,13.72,13.54,13.67,0
2024-07-08 12:15:00,13.67,13.72,13.54,13.56,0
2024-07-08 13:15:00,13.57,13.76,13.53,13.67,0
2024-07-08 14:15:00,13.67,13.73,13.5,13.57,0
2024-07-08 15:15:00,13.57,13.68,13.56,13.66,0
2024-07-09 09:15:00,13.6,14.02,12.79,14.0,0
2024-07-09 10:15:00,14.0,14.03,13.87,14.02,0
2024-07-09 11:15:00,14.02,14.06,13.99,14.02,0
2024-07-09 12:15:00,14.03,14.26,14.0,14.24,0
2024-07-09 13:15:00,14.24,14.4,14.2,14.38,0
2024-07-09 14:15:00,14.38,14.4,14.27,14.27,0
2024-07-09 15:15:00,14.27,14.29,14.05,14.07,0
2024-07-10 09:15:00,14.28,14.63,13.41,14.31,0
2024-07-10 10:15:00,14.31,14.8,14.28,14.66,0
2024-07-10 11:15:00,14.66,14.87,14.51,14.65,0
2024-07-10 12:15:00,14.65,14.81,14.63,14.73,0
2024-07-10 13:15:00,14.73,14.92,14.72,14.84,0
2024-07-10 14:15:00,14.84,14.86,14.37,14.37,0
2024-07-10 15:15:00,14.38,14.45,14.31,14.38,0
2024-07-11 09:15:00,14.43,14.43,12.68,14.2,0
2024-07-11 10:15:00,14.2,14.35,14.17,14.23,0
2024-07-11 11:15:00,14.23,14.29,14.05,14.15,0
2024-07-11 12:15:00,14.15,14.2,14.05,14.15,0
2024-07-11 13:15:00,14.14,14.17,14.01,14.12,0
2024-07-11 14:15:00,14.12,14.17,13.97,13.99,0
2024-07-11 15:15:00,13.99,14.01,13.9,13.92,0
2024-07-12 09:15:00,14.0,14.0,13.22,13.87,0
2024-07-12 10:15:00,13.87,14.05,13.64,13.88,0
2024-07-12 11:15:00,13.88,13.93,13.75,13.89,0
2024-07-12 12:15:00,13.89,13.96,13.81,13.88,0
2024-07-12 13:15:00,13.88,14.0,13.86,13.9,0
2024-07-12 14:15:00,13.89,13.95,13.68,13.69,0
2024-07-12 15:15:00,13.69,13.71,13.64,13.68,0
2024-07-15 09:15:00,13.73,14.34,13.57,14.19,0
2024-07-15 10:15:00,14.19,14.27,14.09,14.12,0
2024-07-15 11:15:00,14.12,14.23,14.06,14.14,0
2024-07-15 12:15:00,14.14,14.2,14.11,14.11,0
2024-07-15 13:15:00,14.11,14.17,14.05,14.17,0
2024-07-15 14:15:00,14.16,14.33,14.09,14.22,0
2024-07-15 15:15:00,14.22,14.23,14.1,14.11,0
2024-07-16 09:15:00,14.19,14.52,13.8,14.51,0
2024-07-16 10:15:00,14.5,14.59,14.5,14.5,0
2024-07-16 11:15:00,14.5,14.53,14.42,14.43,0
2024-07-16 12:15:00,14.43,14.48,14.28,14.33,0
2024-07-16 13:15:00,14.33,14.42,14.28,14.29,0
2024-07-16 14:15:00,14.29,14.34,14.19,14.19,0
2024-07-16 15:15:00,14.19,14.25,14.12,14.15,0
2024-07-18 09:15:00,14.22,14.66,13.75,14.46,0
2024-07-18 10:15:00,14.47,14.61,14.36,14.55,0
2024-07-18 11:15:00,14.56,14.59,14.37,14.39,0
2024-07-18 12:15:00,14.39,14.49,14.33,14.46,0
2024-07-18 13:15:00,14.46,14.59,14.41,14.57,0
2024-07-18 14:15:00,14.57,14.71,14.42,14.48,0
2024-07-18 15:15:00,14.48,14.53,14.36,14.42,0
2024-07-19 09:15:00,14.51,14.82,12.74,14.51,0
2024-07-19 10:15:00,14.5,14.69,14.36,14.62,0
2024-07-19 11:15:00,14.62,14.86,14.53,14.69,0
2024-07-19 12:15:00,14.68,14.75,14.59,14.73,0
2024-07-19 13:15:00,14.73,14.92,14.65,14.87,0
2024-07-19 14:15:00,14.87,14.97,14.66,14.79,0
2024-07-19 15:15:00,14.78,14.86,14.75,14.81,0
2024-07-22 09:15:00,14.83,15.54,13.12,15.37,0
2024-07-22 10:15:00,15.37,15.38,15.06,15.31,0
2024-07-22 11:15:00,15.31,15.53,15.27,15.48,0
2024-07-22 12:15:00,15.48,15.63,15.31,15.34,0
2024-07-22 13:15:00,15.34,15.41,15.18,15.35,0
2024-07-22 14:15:00,15.35,15.58,15.25,15.45,0
2024-07-22 15:15:00,15.45,15.58,15.28,15.36,0
2024-07-23 09:15:00,15.44,15.79,14.17,15.49,0
2024-07-23 10:15:00,15.5,15.56,14.96,15.21,0
2024-07-23 11:15:00,15.21,15.43,14.7,14.79,0
2024-07-23 12:15:00,14.79,16.07,13.48,13.69,0
2024-07-23 13:15:00,13.69,13.95,12.9,13.16,0
2024-07-23 14:15:00,13.16,13.19,12.6,12.63,0
2024-07-23 15:15:00,12.64,12.86,12.59,12.59,0
2024-07-24 09:15:00,12.75,14.04,12.21,12.26,0
2024-07-24 10:15:00,12.27,12.55,12.13,12.31,0
2024-07-24 11:15:00,12.3,12.64,12.1,12.59,0
2024-07-24 12:15:00,12.6,12.73,12.23,12.25,0
2024-07-24 13:15:00,12.25,12.45,12.03,12.22,0
2024-07-24 14:15:00,12.22,12.27,11.62,11.77,0
2024-07-24 15:15:00,11.78,11.88,11.63,11.73,0
2024-07-25 09:15:00,11.76,13.02,11.28,12.37,0
2024-07-25 10:15:00,12.37,12.91,12.27,12.77,0
2024-07-25 11:15:00,12.77,13.14,12.61,13.11,0
2024-07-25 12:15:00,13.1,13.22,12.76,12.81,0
2024-07-25 13:15:00,12.88,12.99,12.67,12.8,0
2024-07-25 14:15:00,12.81,12.85,12.46,12.53,0
2024-07-25 15:15:00,12.53,12.7,12.45,12.51,0
2024-07-26 09:15:00,12.62,13.14,12.17,12.23,0
2024-07-26 10:15:00,12.23,12.54,12.15,12.49,0
2024-07-26 11:15:00,12.49,12.5,11.98,12.11,0
2024-07-26 12:15:00,12.11,12.32,12.09,12.22,0
2024-07-26 13:15:00,12.22,12.55,12.13,12.32,0
2024-07-26 14:15:00,12.32,12.42,12.08,12.27,0
2024-07-26 15:15:00,12.25,12.32,12.15,12.18,0
2024-07-29 09:15:00,12.25,12.97,12.03,12.75,0
2024-07-29 10:15:00,12.76,12.8,12.55,12.74,0
2024-07-29 11:15:00,12.74,12.88,12.59,12.8,0
2024-07-29 12:15:00,12.79,13.17,12.59,13.04,0
2024-07-29 13:15:00,13.05,13.15,12.97,13.13,0
2024-07-29 14:15:00,13.13,13.26,12.89,12.99,0
2024-07-29 15:15:00,12.99,13.01,12.79,12.83,0
2024-07-30 09:15:00,12.95,13.26,11.72,12.95,0
2024-07-30 10:15:00,12.96,13.03,12.89,12.97,0
2024-07-30 11:15:00,12.97,13.05,12.92,12.98,0
2024-07-30 12:15:00,12.98,13.11,12.87,12.96,0
2024-07-30 13:15:00,12.96,13.02,12.75,12.88,0
2024-07-30 14:15:00,12.89,13.03,12.81,12.84,0
2024-07-30 15:15:00,12.84,12.91,12.75,12.83,0
2024-07-31 09:15:00,12.88,13.29,11.62,13.15,0
2024-07-31 10:15:00,13.15,13.32,13.04,13.29,0
2024-07-31 11:15:00,13.31,13.39,13.18,13.29,0
2024-07-31 12:15:00,13.29,13.34,13.21,13.25,0
2024-07-31 13:15:00,13.25,13.3,13.18,13.21,0
2024-07-31 14:15:00,13.21,13.31,13.15,13.31,0
2024-07-31 15:15:00,13.31,13.33,13.24,13.3,0
2024-08-01 09:15:00,13.25,13.31,11.98,13.04,0
2024-08-01 10:15:00,13.04,13.13,12.93,13.03,0
2024-08-01 11:15:00,13.02,13.14,12.97,13.11,0
2024-08-01 12:15:00,13.11,13.25,13.02,13.11,0
2024-08-01 13:15:00,13.11,13.12,12.91,12.98,0
2024-08-01 14:15:00,12.98,13.13,12.85,12.89,0
2024-08-01 15:15:00,12.89,12.94,12.85,12.94,0
2024-08-02 09:15:00,12.93,14.19,11.69,13.59,0
2024-08-02 10:15:00,13.59,13.75,13.46,13.67,0
2024-08-02 11:15:00,13.66,13.87,13.48,13.8,0
2024-08-02 12:15:00,13.79,13.97,13.74,13.8,0
2024-08-02 13:15:00,13.8,13.98,13.7,13.97,0
2024-08-02 14:15:00,13.97,14.51,13.83,14.28,0
2024-08-02 15:15:00,14.28,14.42,14.14,14.41,0
2024-08-05 09:15:00,14.32,17.26,13.91,17.0,0
2024-08-05 10:15:00,17.0,21.92,17.0,21.91,0
2024-08-05 11:15:00,21.91,23.15,20.75,20.75,0
2024-08-05 12:15:00,20.75,21.77,20.43,20.82,0
2024-08-05 13:15:00,20.82,20.82,19.45,20.31,0
2024-08-05 14:15:00,20.31,20.69,19.94,20.36,0
2024-08-05 15:15:00,20.36,20.45,20.23,20.43,0
2024-08-06 09:15:00,20.37,20.37,14.87,17.79,0
2024-08-06 10:15:00,17.79,18.9,17.55,18.31,0
2024-08-06 11:15:00,18.31,18.31,17.88,17.94,0
2024-08-06 12:15:00,17.94,18.52,17.94,18.32,0
2024-08-06 13:15:00,18.31,18.89,18.26,18.73,0
2024-08-06 14:15:00,18.73,19.09,18.46,18.82,0
2024-08-06 15:15:00,18.82,18.85,18.5,18.54,0
2024-08-07 09:15:00,18.74,18.74,13.72,17.06,0
2024-08-07 10:15:00,17.06,17.11,16.65,16.87,0
2024-08-07 11:15:00,16.88,17.18,16.86,16.98,0
2024-08-07 12:15:00,16.98,17.03,16.65,16.69,0
2024-08-07 13:15:00,16.69,16.91,16.39,16.39,0
2024-08-07 14:15:00,16.39,16.43,16.11,16.11,0
2024-08-07 15:15:00,16.12,16.19,16.08,16.1,0
2024-08-08 09:15:00,16.17,17.04,14.38,16.84,0
2024-08-08 10:15:00,16.83,16.91,16.45,16.65,0
2024-08-08 11:15:00,16.65,16.78,16.43,16.43,0
2024-08-08 12:15:00,16.42,16.89,16.36,16.84,0
2024-08-08 13:15:00,16.84,17.23,16.72,16.79,0
2024-08-08 14:15:00,16.79,16.79,16.48,16.61,0
2024-08-08 15:15:00,16.61,16.77,16.59,16.65,0
2024-08-09 09:15:00,16.6,16.6,13.43,15.56,0
2024-08-09 10:15:00,15.56,15.85,15.51,15.58,0
2024-08-09 11:15:00,15.57,15.64,15.43,15.46,0
2024-08-09 12:15:00,15.47,15.5,15.35,15.42,0
2024-08-09 13:15:00,15.42,15.43,15.2,15.23,0
2024-08-09 14:15:00,15.23,15.35,15.18,15.31,0
2024-08-09 15:15:00,15.31,15.4,15.31,15.37,0
2024-08-12 09:15:00,15.34,16.56,13.4,16.22,0
2024-08-12 10:15:00,16.23,16.24,15.8,15.82,0
2024-08-12 11:15:00,15.82,15.87,15.74,15.84,0
2024-08-12 12:15:00,15.84,15.88,15.75,15.81,0
2024-08-12 13:15:00,15.82,15.85,15.64,15.66,0
2024-08-12 14:15:00,15.66,15.97,15.54,15.86,0
2024-08-12 15:15:00,15.86,15.92,15.82,15.9,0
2024-08-13 09:15:00,15.87,16.12,14.22,15.72,0
2024-08-13 10:15:00,15.71,15.88,15.65,15.75,0
2024-08-13 11:15:00,15.75,15.79,15.61,15.62,0
2024-08-13 12:15:00,15.62,15.93,15.61,15.86,0
2024-08-13 13:15:00,15.86,16.33,15.72,16.19,0
2024-08-13 14:15:00,16.19,16.38,15.99,16.17,0
2024-08-13 15:15:00,16.17,16.34,16.08,16.3,0
2024-08-14 09:15:00,16.17,16.22,13.82,15.81,0
2024-08-14 10:15:00,15.82,15.83,15.65,15.82,0
2024-08-14 11:15:00,15.82,15.82,15.57,15.57,0
2024-08-14 12:15:00,15.57,15.65,15.38,15.48,0
2024-08-14 13:15:00,15.48,15.52,15.37,15.45,0
2024-08-14 14:15:00,15.45,15.51,15.35,15.46,0
2024-08-14 15:15:00,15.46,15.51,15.37,15.46,0
2024-08-16 09:15:00,15.44,15.44,12.95,15.02,0
2024-08-16 10:15:00,15.02,15.34,14.96,15.1,0
2024-08-16 11:15:00,15.09,15.11,14.47,14.52,0
2024-08-16 12:15:00,14.53,14.63,14.45,14.52,0
2024-08-16 13:15:00,14.52,14.62,14.41,14.54,0
2024-08-16 14:15:00,14.54,14.58,14.33,14.35,0
2024-08-16 15:15:00,14.35,14.47,14.3,14.3,0
2024-08-19 09:15:00,14.4,14.83,13.2,14.59,0
2024-08-19 10:15:00,14.58,14.82,14.53,14.63,0
2024-08-19 11:15:00,14.63,14.66,14.33,14.48,0
2024-08-19 12:15:00,14.48,14.54,14.37,14.4,0
2024-08-19 13:15:00,14.4,14.56,14.36,14.42,0
2024-08-19 14:15:00,14.42,14.42,14.28,14.29,0
2024-08-19 15:15:00,14.3,14.33,14.19,14.19,0
2024-08-20 09:15:00,14.32,14.32,11.43,14.04,0
2024-08-20 10:15:00,14.04,14.07,13.93,14.06,0
2024-08-20 11:15:00,14.06,14.08,13.96,14.0,0
2024-08-20 12:15:00,13.98,14.04,13.94,13.99,0
2024-08-20 13:15:00,13.99,14.04,13.89,13.92,0
2024-08-20 14:15:00,13.92,13.93,13.75,13.85,0
2024-08-20 15:15:00,13.85,13.86,13.78,13.78,0
2024-08-21 09:15:00,13.82,14.05,11.82,13.79,0
2024-08-21 10:15:00,13.79,13.8,13.56,13.74,0
2024-08-21 11:15:00,13.72,13.77,13.53,13.57,0
2024-08-21 12:15:00,13.57,13.59,13.42,13.45,0
2024-08-21 13:15:00,13.45,13.56,13.4,13.51,0
2024-08-21 14:15:00,13.51,13.56,13.32,13.33,0
2024-08-21 15:15:00,13.33,13.33,13.24,13.3,0
2024-08-22 09:15:00,13.33,13.78,10.96,13.18,0
2024-08-22 10:15:00,13.18,13.28,13.07,13.07,0
2024-08-22 11:15:00,13.07,13.09,12.91,12.93,0
2024-08-22 12:15:00,12.93,13.11,12.87,13.07,0
2024-08-22 13:15:00,13.07,13.07,12.93,12.97,0
2024-08-22 14:15:00,12.97,13.07,12.9,13.07,0
2024-08-22 15:15:00,13.07,13.07,12.95,13.01,0
2024-08-23 09:15:00,13.0,13.28,10.84,12.91,0
2024-08-23 10:15:00,12.91,12.98,12.84,12.86,0
2024-08-23 11:15:00,12.85,12.95,12.83,12.93,0
2024-08-23 12:15:00,12.93,13.34,12.89,13.32,0
2024-08-23 13:15:00,13.32,13.42,13.31,13.33,0
2024-08-23 14:15:00,13.33,13.62,13.25,13.58,0
2024-08-23 15:15:00,13.58,13.62,13.42,13.51,0
2024-08-26 09:15:00,13.55,13.99,12.01,13.71,0
2024-08-26 10:15:00,13.71,13.94,13.69,13.75,0
2024-08-26 11:15:00,13.75,13.79,13.65,13.77,0
2024-08-26 12:15:00,13.77,13.98,13.76,13.83,0
2024-08-26 13:15:00,13.83,13.93,13.82,13.88,0
2024-08-26 14:15:00,13.88,13.93,13.75,13.75,0
2024-08-26 15:15:00,13.75,13.8,13.72,13.73,0
2024-08-27 09:15:00,13.8,14.01,12.71,13.83,0
2024-08-27 10:15:00,13.83,13.86,13.59,13.6,0
2024-08-27 11:15:00,13.6,13.75,13.57,13.63,0
2024-08-27 12:15:00,13.63,13.69,13.54,13.64,0
2024-08-27 13:15:00,13.64,13.66,13.55,13.58,0
2024-08-27 14:15:00,13.58,13.69,13.55,13.63,0
2024-08-27 15:15:00,13.64,13.7,13.61,13.7,0
2024-08-28 09:15:00,13.63,13.89,12.04,13.67,0
2024-08-28 10:15:00,13.67,13.8,13.63,13.71,0
2024-08-28 11:15:00,13.72,13.85,13.63,13.83,0
2024-08-28 12:15:00,13.83,13.89,13.77,13.85,0
2024-08-28 13:15:00,13.85,13.85,13.71,13.77,0
2024-08-28 14:15:00,13.77,14.09,13.74,14.0,0
2024-08-28 15:15:00,13.99,14.02,13.84,13.98,0
2024-08-29 09:15:00,13.95,14.14,12.48,13.96,0
2024-08-29 10:15:00,13.95,14.08,13.87,13.98,0
2024-08-29 11:15:00,13.98,14.01,13.79,13.97,0
2024-08-29 12:15:00,13.97,14.04,13.8,13.86,0
2024-08-29 13:15:00,13.86,14.0,13.67,13.8,0
2024-08-29 14:15:00,13.8,13.96,13.65,13.8,0
2024-08-29 15:15:00,13.8,13.94,13.59,13.9,0
2024-08-30 09:15:00,13.79,13.91,12.54,13.62,0
2024-08-30 10:15:00,13.62,13.68,13.5,13.5,0
2024-08-30 11:15:00,13.51,13.61,13.47,13.55,0
2024-08-30 12:15:00,13.55,13.6,13.45,13.48,0
2024-08-30 13:15:00,13.48,13.66,13.48,13.58,0
2024-08-30 14:15:00,13.58,13.69,13.31,13.4,0
2024-08-30 15:15:00,13.4,13.44,13.3,13.42,0
2024-09-02 09:15:00,13.39,13.91,12.63,13.68,0
2024-09-02 10:15:00,13.68,13.77,13.67,13.73,0
2024-09-02 11:15:00,13.74,14.03,13.6,13.89,0
2024-09-02 12:15:00,13.89,14.13,13.87,13.97,0
2024-09-02 13:15:00,13.97,14.25,13.95,14.06,0
2024-09-02 14:15:00,14.05,14.1,13.97,14.06,0
2024-09-02 15:15:00,14.06,14.14,14.02,14.09,0
2024-09-03 09:15:00,14.06,14.15,12.69,13.83,0
2024-09-03 10:15:00,13.83,13.87,13.67,13.73,0
2024-09-03 11:15:00,13.73,13.9,13.72,13.76,0
2024-09-03 12:15:00,13.76,13.83,13.66,13.77,0
2024-09-03 13:15:00,13.77,13.83,13.68,13.71,0
2024-09-03 14:15:00,13.71,13.9,13.69,13.82,0
2024-09-03 15:15:00,13.82,13.96,13.81,13.93,0
2024-09-04 09:15:00,13.84,14.55,12.81,14.1,0
2024-09-04 10:15:00,14.1,14.34,14.1,14.29,0
2024-09-04 11:15:00,14.28,14.43,14.25,14.4,0
2024-09-04 12:15:00,14.41,14.47,14.38,14.41,0
2024-09-04 13:15:00,14.41,14.45,14.27,14.39,0
2024-09-04 14:15:00,14.4,14.56,14.27,14.3,0
2024-09-04 15:15:00,14.3,14.5,14.3,14.32,0
2024-09-05 09:15:00,14.38,14.38,13.34,14.08,0
2024-09-05 10:15:00,14.08,14.31,14.06,14.16,0
2024-09-05 11:15:00,14.16,14.22,14.02,14.16,0
2024-09-05 12:15:00,14.16,14.23,14.11,14.19,0
2024-09-05 13:15:00,14.19,14.29,14.14,14.15,0
2024-09-05 14:15:00,14.15,14.31,14.11,14.19,0
2024-09-05 15:15:00,14.19,14.22,14.15,14.22,0
2024-09-06 09:15:00,14.21,15.57,12.35,15.21,0
2024-09-06 10:15:00,15.21,15.44,14.86,15.24,0
2024-09-06 11:15:00,15.23,15.25,14.71,14.74,0
2024-09-06 12:15:00,14.73,15.21,14.61,15.07,0
2024-09-06 13:15:00,15.07,15.2,14.85,15.02,0
2024-09-06 14:15:00,15.02,15.67,15.0,15.16,0
2024-09-06 15:15:00,15.16,15.17,15.05,15.14,0
2024-09-09 09:15:00,15.22,15.56,14.11,14.9,0
2024-09-09 10:15:00,14.9,14.94,14.53,14.55,0
2024-09-09 11:15:00,14.55,14.79,14.54,14.75,0
2024-09-09 12:15:00,14.74,14.86,14.54,14.62,0
2024-09-09 13:15:00,14.62,14.62,14.39,14.39,0
2024-09-09 14:15:00,14.4,14.48,14.19,14.24,0
2024-09-09 15:15:00,14.24,14.26,14.18,14.2,0
2024-09-10 09:15:00,14.24,14.24,12.17,14.1,0
2024-09-10 10:15:00,14.1,14.13,13.75,13.76,0
2024-09-10 11:15:00,13.76,13.76,13.58,13.58,0
2024-09-10 12:15:00,13.58,13.65,13.5,13.53,0
2024-09-10 13:15:00,13.53,13.58,13.42,13.52,0
2024-09-10 14:15:00,13.51,13.53,13.32,13.33,0
2024-09-10 15:15:00,13.33,13.36,13.29,13.3,0
2024-09-11 09:15:00,13.36,13.48,11.33,13.29,0
2024-09-11 10:15:00,13.29,13.34,13.16,13.19,0
2024-09-11 11:15:00,13.19,13.28,13.14,13.17,0
2024-09-11 12:15:00,13.17,13.22,13.07,13.13,0
2024-09-11 13:15:00,13.13,13.75,13.13,13.73,0
2024-09-11 14:15:00,13.73,13.77,13.45,13.65,0
2024-09-11 15:15:00,13.63,13.66,13.56,13.62,0
2024-09-12 09:15:00,13.63,13.63,11.14,13.13,0
2024-09-12 10:15:00,13.13,13.25,12.99,13.03,0
2024-09-12 11:15:00,13.03,13.33,13.0,13.28,0
2024-09-12 12:15:00,13.31,13.4,13.11,13.15,0
2024-09-12 13:15:00,13.15,13.18,12.74,13.09,0
2024-09-12 14:15:00,13.09,13.47,13.05,13.15,0
2024-09-12 15:15:00,13.15,13.19,12.91,12.91,0
2024-09-13 09:15:00,13.18,13.18,12.49,12.89,0
2024-09-13 10:15:00,12.89,12.9,12.69,12.78,0
2024-09-13 11:15:00,12.77,12.81,12.67,12.69,0
2024-09-13 12:15:00,12.69,12.78,12.64,12.66,0
2024-09-13 13:15:00,12.66,12.72,12.47,12.51,0
2024-09-13 14:15:00,12.52,12.62,12.47,12.56,0
2024-09-13 15:15:00,12.56,12.62,12.48,12.52,0
2024-09-16 09:15:00,12.55,12.96,12.31,12.65,0
2024-09-16 10:15:00,12.65,12.74,12.62,12.7,0
2024-09-16 11:15:00,12.7,12.85,12.61,12.79,0
2024-09-16 12:15:00,12.79,12.82,12.57,12.59,0
2024-09-16 13:15:00,12.59,12.6,12.44,12.48,0
2024-09-16 14:15:00,12.48,12.57,12.42,12.47,0
2024-09-16 15:15:00,12.47,12.5,12.44,12.45,0
2024-09-17 09:15:00,12.46,12.75,11.88,12.54,0
2024-09-17 10:15:00,12.54,12.58,12.43,12.46,0
2024-09-17 11:15:00,12.47,12.48,12.37,12.4,0
2024-09-17 12:15:00,12.4,12.46,12.37,12.45,0
2024-09-17 13:15:00,12.44,12.5,12.38,12.47,0
2024-09-17 14:15:00,12.48,12.63,12.44,12.62,0
2024-09-17 15:15:00,12.62,12.7,12.58,12.7,0
2024-09-18 09:15:00,12.59,12.84,12.26,12.82,0
2024-09-18 10:15:00,12.82,13.1,12.82,12.95,0
2024-09-18 11:15:00,12.95,13.06,12.89,12.98,0
2024-09-18 12:15:00,12.99,13.37,12.96,13.31,0
2024-09-18 13:15:00,13.3,13.85,13.3,13.67,0
2024-09-18 14:15:00,13.67,13.71,13.29,13.3,0
2024-09-18 15:15:00,13.3,13.43,13.24,13.42,0
2024-09-19 09:15:00,13.37,13.37,12.1,12.29,0
2024-09-19 10:15:00,12.29,12.44,12.2,12.21,0
2024-09-19 11:15:00,12.21,12.79,12.19,12.57,0
2024-09-19 12:15:00,12.57,12.66,12.36,12.64,0
2024-09-19 13:15:00,12.64,12.69,12.55,12.57,0
2024-09-19 14:15:00,12.57,12.68,12.39,12.48,0
2024-09-19 15:15:00,12.48,12.52,12.42,12.44,0
2024-09-20 09:15:00,12.47,12.8,10.9,12.3,0
2024-09-20 10:15:00,12.3,12.58,12.26,12.55,0
2024-09-20 11:15:00,12.56,12.81,12.5,12.74,0
2024-09-20 12:15:00,12.74,12.98,12.74,12.89,0
2024-09-20 13:15:00,12.9,13.05,12.43,12.51,0
2024-09-20 14:15:00,12.51,12.91,12.48,12.8,0
2024-09-20 15:15:00,12.8,13.11,12.69,12.78,0
2024-09-23 09:15:00,12.79,13.74,12.43,13.6,0
2024-09-23 10:15:00,13.6,13.61,13.34,13.47,0
2024-09-23 11:15:00,13.47,13.61,13.47,13.56,0
2024-09-23 12:15:00,13.56,13.79,13.55,13.71,0
2024-09-23 13:15:00,13.71,13.85,13.69,13.85,0
2024-09-23 14:15:00,13.85,14.03,13.75,13.75,0
2024-09-23 15:15:00,13.75,13.82,13.71,13.8,0
2024-09-24 09:15:00,13.79,14.11,12.74,13.86,0
2024-09-24 10:15:00,13.86,13.93,13.76,13.82,0
2024-09-24 11:15:00,13.82,13.94,13.68,13.7,0
2024-09-24 12:15:00,13.7,13.85,13.66,13.74,0
2024-09-24 13:15:00,13.74,13.75,13.49,13.49,0
2024-09-24 14:15:00,13.49,13.62,13.35,13.43,0
2024-09-24 15:15:00,13.43,13.45,13.28,13.36,0
2024-09-25 09:15:00,13.39,13.61,8.98,13.45,0
2024-09-25 10:15:00,13.45,13.47,13.24,13.28,0
2024-09-25 11:15:00,13.28,13.31,13.11,13.27,0
2024-09-25 12:15:00,13.28,13.38,13.11,13.14,0
2024-09-25 13:15:00,13.14,13.21,13.03,13.1,0
2024-09-25 14:15:00,13.1,13.19,12.8,12.82,0
2024-09-25 15:15:00,12.82,12.82,12.21,12.41,0
2024-09-26 09:15:00,12.74,12.74,11.35,12.28,0
2024-09-26 10:15:00,12.28,12.28,12.09,12.13,0
2024-09-26 11:15:00,12.13,12.21,12.05,12.06,0
2024-09-26 12:15:00,12.06,12.44,12.03,12.39,0
2024-09-26 13:15:00,12.39,12.66,12.35,12.4,0
2024-09-26 14:15:00,12.4,12.72,11.93,11.96,0
2024-09-26 15:15:00,11.96,12.01,11.63,11.84,0
2024-09-27 09:15:00,12.0,12.03,10.5,11.63,0
2024-09-27 10:15:00,11.63,11.91,11.6,11.7,0
2024-09-27 11:15:00,11.7,11.85,11.66,11.68,0
2024-09-27 12:15:00,11.66,11.89,11.58,11.82,0
2024-09-27 13:15:00,11.82,12.03,11.77,12.01,0
2024-09-27 14:15:00,12.0,12.08,11.83,12.01,0
2024-09-27 15:15:00,12.0,12.03,11.85,11.93,0
2024-09-30 09:15:00,11.96,12.96,11.6,12.8,0
2024-09-30 10:15:00,12.8,12.88,12.64,12.78,0
2024-09-30 11:15:00,12.78,12.88,12.69,12.78,0
2024-09-30 12:15:00,12.78,13.04,12.75,12.94,0
2024-09-30 13:15:00,12.94,13.24,12.76,12.95,0
2024-09-30 14:15:00,12.96,13.1,12.74,12.8,0
2024-09-30 15:15:00,12.8,12.81,12.68,12.81,0
2024-10-01 09:15:00,12.79,12.79,11.71,12.29,0
2024-10-01 10:15:00,12.29,12.63,12.23,12.39,0
2024-10-01 11:15:00,12.39,12.42,12.14,12.18,0
2024-10-01 12:15:00,12.18,12.38,12.08,12.18,0
2024-10-01 13:15:00,12.18,12.3,12.09,12.14,0
2024-10-01 14:15:00,12.14,12.28,11.96,12.01,0
2024-10-01 15:15:00,12.01,12.02,11.9,11.97,0
2024-10-03 09:15:00,11.99,13.18,11.69,12.73,0
2024-10-03 10:15:00,12.72,13.22,12.66,13.15,0
2024-10-03 11:15:00,13.15,13.52,13.02,13.28,0
2024-10-03 12:15:00,13.28,13.5,13.04,13.5,0
2024-10-03 13:15:00,13.5,13.93,13.39,13.67,0
2024-10-03 14:15:00,13.67,13.75,13.09,13.1,0
2024-10-03 15:15:00,13.1,13.18,13.01,13.12,0
2024-10-04 09:15:00,13.17,13.8,12.29,13.54,0
2024-10-04 10:15:00,13.54,13.69,13.33,13.44,0
2024-10-04 11:15:00,13.44,13.6,13.29,13.37,0
2024-10-04 12:15:00,13.37,14.18,13.27,13.97,0
2024-10-04 13:15:00,13.97,14.21,13.84,14.16,0
2024-10-04 14:15:00,14.16,14.48,14.0,14.03,0
2024-10-04 15:15:00,14.03,14.13,13.92,14.0,0
2024-10-07 09:15:00,14.13,14.4,13.62,14.34,0
2024-10-07 10:15:00,14.35,15.15,14.28,14.78,0
2024-10-07 11:15:00,14.78,14.95,14.24,14.77,0
2024-10-07 12:15:00,14.78,15.1,14.66,15.1,0
2024-10-07 13:15:00,15.09,15.43,14.95,15.19,0
2024-10-07 14:15:00,15.19,15.5,14.73,15.07,0
2024-10-07 15:15:00,15.07,15.09,14.91,14.99,0
2024-10-08 09:15:00,15.08,15.56,13.88,15.33,0
2024-10-08 10:15:00,15.33,15.37,14.72,14.82,0
2024-10-08 11:15:00,14.82,14.88,14.45,14.67,0
2024-10-08 12:15:00,14.67,14.85,14.51,14.6,0
2024-10-08 13:15:00,14.6,14.7,14.32,14.43,0
2024-10-08 14:15:00,14.43,14.79,14.39,14.56,0
2024-10-08 15:15:00,14.56,14.66,14.53,14.66,0
2024-10-09 09:15:00,14.59,14.59,12.7,13.86,0
2024-10-09 10:15:00,13.86,13.98,13.63,13.63,0
2024-10-09 11:15:00,13.63,14.16,13.59,13.95,0
2024-10-09 12:15:00,13.95,14.08,13.76,13.96,0
2024-10-09 13:15:00,13.96,14.1,13.81,13.89,0
2024-10-09 14:15:00,13.9,14.3,13.89,14.12,0
2024-10-09 15:15:00,14.12,14.12,14.03,14.09,0
2024-10-10 09:15:00,14.12,14.12,11.73,13.45,0
2024-10-10 10:15:00,13.45,13.65,13.42,13.6,0
2024-10-10 11:15:00,13.61,13.73,13.46,13.46,0
2024-10-10 12:15:00,13.46,13.48,13.33,13.33,0
2024-10-10 13:15:00,13.33,13.41,13.26,13.28,0
2024-10-10 14:15:00,13.28,13.53,13.27,13.51,0
2024-10-10 15:15:00,13.51,13.57,13.44,13.47,0
2024-10-11 09:15:00,13.5,13.7,11.54,13.16,0
2024-10-11 10:15:00,13.16,13.45,13.14,13.38,0
2024-10-11 11:15:00,13.39,13.65,13.27,13.32,0
2024-10-11 12:15:00,13.32,13.35,13.18,13.2,0
2024-10-11 13:15:00,13.2,13.28,13.09,13.17,0
2024-10-11 14:15:00,13.17,13.31,13.11,13.2,0
2024-10-11 15:15:00,13.2,13.34,13.2,13.33,0
2024-10-14 09:15:00,13.22,13.74,12.96,13.24,0
2024-10-14 10:15:00,13.24,13.33,13.21,13.25,0
2024-10-14 11:15:00,13.25,13.26,13.08,13.13,0
2024-10-14 12:15:00,13.13,13.17,13.04,13.15,0
2024-10-14 13:15:00,13.15,13.18,13.02,13.03,0
2024-10-14 14:15:00,13.03,13.1,12.99,13.0,0
2024-10-14 15:15:00,13.0,13.02,12.92,12.93,0
2024-10-15 09:15:00,13.0,13.28,10.92,13.19,0
2024-10-15 10:15:00,13.19,13.36,12.93,13.1,0
2024-10-15 11:15:00,13.1,13.23,12.94,13.01,0
2024-10-15 12:15:00,13.01,13.26,12.98,13.19,0
2024-10-15 13:15:00,13.19,13.24,12.95,13.04,0
2024-10-15 14:15:00,13.04,13.13,12.95,13.01,0
2024-10-15 15:15:00,13.01,13.03,12.93,12.93,0
2024-10-16 09:15:00,13.0,13.2,11.44,13.09,0
2024-10-16 10:15:00,13.08,13.2,13.02,13.18,0
2024-10-16 11:15:00,13.19,13.52,13.18,13.38,0
2024-10-16 12:15:00,13.38,13.56,13.19,13.19,0
2024-10-16 13:15:00,13.19,13.27,13.01,13.07,0
2024-10-16 14:15:00,13.07,13.1,12.94,13.07,0
2024-10-16 15:15:00,13.07,13.1,13.02,13.09,0
2024-10-17 09:15:00,13.05,13.47,11.06,13.26,0
2024-10-17 10:15:00,13.26,13.39,13.16,13.38,0
2024-10-17 11:15:00,13.38,13.45,13.25,13.32,0
2024-10-17 12:15:00,13.32,13.44,13.24,13.29,0
2024-10-17 13:15:00,13.29,13.45,13.29,13.44,0
2024-10-17 14:15:00,13.44,13.46,13.3,13.37,0
2024-10-17 15:15:00,13.37,13.46,13.36,13.43,0
2024-10-18 09:15:00,13.39,14.06,12.87,13.42,0
2024-10-18 10:15:00,13.42,13.56,13.36,13.39,0
2024-10-18 11:15:00,13.39,13.46,13.05,13.15,0
2024-10-18 12:15:00,13.15,13.19,13.01,13.16,0
2024-10-18 13:15:00,13.16,13.19,13.07,13.13,0
2024-10-18 14:15:00,13.13,13.16,12.96,13.09,0
2024-10-18 15:15:00,13.09,13.1,12.94,12.96,0
2024-10-21 09:15:00,13.04,14.2,12.55,13.86,0
2024-10-21 10:15:00,13.86,13.97,13.68,13.76,0
2024-10-21 11:15:00,13.76,14.01,13.73,14.01,0
2024-10-21 12:15:00,14.01,14.06,13.9,13.94,0
2024-10-21 13:15:00,13.94,13.96,13.63,13.66,0
2024-10-21 14:15:00,13.66,13.78,13.62,13.73,0
2024-10-21 15:15:00,13.73,13.88,13.73,13.88,0
2024-10-22 09:15:00,13.76,14.03,9.47,13.71,0
2024-10-22 10:15:00,13.72,14.17,13.66,13.96,0
2024-10-22 11:15:00,13.97,14.3,13.92,14.14,0
2024-10-22 12:15:00,14.13,14.42,13.96,14.28,0
2024-10-22 13:15:00,14.28,14.46,14.05,14.08,0
2024-10-22 14:15:00,14.08,14.52,14.06,14.39,0
2024-10-22 15:15:00,14.39,14.49,14.29,14.34,0
2024-10-23 09:15:00,14.4,15.03,11.74,14.69,0
2024-10-23 10:15:00,14.69,14.82,14.37,14.69,0
2024-10-23 11:15:00,14.69,14.7,14.32,14.57,0
2024-10-23 12:15:00,14.57,14.76,14.45,14.58,0
2024-10-23 13:15:00,14.57,14.71,14.48,14.69,0
2024-10-23 14:15:00,14.69,14.84,14.5,14.66,0
2024-10-23 15:15:00,14.66,14.69,14.58,14.59,0
2024-10-24 09:15:00,14.62,14.9,12.7,14.34,0
2024-10-24 10:15:00,14.35,14.47,14.26,14.35,0
2024-10-24 11:15:00,14.35,14.35,14.12,14.14,0
2024-10-24 12:15:00,14.14,14.15,14.07,14.12,0
2024-10-24 13:15:00,14.12,14.12,13.97,14.07,0
2024-10-24 14:15:00,14.07,14.1,13.96,13.98,0
2024-10-24 15:15:00,13.98,14.01,13.9,13.92,0
2024-10-25 09:15:00,13.97,14.58,13.35,14.5,0
2024-10-25 10:15:00,14.5,15.0,14.39,14.85,0
2024-10-25 11:15:00,14.85,14.92,14.68,14.77,0
2024-10-25 12:15:00,14.77,15.02,14.76,14.79,0
2024-10-25 13:15:00,14.8,15.03,14.7,14.93,0
2024-10-25 14:15:00,14.93,15.08,14.63,14.68,0
2024-10-25 15:15:00,14.67,14.68,14.48,14.53,0
2024-10-28 09:15:00,14.63,15.48,13.54,14.92,0
2024-10-28 10:15:00,14.92,14.93,14.51,14.56,0
2024-10-28 11:15:00,14.56,14.63,14.23,14.29,0
2024-10-28 12:15:00,14.29,14.43,14.24,14.36,0
2024-10-28 13:15:00,14.36,14.39,14.19,14.33,0
2024-10-28 14:15:00,14.33,14.44,14.14,14.29,0
2024-10-28 15:15:00,14.29,14.34,14.17,14.18,0
2024-10-29 09:15:00,14.29,14.95,13.56,14.8,0
2024-10-29 10:15:00,14.79,15.03,14.57,14.79,0
2024-10-29 11:15:00,14.8,14.85,14.51,14.58,0
2024-10-29 12:15:00,14.58,14.69,14.43,14.65,0
2024-10-29 13:15:00,14.65,14.87,14.41,14.58,0
2024-10-29 14:15:00,14.58,14.65,14.36,14.46,0
2024-10-29 15:15:00,14.46,14.59,14.43,14.52,0
2024-10-30 09:15:00,14.52,15.31,14.28,15.25,0
2024-10-30 10:15:00,15.25,15.37,15.13,15.2,0
2024-10-30 11:15:00,15.2,15.42,15.15,15.37,0
2024-10-30 12:15:00,15.37,15.49,15.27,15.46,0
2024-10-30 13:15:00,15.46,15.7,15.41,15.54,0
2024-10-30 14:15:00,15.55,15.64,15.46,15.5,0
2024-10-30 15:15:00,15.5,15.54,15.45,15.47,0
2024-10-31 09:15:00,15.51,16.12,14.65,15.8,0
2024-10-31 10:15:00,15.8,16.02,15.77,15.9,0
2024-10-31 11:15:00,15.92,16.04,15.87,15.98,0
2024-10-31 12:15:00,15.98,16.24,15.98,16.01,0
2024-10-31 13:15:00,16.01,16.08,15.77,15.93,0
2024-10-31 14:15:00,15.93,15.94,15.43,15.49,0
2024-10-31 15:15:00,15.49,15.67,15.42,15.57,0
2024-11-01 18:00:00,15.55,16.13,13.63,15.9,0
2024-11-04 09:15:00,15.9,17.17,14.78,17.14,0
2024-11-04 10:15:00,17.14,17.6,17.06,17.5,0
2024-11-04 11:15:00,17.49,17.54,16.88,17.02,0
2024-11-04 12:15:00,17.02,17.25,16.91,17.12,0
2024-11-04 13:15:00,17.12,17.18,16.84,16.91,0
2024-11-04 14:15:00,16.9,16.95,16.63,16.65,0
2024-11-04 15:15:00,16.65,16.71,16.6,16.7,0
2024-11-05 09:15:00,16.69,19.02,15.8,16.77,0
2024-11-05 10:15:00,16.76,16.82,16.52,16.81,0
2024-11-05 11:15:00,16.81,17.16,16.77,17.01,0
2024-11-05 12:15:00,17.01,17.06,16.77,16.82,0
2024-11-05 13:15:00,16.82,16.9,16.27,16.46,0
2024-11-05 14:15:00,16.45,16.49,16.01,16.1,0
2024-11-05 15:15:00,16.1,16.19,16.0,16.0,0
2024-11-06 09:15:00,16.12,20.75,15.01,15.09,0
2024-11-06 10:15:00,15.09,15.48,15.09,15.2,0
2024-11-06 11:15:00,15.2,15.24,14.9,14.93,0
2024-11-06 12:15:00,14.93,15.1,14.86,14.89,0
2024-11-06 13:15:00,14.89,14.95,14.71,14.9,0
2024-11-06 14:15:00,14.91,15.1,14.76,14.86,0
2024-11-06 15:15:00,14.86,14.91,14.79,14.8,0
2024-11-07 09:15:00,14.87,15.52,14.27,15.17,0
2024-11-07 10:15:00,15.18,15.21,14.87,14.98,0
2024-11-07 11:15:00,14.98,15.24,14.95,15.24,0
2024-11-07 12:15:00,15.24,15.25,14.76,14.85,0
2024-11-07 13:15:00,14.85,15.08,14.83,14.96,0
2024-11-07 14:15:00,14.95,15.08,14.85,14.99,0
2024-11-07 15:15:00,14.99,15.02,14.91,15.02,0
2024-11-08 09:15:00,14.94,15.73,14.47,14.85,0
2024-11-08 10:15:00,14.85,14.87,14.65,14.68,0
2024-11-08 11:15:00,14.67,14.79,14.62,14.74,0
2024-11-08 12:15:00,14.74,14.74,14.57,14.57,0
2024-11-08 13:15:00,14.58,14.64,14.49,14.58,0
2024-11-08 14:15:00,14.59,14.65,14.39,14.43,0
2024-11-08 15:15:00,14.42,14.61,14.41,14.57,0
2024-11-11 09:15:00,14.47,15.47,13.12,14.71,0
2024-11-11 10:15:00,14.71,14.71,14.24,14.3,0
2024-11-11 11:15:00,14.31,14.49,14.27,14.4,0
2024-11-11 12:15:00,14.4,14.62,14.29,14.45,0
2024-11-11 13:15:00,14.43,14.62,14.39,14.5,0
2024-11-11 14:15:00,14.49,14.57,14.17,14.22,0
2024-11-11 15:15:00,14.22,14.31,14.21,14.22,0
2024-11-12 09:15:00,14.27,14.49,12.74,14.17,0
2024-11-12 10:15:00,14.17,14.4,14.09,14.17,0
2024-11-12 11:15:00,14.18,14.31,14.08,14.29,0
2024-11-12 12:15:00,14.29,14.83,14.16,14.72,0
2024-11-12 13:15:00,14.72,14.84,14.45,14.48,0
2024-11-12 14:15:00,14.48,14.66,14.3,14.6,0
2024-11-12 15:15:00,14.6,14.77,14.56,14.74,0
2024-11-13 09:15:00,14.59,15.35,13.93,15.31,0
2024-11-13 10:15:00,15.31,15.47,15.18,15.3,0
2024-11-13 11:15:00,15.3,15.3,15.09,15.25,0
2024-11-13 12:15:00,15.25,15.45,15.12,15.18,0
2024-11-13 13:15:00,15.18,15.33,14.94,15.29,0
2024-11-13 14:15:00,15.29,15.87,15.18,15.5,0
2024-11-13 15:15:00,15.5,15.51,15.16,15.32,0
2024-11-14 09:15:00,15.44,15.69,13.41,15.13,0
2024-11-14 10:15:00,15.13,15.31,14.93,15.21,0
2024-11-14 11:15:00,15.21,15.23,14.83,14.9,0
2024-11-14 12:15:00,14.9,15.01,14.85,14.86,0
2024-11-14 13:15:00,14.86,15.01,14.71,14.83,0
2024-11-14 14:15:00,14.83,14.89,14.62,14.72,0
2024-11-14 15:15:00,14.72,14.82,14.7,14.79,0
2024-11-18 09:15:00,14.78,16.58,13.76,15.58,0
2024-11-18 10:15:00,15.57,16.06,15.52,15.73,0
2024-11-18 11:15:00,15.73,15.74,15.36,15.38,0
2024-11-18 12:15:00,15.37,15.5,15.23,15.33,0
2024-11-18 13:15:00,15.33,15.49,15.21,15.33,0
2024-11-18 14:15:00,15.33,15.52,15.04,15.11,0
2024-11-18 15:15:00,15.12,15.3,15.07,15.3,0
2024-11-19 09:15:00,15.17,15.26,12.73,14.38,0
2024-11-19 10:15:00,14.38,14.47,14.19,14.25,0
2024-11-19 11:15:00,14.25,14.38,14.23,14.36,0
2024-11-19 12:15:00,14.37,14.38,14.24,14.28,0
2024-11-19 13:15:00,14.28,14.57,14.24,14.51,0
2024-11-19 14:15:00,14.5,15.82,14.32,15.79,0
2024-11-19 15:15:00,15.79,16.19,15.63,16.18,0
2024-11-21 09:15:00,15.66,16.78,14.84,16.06,0
2024-11-21 10:15:00,16.06,16.19,15.61,15.62,0
2024-11-21 11:15:00,15.62,15.69,15.41,15.5,0
2024-11-21 12:15:00,15.5,16.16,15.5,15.98,0
2024-11-21 13:15:00,15.98,16.04,15.81,15.89,0
2024-11-21 14:15:00,15.89,16.13,15.8,16.01,0
2024-11-21 15:15:00,16.01,16.03,15.88,15.97,0
2024-11-22 09:15:00,15.99,18.67,12.75,15.59,0
2024-11-22 10:15:00,15.59,15.96,15.41,15.64,0
2024-11-22 11:15:00,15.64,16.01,15.46,15.9,0
2024-11-22 12:15:00,15.9,16.27,15.88,16.08,0
2024-11-22 13:15:00,16.07,16.65,15.91,16.63,0
2024-11-22 14:15:00,16.63,16.67,16.07,16.09,0
2024-11-22 15:15:00,16.09,16.13,15.55,15.58,0
2024-11-25 09:15:00,16.1,16.87,13.63,15.85,0
2024-11-25 10:15:00,15.84,15.85,15.61,15.7,0
2024-11-25 11:15:00,15.7,15.71,15.5,15.54,0
2024-11-25 12:15:00,15.54,15.96,15.45,15.71,0
2024-11-25 13:15:00,15.71,15.85,15.52,15.58,0
2024-11-25 14:15:00,15.58,15.63,15.25,15.26,0
2024-11-25 15:15:00,15.26,15.3,15.15,15.28,0
2024-11-26 09:15:00,15.3,16.26,13.87,15.65,0
2024-11-26 10:15:00,15.65,15.92,15.52,15.6,0
2024-11-26 11:15:00,15.6,15.64,15.38,15.56,0
2024-11-26 12:15:00,15.56,15.66,15.38,15.45,0
2024-11-26 13:15:00,15.45,15.54,15.34,15.46,0
2024-11-26 14:15:00,15.47,15.47,15.22,15.26,0
2024-11-26 15:15:00,15.26,15.32,15.21,15.23,0
2024-11-27 09:15:00,15.31,15.31,13.25,14.93,0
2024-11-27 10:15:00,14.93,15.08,14.89,14.95,0
2024-11-27 11:15:00,14.95,15.04,14.84,14.89,0
2024-11-27 12:15:00,14.89,14.96,14.7,14.73,0
2024-11-27 13:15:00,14.73,14.87,14.71,14.77,0
2024-11-27 14:15:00,14.77,14.84,14.56,14.62,0
2024-11-27 15:15:00,14.62,14.64,14.5,14.51,0
2024-11-28 09:15:00,14.63,14.8,14.27,14.36,0
2024-11-28 10:15:00,14.36,15.49,14.29,15.23,0
2024-11-28 11:15:00,15.23,15.4,14.99,15.28,0
2024-11-28 12:15:00,15.28,15.43,15.04,15.27,0
2024-11-28 13:15:00,15.27,15.41,14.99,15.14,0
2024-11-28 14:15:00,15.13,15.56,15.02,15.1,0
2024-11-28 15:15:00,15.1,15.21,15.05,15.16,0
2024-11-29 09:15:00,15.21,15.46,14.88,15.31,0
2024-11-29 10:15:00,15.31,15.45,15.06,15.13,0
2024-11-29 11:15:00,15.12,15.14,14.78,14.79,0
2024-11-29 12:15:00,14.79,14.9,14.71,14.71,0
2024-11-29 13:15:00,14.71,14.72,14.51,14.66,0
2024-11-29 14:15:00,14.66,14.73,14.33,14.45,0
2024-11-29 15:15:00,14.45,14.48,14.37,14.47,0
2024-12-02 09:15:00,14.43,15.08,13.31,14.69,0
2024-12-02 10:15:00,14.72,14.94,14.54,14.7,0
2024-12-02 11:15:00,14.7,14.73,14.59,14.6,0
2024-12-02 12:15:00,14.6,14.87,14.54,14.86,0
2024-12-02 13:15:00,14.86,14.89,14.66,14.87,0
2024-12-02 14:15:00,14.87,14.97,14.55,14.55,0
2024-12-02 15:15:00,14.56,14.8,14.55,14.75,0
2024-12-03 09:15:00,14.7,14.89,14.32,14.51,0
2024-12-03 10:15:00,14.51,14.52,14.24,14.25,0
2024-12-03 11:15:00,14.24,14.43,14.24,14.4,0
2024-12-03 12:15:00,14.4,14.51,14.29,14.43,0
2024-12-03 13:15:00,14.43,14.48,14.25,14.28,0
2024-12-03 14:15:00,14.29,14.44,14.28,14.35,0
2024-12-03 15:15:00,14.35,14.48,14.32,14.41,0
2024-12-04 09:15:00,14.37,14.54,14.11,14.37,0
2024-12-04 10:15:00,14.37,14.43,14.34,14.37,0
2024-12-04 11:15:00,14.37,14.8,14.3,14.67,0
2024-12-04 12:15:00,14.67,14.71,14.4,14.56,0
2024-12-04 13:15:00,14.56,14.6,14.41,14.41,0
2024-12-04 14:15:00,14.41,14.79,14.37,14.41,0
2024-12-04 15:15:00,14.42,14.56,14.38,14.5,0
2024-12-05 09:15:00,14.45,15.35,14.06,15.24,0
2024-12-05 10:15:00,15.24,15.65,15.15,15.5,0
2024-12-05 11:15:00,15.5,15.71,14.78,14.83,0
2024-12-05 12:15:00,14.84,15.3,14.82,15.1,0
2024-12-05 13:15:00,15.1,15.26,14.94,14.98,0
2024-12-05 14:15:00,14.98,15.1,14.38,14.41,0
2024-12-05 15:15:00,14.41,14.55,14.28,14.34,0
2024-12-06 09:15:00,14.53,15.02,14.53,14.6,0
2024-12-06 10:15:00,14.61,14.61,14.07,14.21,0
2024-12-06 11:15:00,14.21,14.29,14.11,14.11,0
2024-12-06 12:15:00,14.11,14.24,14.06,14.16,0
2024-12-06 13:15:00,14.16,14.33,14.14,14.24,0
2024-12-06 14:15:00,14.24,14.4,14.08,14.16,0
2024-12-06 15:15:00,14.16,14.16,14.05,14.13,0
2024-12-09 09:15:00,14.14,14.64,13.45,14.57,0
2024-12-09 10:15:00,14.58,14.59,14.29,14.31,0
2024-12-09 11:15:00,14.3,14.33,14.04,14.09,0
2024-12-09 12:15:00,14.08,14.17,13.95,13.96,0
2024-12-09 13:15:00,13.96,14.07,13.92,14.05,0
2024-12-09 14:15:00,14.05,14.15,13.95,14.13,0
2024-12-09 15:15:00,14.13,14.16,14.06,14.13,0
2024-12-10 09:15:00,14.11,14.67,13.88,13.95,0
2024-12-10 10:15:00,13.95,13.97,13.76,13.76,0
2024-12-10 11:15:00,13.76,13.89,13.73,13.85,0
2024-12-10 12:15:00,13.86,14.19,13.84,13.97,0
2024-12-10 13:15:00,13.97,14.1,13.88,13.94,0
2024-12-10 14:15:00,13.94,13.95,13.7,13.81,0
2024-12-10 15:15:00,13.81,13.84,13.75,13.78,0
2024-12-11 09:15:00,13.78,14.11,13.33,13.47,0
2024-12-11 10:15:00,13.46,13.51,13.34,13.4,0
2024-12-11 11:15:00,13.4,13.41,13.29,13.4,0
2024-12-11 12:15:00,13.4,13.42,13.24,13.26,0
2024-12-11 13:15:00,13.26,13.27,13.18,13.22,0
2024-12-11 14:15:00,13.23,13.37,13.22,13.25,0
2024-12-11 15:15:00,13.25,13.27,13.2,13.22,0
2024-12-12 09:15:00,13.27,13.27,12.95,13.19,0
2024-12-12 10:15:00,13.19,13.34,13.11,13.22,0
2024-12-12 11:15:00,13.22,13.4,13.2,13.32,0
2024-12-12 12:15:00,13.32,13.4,13.26,13.32,0
2024-12-12 13:15:00,13.32,13.36,13.18,13.25,0
2024-12-12 14:15:00,13.24,13.26,13.14,13.19,0
2024-12-12 15:15:00,13.19,13.24,13.16,13.22,0
2024-12-13 09:15:00,13.19,13.89,12.47,13.59,0
2024-12-13 10:15:00,13.6,14.72,13.57,14.12,0
2024-12-13 11:15:00,14.13,14.24,13.72,14.01,0
2024-12-13 12:15:00,14.02,14.08,13.58,13.77,0
2024-12-13 13:15:00,13.77,13.85,13.37,13.41,0
2024-12-13 14:15:00,13.41,13.42,13.02,13.05,0
2024-12-13 15:15:00,13.05,13.14,12.92,12.98,0
2024-12-16 09:15:00,13.05,14.09,13.05,13.84,0
2024-12-16 10:15:00,13.84,14.37,13.83,14.35,0
2024-12-16 11:15:00,14.35,14.47,14.23,14.44,0
2024-12-16 12:15:00,14.44,14.51,14.17,14.24,0
2024-12-16 13:15:00,14.24,14.28,13.92,14.08,0
2024-12-16 14:15:00,14.08,14.11,13.92,14.04,0
2024-12-16 15:15:00,14.04,14.08,14.0,14.04,0
2024-12-17 09:15:00,14.02,14.57,13.18,14.52,0
2024-12-17 10:15:00,14.52,14.93,14.51,14.66,0
2024-12-17 11:15:00,14.66,14.98,14.65,14.86,0
2024-12-17 12:15:00,14.86,14.87,14.57,14.71,0
2024-12-17 13:15:00,14.71,14.76,14.45,14.57,0
2024-12-17 14:15:00,14.57,14.75,14.41,14.49,0
2024-12-17 15:15:00,14.49,14.58,14.45,14.53,0
2024-12-18 09:15:00,14.49,15.24,14.41,14.78,0
2024-12-18 10:15:00,14.77,14.84,14.46,14.48,0
2024-12-18 11:15:00,14.49,14.58,14.41,14.49,0
2024-12-18 12:15:00,14.49,14.65,14.27,14.54,0
2024-12-18 13:15:00,14.55,14.56,14.38,14.48,0
2024-12-18 14:15:00,14.48,14.54,14.34,14.41,0
2024-12-18 15:15:00,14.41,14.42,14.27,14.38,0
2024-12-19 09:15:00,14.37,15.44,13.87,14.68,0
2024-12-19 10:15:00,14.68,14.77,14.26,14.45,0
2024-12-19 11:15:00,14.45,14.46,14.33,14.34,0
2024-12-19 12:15:00,14.34,14.49,14.33,14.44,0
2024-12-19 13:15:00,14.45,14.64,14.44,14.5,0
2024-12-19 14:15:00,14.5,14.57,14.41,14.57,0
2024-12-19 15:15:00,14.57,14.68,14.47,14.64,0
2024-12-20 09:15:00,14.51,15.55,14.51,15.33,0
2024-12-20 10:15:00,15.33,15.38,14.56,14.57,0
2024-12-20 11:15:00,14.57,14.75,14.4,14.62,0
2024-12-20 12:15:00,14.63,15.14,14.62,15.06,0
2024-12-20 13:15:00,15.06,15.2,14.62,15.06,0
2024-12-20 14:15:00,15.06,15.27,14.88,15.05,0
2024-12-20 15:15:00,15.06,15.18,14.95,15.08,0
2024-12-23 09:15:00,15.07,16.88,13.88,14.13,0
2024-12-23 10:15:00,14.1,14.17,13.74,13.84,0
2024-12-23 11:15:00,13.85,14.1,13.71,13.96,0
2024-12-23 12:15:00,13.97,14.22,13.76,14.05,0
2024-12-23 13:15:00,14.05,14.07,13.59,13.75,0
2024-12-23 14:15:00,13.75,13.89,13.45,13.48,0
2024-12-23 15:15:00,13.48,13.69,13.42,13.56,0
2024-12-24 09:15:00,13.52,15.03,13.08,13.16,0
2024-12-24 10:15:00,13.15,13.37,13.13,13.22,0
2024-12-24 11:15:00,13.22,13.37,13.13,13.33,0
2024-12-24 12:15:00,13.31,13.38,13.02,13.22,0
2024-12-24 13:15:00,13.22,13.41,13.09,13.21,0
2024-12-24 14:15:00,13.21,13.37,13.11,13.16,0
2024-12-24 15:15:00,13.16,13.21,12.98,13.14,0
2024-12-26 09:15:00,13.18,13.94,13.08,13.68,0
2024-12-26 10:15:00,13.68,14.02,13.48,13.48,0
2024-12-26 11:15:00,13.49,13.99,13.38,13.92,0
2024-12-26 12:15:00,13.92,14.07,13.82,14.01,0
2024-12-26 13:15:00,14.01,14.39,13.89,13.89,0
2024-12-26 14:15:00,13.89,14.28,13.89,14.05,0
2024-12-26 15:15:00,14.05,14.15,13.97,14.03,0
2024-12-27 09:15:00,14.04,14.24,13.32,13.33,0
2024-12-27 10:15:00,13.33,13.43,13.14,13.17,0
2024-12-27 11:15:00,13.17,13.38,13.17,13.37,0
2024-12-27 12:15:00,13.37,13.55,13.18,13.32,0
2024-12-27 13:15:00,13.32,13.35,13.07,13.08,0
2024-12-27 14:15:00,13.08,13.35,13.04,13.29,0
2024-12-27 15:15:00,13.29,13.3,13.14,13.25,0
2024-12-30 09:15:00,13.24,13.93,13.24,13.47,0
2024-12-30 10:15:00,13.46,13.61,13.3,13.57,0
2024-12-30 11:15:00,13.57,13.77,13.38,13.69,0
2024-12-30 12:15:00,13.69,13.98,13.66,13.92,0
2024-12-30 13:15:00,13.92,14.34,13.84,14.28,0
2024-12-30 14:15:00,14.27,14.37,13.83,13.96,0
2024-12-30 15:15:00,13.96,14.03,13.73,13.97,0
2024-12-31 09:15:00,13.97,14.6,13.97,14.44,0
2024-12-31 10:15:00,14.44,14.64,14.27,14.39,0
2024-12-31 11:15:00,14.38,14.58,14.34,14.55,0
2024-12-31 12:15:00,14.55,14.56,14.31,14.49,0
2024-12-31 13:15:00,14.49,14.52,14.27,14.43,0
2024-12-31 14:15:00,14.46,14.55,14.24,14.44,0
2024-12-31 15:15:00,14.44,14.54,14.41,14.42,0
2025-01-01 09:15:00,14.45,14.78,14.31,14.58,0
2025-01-01 10:15:00,14.57,14.84,14.49,14.67,0
2025-01-01 11:15:00,14.67,14.83,14.57,14.65,0
2025-01-01 12:15:00,14.65,14.8,14.58,14.69,0
2025-01-01 13:15:00,14.69,14.73,14.37,14.41,0
2025-01-01 14:15:00,14.42,14.56,14.35,14.49,0
2025-01-01 15:15:00,14.49,14.6,14.44,14.44,0
2025-01-02 09:15:00,14.51,14.8,14.3,14.44,0
2025-01-02 10:15:00,14.44,14.47,14.22,14.26,0
2025-01-02 11:15:00,14.25,14.49,14.25,14.41,0
2025-01-02 12:15:00,14.4,14.63,14.06,14.12,0
2025-01-02 13:15:00,14.12,14.17,13.88,13.91,0
2025-01-02 14:15:00,13.9,13.92,13.67,13.77,0
2025-01-02 15:15:00,13.77,13.79,13.63,13.65,0
2025-01-03 09:15:00,13.74,13.98,13.64,13.72,0
2025-01-03 10:15:00,13.73,13.74,13.46,13.58,0
2025-01-03 11:15:00,13.58,13.61,13.23,13.37,0
2025-01-03 12:15:00,13.37,13.47,13.27,13.35,0
2025-01-03 13:15:00,13.35,13.6,13.26,13.52,0
2025-01-03 14:15:00,13.51,13.59,13.38,13.52,0
2025-01-03 15:15:00,13.52,13.64,13.48,13.59,0
2025-01-06 09:15:00,13.54,14.57,13.54,14.31,0
2025-01-06 10:15:00,14.31,14.92,14.23,14.86,0
2025-01-06 11:15:00,14.87,15.44,14.84,15.02,0
2025-01-06 12:15:00,15.03,15.42,15.01,15.4,0
2025-01-06 13:15:00,15.39,15.81,15.39,15.64,0
2025-01-06 14:15:00,15.63,15.92,15.57,15.71,0
2025-01-06 15:15:00,15.71,15.74,15.52,15.55,0
2025-01-07 09:15:00,15.65,15.65,14.35,14.8,0
2025-01-07 10:15:00,14.78,14.87,14.65,14.7,0
2025-01-07 11:15:00,14.7,14.81,14.55,14.67,0
2025-01-07 12:15:00,14.68,14.79,14.56,14.58,0
2025-01-07 13:15:00,14.58,14.68,14.52,14.58,0
2025-01-07 14:15:00,14.58,14.73,14.54,14.66,0
2025-01-07 15:15:00,14.66,14.71,14.64,14.67,0
2025-01-08 09:15:00,14.66,14.88,14.1,14.51,0
2025-01-08 10:15:00,14.52,14.74,14.47,14.63,0
2025-01-08 11:15:00,14.63,14.78,14.51,14.66,0
2025-01-08 12:15:00,14.67,14.73,14.5,14.59,0
2025-01-08 13:15:00,14.59,14.65,14.46,14.53,0
2025-01-08 14:15:00,14.53,14.64,14.42,14.44,0
2025-01-08 15:15:00,14.45,14.49,14.36,14.46,0
2025-01-09 09:15:00,14.47,14.63,13.75,14.44,0
2025-01-09 10:15:00,14.44,14.71,14.39,14.58,0
2025-01-09 11:15:00,14.58,14.71,14.55,14.62,0
2025-01-09 12:15:00,14.62,14.89,14.55,14.82,0
2025-01-09 13:15:00,14.81,14.88,14.65,14.68,0
2025-01-09 14:15:00,14.68,14.84,14.61,14.67,0
2025-01-09 15:15:00,14.67,14.71,14.57,14.57,0
2025-01-10 09:15:00,14.66,15.52,14.66,15.32,0
2025-01-10 10:15:00,15.31,15.35,14.86,14.86,0
2025-01-10 11:15:00,14.84,14.96,14.74,14.85,0
2025-01-10 12:15:00,14.86,14.89,14.78,14.86,0
2025-01-10 13:15:00,14.86,15.0,14.73,14.97,0
2025-01-10 14:15:00,14.98,15.11,14.87,14.93,0
2025-01-10 15:15:00,14.94,14.95,14.79,14.86,0
2025-01-13 09:15:00,14.92,16.19,14.45,15.86,0
2025-01-13 10:15:00,15.85,15.9,15.73,15.74,0
2025-01-13 11:15:00,15.74,15.85,15.68,15.82,0
2025-01-13 12:15:00,15.82,16.0,15.76,15.94,0
2025-01-13 13:15:00,15.94,16.09,15.87,16.08,0
2025-01-13 14:15:00,16.08,16.18,15.95,16.0,0
2025-01-13 15:15:00,16.0,16.01,15.89,16.0,0
2025-01-14 09:15:00,16.0,16.0,15.12,15.86,0
2025-01-14 10:15:00,15.86,15.91,15.67,15.7,0
2025-01-14 11:15:00,15.7,15.78,15.62,15.67,0
2025-01-14 12:15:00,15.67,15.75,15.64,15.66,0
2025-01-14 13:15:00,15.66,15.71,15.57,15.62,0
2025-01-14 14:15:00,15.63,15.63,15.41,15.43,0
2025-01-14 15:15:00,15.43,15.52,15.43,15.47,0
2025-01-15 09:15:00,15.47,15.66,15.44,15.49,0
2025-01-15 10:15:00,15.49,15.51,15.31,15.31,0
2025-01-15 11:15:00,15.32,15.38,15.26,15.31,0
2025-01-15 12:15:00,15.31,15.35,15.23,15.32,0
2025-01-15 13:15:00,15.32,15.52,15.3,15.42,0
2025-01-15 14:15:00,15.42,15.48,15.2,15.26,0
2025-01-15 15:15:00,15.26,15.3,15.22,15.3,0
2025-01-16 09:15:00,15.26,15.26,13.96,15.16,0
2025-01-16 10:15:00,15.16,15.2,15.11,15.17,0
2025-01-16 11:15:00,15.17,15.24,15.15,15.23,0
2025-01-16 12:15:00,15.22,15.4,15.2,15.39,0
2025-01-16 13:15:00,15.39,15.51,15.37,15.47,0
2025-01-16 14:15:00,15.47,15.57,15.38,15.45,0
2025-01-16 15:15:00,15.45,15.56,15.43,15.5,0
2025-01-17 09:15:00,15.47,15.9,14.05,15.53,0
2025-01-17 10:15:00,15.53,16.04,15.46,16.01,0
2025-01-17 11:15:00,16.01,16.19,15.86,16.12,0
2025-01-17 12:15:00,16.14,16.38,16.07,16.11,0
2025-01-17 13:15:00,16.11,16.12,15.8,15.81,0
2025-01-17 14:15:00,15.81,15.84,15.67,15.73,0
2025-01-17 15:15:00,15.73,15.87,15.72,15.85,0
2025-01-20 09:15:00,15.75,17.02,15.18,16.6,0
2025-01-20 10:15:00,16.6,16.63,16.37,16.41,0
2025-01-20 11:15:00,16.41,16.48,16.33,16.4,0
2025-01-20 12:15:00,16.4,16.58,16.35,16.55,0
2025-01-20 13:15:00,16.55,16.55,16.32,16.44,0
2025-01-20 14:15:00,16.45,16.47,16.33,16.37,0
2025-01-20 15:15:00,16.37,16.49,16.37,16.41,0
2025-01-21 09:15:00,16.42,16.98,15.2,16.91,0
2025-01-21 10:15:00,16.91,17.37,16.9,17.31,0
2025-01-21 11:15:00,17.31,17.32,16.61,17.06,0
2025-01-21 12:15:00,17.07,17.45,17.04,17.09,0
2025-01-21 13:15:00,17.08,17.29,16.78,16.92,0
2025-01-21 14:15:00,16.92,17.4,16.9,17.06,0
2025-01-21 15:15:00,17.05,17.08,16.95,16.99,0
2025-01-22 09:15:00,17.06,17.3,15.91,17.07,0
2025-01-22 10:15:00,17.06,17.09,16.89,17.01,0
2025-01-22 11:15:00,17.01,17.11,16.97,17.07,0
2025-01-22 12:15:00,17.07,17.19,17.02,17.08,0
2025-01-22 13:15:00,17.08,17.2,16.87,16.92,0
2025-01-22 14:15:00,16.92,17.0,16.65,16.67,0
2025-01-22 15:15:00,16.67,16.84,16.67,16.77,0
2025-01-23 09:15:00,16.77,17.08,15.67,16.87,0
2025-01-23 10:15:00,16.87,16.88,16.72,16.83,0
2025-01-23 11:15:00,16.83,16.89,16.8,16.84,0
2025-01-23 12:15:00,16.84,16.85,16.73,16.82,0
2025-01-23 13:15:00,16.82,16.84,16.67,16.67,0
2025-01-23 14:15:00,16.67,16.7,16.57,16.69,0
2025-01-23 15:15:00,16.69,16.77,16.66,16.74,0
2025-01-24 09:15:00,16.7,17.23,16.12,17.16,0
2025-01-24 10:15:00,17.15,17.31,16.59,16.64,0
2025-01-24 11:15:00,16.64,16.83,16.54,16.6,0
2025-01-24 12:15:00,16.6,16.84,16.54,16.69,0
2025-01-24 13:15:00,16.71,16.87,16.61,16.87,0
2025-01-24 14:15:00,16.87,16.98,16.67,16.77,0
2025-01-24 15:15:00,16.77,16.81,16.67,16.74,0
2025-01-27 09:15:00,16.75,17.95,16.75,17.85,0
2025-01-27 10:15:00,17.86,18.15,17.83,18.06,0
2025-01-27 11:15:00,18.06,18.16,17.83,18.11,0
2025-01-27 12:15:00,18.11,18.25,17.93,17.95,0
2025-01-27 13:15:00,17.95,18.37,17.9,18.23,0
2025-01-27 14:15:00,18.23,18.52,17.95,18.14,0
2025-01-27 15:15:00,18.14,18.22,18.09,18.13,0
2025-01-28 09:15:00,18.13,18.5,16.83,18.26,0
2025-01-28 10:15:00,18.25,18.38,18.05,18.37,0
2025-01-28 11:15:00,18.36,18.42,18.03,18.13,0
2025-01-28 12:15:00,18.13,18.32,18.02,18.11,0
2025-01-28 13:15:00,18.11,18.19,18.02,18.06,0
2025-01-28 14:15:00,18.07,18.35,17.92,18.09,0
2025-01-28 15:15:00,18.09,18.2,18.09,18.2,0
2025-01-29 09:15:00,18.2,18.84,17.29,18.82,0
2025-01-29 10:15:00,18.82,18.9,18.65,18.75,0
2025-01-29 11:15:00,18.75,19.01,18.54,18.77,0
2025-01-29 12:15:00,18.77,18.9,18.6,18.85,0
2025-01-29 13:15:00,18.85,18.93,18.69,18.8,0
2025-01-29 14:15:00,18.8,18.83,18.49,18.7,0
2025-01-29 15:15:00,18.7,18.7,18.46,18.55,0
2025-01-30 09:15:00,18.64,18.99,17.62,18.17,0
2025-01-30 10:15:00,18.17,18.22,17.96,18.05,0
2025-01-30 11:15:00,18.05,18.28,18.03,18.22,0
2025-01-30 12:15:00,18.24,18.33,18.04,18.22,0
2025-01-30 13:15:00,18.22,18.32,18.01,18.12,0
2025-01-30 14:15:00,18.12,18.18,17.22,17.43,0
2025-01-30 15:15:00,17.44,17.47,17.25,17.36,0
2025-01-31 09:15:00,17.39,17.94,17.1,17.51,0
2025-01-31 10:15:00,17.51,17.57,16.64,16.8,0
2025-01-31 11:15:00,16.8,16.89,16.46,16.55,0
2025-01-31 12:15:00,16.56,16.57,16.11,16.26,0
2025-01-31 13:15:00,16.26,16.64,16.26,16.45,0
2025-01-31 14:15:00,16.44,16.62,16.13,16.28,0
2025-01-31 15:15:00,16.28,16.33,16.14,16.17,0
2025-02-01 09:15:00,16.25,16.58,15.88,16.02,0
2025-02-01 10:15:00,16.03,16.07,15.71,15.83,0
2025-02-01 11:15:00,15.82,15.91,15.02,15.03,0
2025-02-01 12:15:00,15.04,15.15,14.3,14.82,0
2025-02-01 13:15:00,14.82,14.87,14.25,14.3,0
2025-02-01 14:15:00,14.31,14.38,14.01,14.11,0
2025-02-01 15:15:00,14.11,14.18,14.02,14.18,0
2025-02-03 09:15:00,14.1,15.11,14.1,14.6,0
2025-02-03 10:15:00,14.6,14.67,14.37,14.45,0
2025-02-03 11:15:00,14.45,14.59,14.4,14.43,0
2025-02-03 12:15:00,14.43,14.53,14.35,14.43,0
2025-02-03 13:15:00,14.43,14.54,14.37,14.48,0
2025-02-03 14:15:00,14.48,14.53,14.3,14.35,0
2025-02-03 15:15:00,14.35,14.42,14.33,14.4,0
2025-02-04 09:15:00,14.35,14.77,13.67,14.75,0
2025-02-04 10:15:00,14.75,15.13,14.6,14.63,0
2025-02-04 11:15:00,14.64,14.82,14.39,14.78,0
2025-02-04 12:15:00,14.78,14.9,14.58,14.69,0
2025-02-04 13:15:00,14.7,14.83,14.4,14.4,0
2025-02-04 14:15:00,14.41,14.45,13.99,13.99,0
2025-02-04 15:15:00,13.99,14.01,13.88,13.96,0
2025-02-05 09:15:00,14.02,14.3,13.5,14.14,0
2025-02-05 10:15:00,14.15,14.19,14.0,14.09,0
2025-02-05 11:15:00,14.09,14.15,13.96,13.99,0
2025-02-05 12:15:00,13.99,14.02,13.88,13.89,0
2025-02-05 13:15:00,13.89,13.9,13.82,13.85,0
2025-02-05 14:15:00,13.86,14.18,13.84,14.06,0
2025-02-05 15:15:00,14.06,14.14,14.03,14.14,0
2025-02-06 09:15:00,14.08,14.64,13.15,14.48,0
2025-02-06 10:15:00,14.48,14.5,14.23,14.37,0
2025-02-06 11:15:00,14.37,14.43,14.3,14.37,0
2025-02-06 12:15:00,14.37,14.38,14.28,14.32,0
2025-02-06 13:15:00,14.32,14.38,14.26,14.3,0
2025-02-06 14:15:00,14.31,14.33,14.14,14.22,0
2025-02-06 15:15:00,14.22,14.23,14.11,14.11,0
2025-02-07 09:15:00,14.18,14.51,13.55,13.86,0
2025-02-07 10:15:00,13.87,14.03,13.67,13.68,0
2025-02-07 11:15:00,13.68,13.79,13.57,13.78,0
2025-02-07 12:15:00,13.77,13.88,13.58,13.68,0
2025-02-07 13:15:00,13.68,13.93,13.57,13.86,0
2025-02-07 14:15:00,13.87,13.93,13.61,13.66,0
2025-02-07 15:15:00,13.66,13.77,13.62,13.7,0
2025-02-10 09:15:00,13.69,14.69,13.69,14.64,0
2025-02-10 10:15:00,14.64,14.72,14.47,14.52,0
2025-02-10 11:15:00,14.52,14.67,14.47,14.59,0
2025-02-10 12:15:00,14.58,14.66,14.48,14.55,0
2025-02-10 13:15:00,14.55,14.64,14.45,14.55,0
2025-02-10 14:15:00,14.55,14.64,14.37,14.44,0
2025-02-10 15:15:00,14.44,14.52,14.42,14.46,0
2025-02-11 09:15:00,14.45,14.96,13.85,14.59,0
2025-02-11 10:15:00,14.59,14.6,14.42,14.52,0
2025-02-11 11:15:00,14.52,14.53,14.41,14.46,0
2025-02-11 12:15:00,14.46,15.43,14.41,15.34,0
2025-02-11 13:15:00,15.37,15.37,14.98,15.03,0
2025-02-11 14:15:00,15.03,15.2,14.78,14.86,0
2025-02-11 15:15:00,14.86,14.97,14.83,14.96,0
2025-02-12 09:15:00,14.87,15.57,14.61,15.36,0
2025-02-12 10:15:00,15.35,15.62,15.12,15.29,0
2025-02-12 11:15:00,15.29,15.32,15.09,15.26,0
2025-02-12 12:15:00,15.27,15.4,15.02,15.04,0
2025-02-12 13:15:00,15.05,15.2,14.72,15.09,0
2025-02-12 14:15:00,15.09,15.19,14.82,14.88,0
2025-02-12 15:15:00,14.88,15.02,14.85,15.02,0
2025-02-13 09:15:00,14.9,15.47,12.2,14.93,0
2025-02-13 10:15:00,14.91,15.0,14.63,14.73,0
2025-02-13 11:15:00,14.71,14.73,14.5,14.66,0
2025-02-13 12:15:00,14.66,14.74,14.52,14.71,0
2025-02-13 13:15:00,14.72,15.16,14.62,15.01,0
2025-02-13 14:15:00,15.02,15.1,14.82,14.93,0
2025-02-13 15:15:00,14.94,15.06,14.93,15.03,0
2025-02-14 09:15:00,14.96,15.1,14.36,14.75,0
2025-02-14 10:15:00,14.75,15.4,14.61,15.2,0
2025-02-14 11:15:00,15.2,15.49,15.04,15.37,0
2025-02-14 12:15:00,15.37,15.56,15.21,15.42,0
2025-02-14 13:15:00,15.42,15.68,15.3,15.62,0
2025-02-14 14:15:00,15.62,15.64,14.95,15.04,0
2025-02-14 15:15:00,15.03,15.1,15.0,15.04,0
2025-02-17 09:15:00,15.02,16.31,14.5,16.15,0
2025-02-17 10:15:00,16.15,16.21,15.85,16.03,0
2025-02-17 11:15:00,16.03,16.15,15.84,15.98,0
2025-02-17 12:15:00,15.99,16.06,15.88,15.94,0
2025-02-17 13:15:00,15.93,16.03,15.77,15.92,0
2025-02-17 14:15:00,15.91,15.94,15.65,15.66,0
2025-02-17 15:15:00,15.66,15.77,15.65,15.68,0
2025-02-18 09:15:00,15.72,16.32,14.78,16.03,0
2025-02-18 10:15:00,16.02,16.26,15.97,16.13,0
2025-02-18 11:15:00,16.13,16.18,15.82,15.85,0
2025-02-18 12:15:00,15.85,15.89,15.72,15.81,0
2025-02-18 13:15:00,15.79,15.85,15.7,15.78,0
2025-02-18 14:15:00,15.78,15.84,15.57,15.69,0
2025-02-18 15:15:00,15.69,15.74,15.58,15.58,0
2025-02-19 09:15:00,15.67,16.02,14.75,15.46,0
2025-02-19 10:15:00,15.44,15.76,15.41,15.55,0
2025-02-19 11:15:00,15.55,15.6,15.39,15.42,0
2025-02-19 12:15:00,15.42,15.56,15.31,15.45,0
2025-02-19 13:15:00,15.45,15.49,15.33,15.36,0
2025-02-19 14:15:00,15.36,15.66,15.35,15.38,0
2025-02-19 15:15:00,15.38,15.5,15.36,15.49,0
2025-02-20 09:15:00,15.42,15.9,14.79,15.37,0
2025-02-20 10:15:00,15.37,15.42,15.15,15.18,0
2025-02-20 11:15:00,15.19,15.28,15.04,15.08,0
2025-02-20 12:15:00,15.08,15.15,14.85,14.98,0
2025-02-20 13:15:00,14.98,15.09,14.8,14.81,0
2025-02-20 14:15:00,14.8,14.85,14.64,14.67,0
2025-02-20 15:15:00,14.67,14.77,14.66,14.72,0
2025-02-21 09:15:00,14.68,15.15,12.08,15.09,0
2025-02-21 10:15:00,15.1,15.24,14.89,14.99,0
2025-02-21 11:15:00,14.99,15.04,14.68,14.81,0
2025-02-21 12:15:00,14.81,14.83,14.6,14.71,0
2025-02-21 13:15:00,14.71,14.9,14.53,14.53,0
2025-02-21 14:15:00,14.54,14.63,14.42,14.51,0
2025-02-21 15:15:00,14.5,14.68,14.5,14.57,0
2025-02-24 09:15:00,14.53,15.58,14.53,14.84,0
2025-02-24 10:15:00,14.83,14.89,14.61,14.7,0
2025-02-24 11:15:00,14.71,14.76,14.49,14.6,0
2025-02-24 12:15:00,14.6,14.7,14.54,14.62,0
2025-02-24 13:15:00,14.62,14.77,14.5,14.64,0
2025-02-24 14:15:00,14.64,14.64,14.37,14.38,0
2025-02-24 15:15:00,14.38,14.61,14.37,14.53,0
2025-02-25 09:15:00,14.44,15.08,13.77,13.95,0
2025-02-25 10:15:00,13.95,14.02,13.77,13.79,0
2025-02-25 11:15:00,13.79,13.96,13.75,13.83,0
2025-02-25 12:15:00,13.83,13.87,13.75,13.79,0
2025-02-25 13:15:00,13.79,13.85,13.71,13.74,0
2025-02-25 14:15:00,13.74,13.83,13.61,13.67,0
2025-02-25 15:15:00,13.67,13.82,13.66,13.77,0
2025-02-27 09:15:00,13.72,14.01,12.91,13.35,0
2025-02-27 10:15:00,13.34,13.48,13.24,13.27,0
2025-02-27 11:15:00,13.27,13.43,13.22,13.4,0
2025-02-27 12:15:00,13.4,13.46,13.22,13.33,0
2025-02-27 13:15:00,13.33,13.4,13.22,13.29,0
2025-02-27 14:15:00,13.29,13.32,13.14,13.31,0
2025-02-27 15:15:00,13.31,13.39,13.27,13.35,0
2025-02-28 09:15:00,13.31,14.08,13.23,13.56,0
2025-02-28 10:15:00,13.55,13.64,13.38,13.44,0
2025-02-28 11:15:00,13.44,13.52,13.27,13.41,0
2025-02-28 12:15:00,13.41,14.12,13.28,13.93,0
2025-02-28 13:15:00,13.93,14.12,13.89,13.92,0
2025-02-28 14:15:00,13.93,14.03,13.66,13.94,0
2025-02-28 15:15:00,13.94,13.97,13.8,13.89,0
2025-03-03 09:15:00,13.91,14.36,13.57,14.28,0
2025-03-03 10:15:00,14.28,14.35,14.06,14.19,0
2025-03-03 11:15:00,14.18,14.26,14.03,14.04,0
2025-03-03 12:15:00,14.05,14.11,13.88,13.96,0
2025-03-03 13:15:00,13.95,13.97,13.75,13.8,0
2025-03-03 14:15:00,13.8,13.83,13.7,13.82,0
2025-03-03 15:15:00,13.82,13.82,13.62,13.64,0
2025-03-04 09:15:00,13.76,14.2,13.37,13.83,0
2025-03-04 10:15:00,13.84,13.88,13.66,13.68,0
2025-03-04 11:15:00,13.68,13.79,13.64,13.74,0
2025-03-04 12:15:00,13.74,13.79,13.66,13.7,0
2025-03-04 13:15:00,13.7,13.85,13.63,13.84,0
2025-03-04 14:15:00,13.84,13.91,13.77,13.84,0
2025-03-04 15:15:00,13.84,13.88,13.78,13.84,0
2025-03-05 09:15:00,13.83,14.13,13.1,13.69,0
2025-03-05 10:15:00,13.69,13.74,13.6,13.65,0
2025-03-05 11:15:00,13.65,13.69,13.5,13.67,0
2025-03-05 12:15:00,13.67,13.73,13.53,13.53,0
2025-03-05 13:15:00,13.53,13.62,13.49,13.56,0
2025-03-05 14:15:00,13.55,13.81,13.54,13.7,0
2025-03-05 15:15:00,13.7,13.74,13.62,13.73,0
2025-03-06 09:15:00,13.67,14.18,13.28,13.67,0
2025-03-06 10:15:00,13.67,13.72,13.51,13.58,0
2025-03-06 11:15:00,13.59,13.83,13.53,13.66,0
2025-03-06 12:15:00,13.65,13.79,13.58,13.69,0
2025-03-06 13:15:00,13.69,13.81,13.65,13.77,0
2025-03-06 14:15:00,13.78,13.85,13.66,13.66,0
2025-03-06 15:15:00,13.66,13.74,13.65,13.69,0
2025-03-07 09:15:00,13.73,13.86,13.35,13.61,0
2025-03-07 10:15:00,13.61,13.7,13.52,13.55,0
2025-03-07 11:15:00,13.55,13.74,13.48,13.69,0
2025-03-07 12:15:00,13.69,13.8,13.47,13.56,0
2025-03-07 13:15:00,13.56,13.58,13.43,13.47,0
2025-03-07 14:15:00,13.47,13.53,13.33,13.49,0
2025-03-07 15:15:00,13.49,13.6,13.44,13.47,0
2025-03-10 09:15:00,13.47,14.21,13.47,13.88,0
2025-03-10 10:15:00,13.89,13.89,13.69,13.77,0
2025-03-10 11:15:00,13.77,13.87,13.67,13.77,0
2025-03-10 12:15:00,13.77,13.87,13.7,13.74,0
2025-03-10 13:15:00,13.74,13.86,13.69,13.8,0
2025-03-10 14:15:00,13.8,14.19,13.79,13.96,0
2025-03-10 15:15:00,13.95,14.1,13.91,14.01,0
2025-03-11 09:15:00,13.99,14.5,13.68,14.14,0
2025-03-11 10:15:00,14.14,14.29,14.11,14.25,0
2025-03-11 11:15:00,14.25,14.32,14.15,14.2,0
2025-03-11 12:15:00,14.2,14.24,14.15,14.2,0
2025-03-11 13:15:00,14.2,14.24,14.08,14.14,0
2025-03-11 14:15:00,14.14,14.19,14.02,14.12,0
2025-03-11 15:15:00,14.12,14.16,14.03,14.08,0
2025-03-12 09:15:00,14.07,14.37,13.85,13.99,0
2025-03-12 10:15:00,13.99,14.04,13.87,13.9,0
2025-03-12 11:15:00,13.89,14.02,13.87,13.97,0
2025-03-12 12:15:00,13.98,14.02,13.87,13.89,0
2025-03-12 13:15:00,13.89,13.95,13.8,13.82,0
2025-03-12 14:15:00,13.82,13.85,13.64,13.72,0
2025-03-12 15:15:00,13.73,13.75,13.68,13.71,0
2025-03-13 09:15:00,13.69,13.93,13.37,13.41,0
2025-03-13 10:15:00,13.41,13.46,13.3,13.3,0
2025-03-13 11:15:00,13.3,13.53,13.29,13.43,0
2025-03-13 12:15:00,13.43,13.43,13.29,13.34,0
2025-03-13 13:15:00,13.35,13.37,13.29,13.35,0
2025-03-13 14:15:00,13.35,13.38,13.22,13.26,0
2025-03-13 15:15:00,13.26,13.39,13.25,13.34,0
2025-03-17 09:15:00,13.28,14.1,13.28,13.54,0
2025-03-17 10:15:00,13.54,13.66,13.47,13.62,0
2025-03-17 11:15:00,13.62,13.65,13.46,13.48,0
2025-03-17 12:15:00,13.48,13.71,13.47,13.65,0
2025-03-17 13:15:00,13.66,13.66,13.48,13.5,0
2025-03-17 14:15:00,13.5,13.55,13.39,13.41,0
2025-03-17 15:15:00,13.41,13.46,13.39,13.42,0
2025-03-18 09:15:00,13.42,13.65,11.34,13.45,0
2025-03-18 10:15:00,13.44,13.49,13.31,13.36,0
2025-03-18 11:15:00,13.36,13.39,13.26,13.32,0
2025-03-18 12:15:00,13.32,13.39,13.22,13.3,0
2025-03-18 13:15:00,13.29,13.33,13.23,13.3,0
2025-03-18 14:15:00,13.3,13.32,13.15,13.18,0
2025-03-18 15:15:00,13.19,13.29,13.15,13.26,0
2025-03-19 09:15:00,13.21,13.57,12.59,13.35,0
2025-03-19 10:15:00,13.35,13.44,13.26,13.38,0
2025-03-19 11:15:00,13.38,13.47,13.33,13.41,0
2025-03-19 12:15:00,13.41,13.43,13.29,13.38,0
2025-03-19 13:15:00,13.38,13.44,13.31,13.33,0
2025-03-19 14:15:00,13.33,13.37,13.26,13.29,0
2025-03-19 15:15:00,13.29,13.35,13.23,13.26,0
2025-03-20 09:15:00,13.3,13.3,12.97,13.2,0
2025-03-20 10:15:00,13.19,13.23,13.0,13.04,0
2025-03-20 11:15:00,13.04,13.09,12.92,12.94,0
2025-03-20 12:15:00,12.94,12.95,12.81,12.88,0
2025-03-20 13:15:00,12.88,13.04,12.83,12.89,0
2025-03-20 14:15:00,12.89,12.92,12.52,12.53,0
2025-03-20 15:15:00,12.53,12.74,12.51,12.53,0
2025-03-21 09:15:00,12.6,12.84,10.7,12.37,0
2025-03-21 10:15:00,12.37,12.65,12.26,12.56,0
2025-03-21 11:15:00,12.56,12.75,12.54,12.69,0
2025-03-21 12:15:00,12.68,12.79,12.58,12.68,0
2025-03-21 13:15:00,12.67,12.8,12.58,12.61,0
2025-03-21 14:15:00,12.6,12.69,12.53,12.61,0
2025-03-21 15:15:00,12.6,12.63,12.55,12.57,0
2025-03-24 09:15:00,12.58,13.41,12.58,13.26,0
2025-03-24 10:15:00,13.26,13.95,13.25,13.64,0
2025-03-24 11:15:00,13.65,13.73,13.42,13.63,0
2025-03-24 12:15:00,13.62,13.75,13.54,13.64,0
2025-03-24 13:15:00,13.64,13.75,13.53,13.54,0
2025-03-24 14:15:00,13.54,13.77,13.51,13.74,0
2025-03-24 15:15:00,13.74,13.74,13.66,13.69,0
2025-03-25 09:15:00,13.7,14.37,13.49,14.27,0
2025-03-25 10:15:00,14.28,14.48,14.11,14.25,0
2025-03-25 11:15:00,14.25,14.35,14.05,14.08,0
2025-03-25 12:15:00,14.1,14.11,13.79,13.8,0
2025-03-25 13:15:00,13.8,13.89,13.59,13.69,0
2025-03-25 14:15:00,13.69,13.76,13.51,13.67,0
2025-03-25 15:15:00,13.67,13.88,13.59,13.8,0
2025-03-26 09:15:00,13.64,13.92,13.31,13.54,0
2025-03-26 10:15:00,13.54,13.69,13.42,13.64,0
2025-03-26 11:15:00,13.64,13.75,13.57,13.64,0
2025-03-26 12:15:00,13.64,13.81,13.61,13.7,0
2025-03-26 13:15:00,13.7,13.8,13.49,13.57,0
2025-03-26 14:15:00,13.58,13.65,13.37,13.44,0
2025-03-26 15:15:00,13.44,13.58,13.42,13.55,0
2025-03-27 09:15:00,13.47,13.73,12.98,13.71,0
2025-03-27 10:15:00,13.71,13.85,13.63,13.72,0
2025-03-27 11:15:00,13.72,13.75,13.48,13.5,0
2025-03-27 12:15:00,13.5,13.54,13.34,13.36,0
2025-03-27 13:15:00,13.36,13.42,13.24,13.29,0
2025-03-27 14:15:00,13.29,13.35,13.23,13.3,0
2025-03-27 15:15:00,13.3,13.37,13.23,13.37,0
2025-03-28 09:15:00,13.3,13.61,12.78,12.87,0
2025-03-28 10:15:00,12.87,12.91,12.72,12.75,0
2025-03-28 11:15:00,12.74,12.82,12.59,12.65,0
2025-03-28 12:15:00,12.65,12.82,12.58,12.69,0
2025-03-28 13:15:00,12.7,12.92,12.63,12.8,0
2025-03-28 14:15:00,12.79,12.8,12.57,12.71,0
2025-03-28 15:15:00,12.71,12.82,12.67,12.76,0
2025-04-01 09:15:00,12.72,13.74,12.72,13.33,0
2025-04-01 10:15:00,13.33,13.97,13.29,13.83,0
2025-04-01 11:15:00,13.83,14.04,13.74,13.81,0
2025-04-01 12:15:00,13.8,13.86,13.6,13.78,0
2025-04-01 13:15:00,13.78,14.05,13.78,13.93,0
2025-04-01 14:15:00,13.92,14.01,13.7,13.81,0
2025-04-01 15:15:00,13.81,13.86,13.75,13.86,0
2025-04-02 09:15:00,13.78,14.14,13.69,13.76,0
2025-04-02 10:15:00,13.74,13.76,13.57,13.66,0
2025-04-02 11:15:00,13.66,13.68,13.57,13.63,0
2025-04-02 12:15:00,13.63,13.69,13.58,13.63,0
2025-04-02 13:15:00,13.63,13.69,13.58,13.6,0
2025-04-02 14:15:00,13.6,13.73,13.51,13.72,0
2025-04-02 15:15:00,13.72,13.79,13.72,13.76,0
2025-04-03 09:15:00,13.72,14.11,13.55,13.64,0
2025-04-03 10:15:00,13.64,13.7,13.47,13.59,0
2025-04-03 11:15:00,13.59,13.62,13.45,13.48,0
2025-04-03 12:15:00,13.48,13.53,13.41,13.49,0
2025-04-03 13:15:00,13.49,13.54,13.48,13.52,0
2025-04-03 14:15:00,13.52,13.62,13.51,13.6,0
2025-04-03 15:15:00,13.6,13.67,13.55,13.56,0
2025-04-04 09:15:00,13.6,14.25,13.4,13.87,0
2025-04-04 10:15:00,13.87,13.97,13.73,13.75,0
2025-04-04 11:15:00,13.74,13.81,13.67,13.74,0
2025-04-04 12:15:00,13.74,13.86,13.61,13.72,0
2025-04-04 13:15:00,13.71,13.9,13.65,13.71,0
2025-04-04 14:15:00,13.71,13.82,13.67,13.81,0
2025-04-04 15:15:00,13.81,13.83,13.68,13.73,0
2025-04-07 09:15:00,13.76,21.94,13.76,21.23,0
2025-04-07 10:15:00,21.23,21.97,21.05,21.59,0
2025-04-07 11:15:00,21.59,22.24,21.52,22.23,0
2025-04-07 12:15:00,22.23,23.19,22.23,22.92,0
2025-04-07 13:15:00,22.92,22.95,21.85,22.21,0
2025-04-07 14:15:00,22.21,22.96,22.08,22.82,0
2025-04-07 15:15:00,22.82,23.11,22.46,22.82,0
2025-04-08 09:15:00,22.79,22.79,19.38,20.38,0
2025-04-08 10:15:00,20.37,20.94,20.22,20.55,0
2025-04-08 11:15:00,20.56,21.07,20.49,20.6,0
2025-04-08 12:15:00,20.6,20.84,20.2,20.69,0
2025-04-08 13:15:00,20.68,21.4,20.64,20.88,0
2025-04-08 14:15:00,20.88,20.9,20.35,20.37,0
2025-04-08 15:15:00,20.37,20.48,20.25,20.36,0
2025-04-09 09:15:00,20.44,21.75,19.7,21.36,0
2025-04-09 10:15:00,21.36,21.39,20.82,21.01,0
2025-04-09 11:15:00,21.02,21.14,20.73,21.08,0
2025-04-09 12:15:00,21.08,21.39,20.9,20.94,0
2025-04-09 13:15:00,20.94,21.37,20.93,21.33,0
2025-04-09 14:15:00,21.33,21.59,21.17,21.5,0
2025-04-09 15:15:00,21.5,21.65,21.22,21.52,0
2025-04-11 09:15:00,21.43,21.43,19.84,20.19,0
2025-04-11 10:15:00,20.2,20.23,19.42,19.43,0
2025-04-11 11:15:00,19.43,19.58,18.87,18.88,0
2025-04-11 12:15:00,18.88,19.49,18.86,19.49,0
2025-04-11 13:15:00,19.49,20.25,19.38,20.17,0
2025-04-11 14:15:00,20.18,20.26,19.87,20.16,0
2025-04-11 15:15:00,20.17,20.29,19.77,19.77,0
2025-04-15 09:15:00,20.11,20.11,16.65,16.67,0
2025-04-15 10:15:00,16.67,16.77,16.48,16.55,0
2025-04-15 11:15:00,16.55,16.59,16.37,16.54,0
2025-04-15 12:15:00,16.53,16.57,16.36,16.36,0
2025-04-15 13:15:00,16.36,16.42,16.22,16.26,0
2025-04-15 14:15:00,16.26,16.27,15.97,16.13,0
2025-04-15 15:15:00,16.13,16.36,16.01,16.05,0
2025-04-16 09:15:00,16.13,16.13,15.12,15.26,0
2025-04-16 10:15:00,15.26,15.79,15.25,15.63,0
2025-04-16 11:15:00,15.63,15.76,15.57,15.59,0
2025-04-16 12:15:00,15.59,15.74,15.55,15.66,0
2025-04-16 13:15:00,15.66,16.1,15.65,15.77,0
2025-04-16 14:15:00,15.76,16.02,15.62,15.88,0
2025-04-16 15:15:00,15.88,15.91,15.77,15.81,0
2025-04-17 09:15:00,15.87,16.02,15.57,15.91,0
2025-04-17 10:15:00,15.91,16.14,15.84,16.11,0
2025-04-17 11:15:00,16.1,16.46,16.0,16.33,0
2025-04-17 12:15:00,16.33,16.35,15.73,15.92,0
2025-04-17 13:15:00,15.92,16.06,15.68,15.73,0
2025-04-17 14:15:00,15.74,15.8,15.09,15.65,0
2025-04-17 15:15:00,15.65,15.69,15.28,15.44,0
2025-04-21 09:15:00,15.47,16.18,14.22,15.97,0
2025-04-21 10:15:00,15.97,16.33,15.72,15.75,0
2025-04-21 11:15:00,15.74,15.77,15.51,15.52,0
2025-04-21 12:15:00,15.53,15.95,15.52,15.75,0
2025-04-21 13:15:00,15.75,15.85,15.51,15.7,0
2025-04-21 14:15:00,15.7,15.73,15.43,15.53,0
2025-04-21 15:15:00,15.53,15.63,15.45,15.45,0
2025-04-22 09:15:00,15.52,16.01,14.54,15.24,0
2025-04-22 10:15:00,15.24,15.58,15.06,15.35,0
2025-04-22 11:15:00,15.35,15.44,15.23,15.32,0
2025-04-22 12:15:00,15.32,15.43,15.17,15.32,0
2025-04-22 13:15:00,15.32,15.35,15.2,15.27,0
2025-04-22 14:15:00,15.27,15.34,15.04,15.28,0
2025-04-22 15:15:00,15.28,15.33,15.15,15.24,0
2025-04-23 09:15:00,15.23,15.93,12.84,15.88,0
2025-04-23 10:15:00,15.88,16.52,15.71,16.02,0
2025-04-23 11:15:00,16.01,16.04,15.68,15.87,0
2025-04-23 12:15:00,15.84,15.91,15.66,15.84,0
2025-04-23 13:15:00,15.85,15.92,15.71,15.79,0
2025-04-23 14:15:00,15.79,16.07,15.73,15.92,0
2025-04-23 15:15:00,15.92,16.1,15.89,16.04,0
2025-04-24 09:15:00,15.96,16.69,15.55,16.54,0
2025-04-24 10:15:00,16.53,16.76,16.38,16.42,0
2025-04-24 11:15:00,16.42,16.62,16.39,16.44,0
2025-04-24 12:15:00,16.44,16.47,16.13,16.21,0
2025-04-24 13:15:00,16.21,16.44,16.12,16.31,0
2025-04-24 14:15:00,16.31,16.41,16.08,16.14,0
2025-04-24 15:15:00,16.14,16.42,16.13,16.33,0
2025-04-25 09:15:00,16.25,17.58,15.92,17.15,0
2025-04-25 10:15:00,17.15,17.36,16.87,16.9,0
2025-04-25 11:15:00,16.9,17.32,16.82,16.97,0
2025-04-25 12:15:00,16.96,17.19,16.86,17.04,0
2025-04-25 13:15:00,17.06,17.48,17.0,17.27,0
2025-04-25 14:15:00,17.26,17.34,16.93,17.2,0
2025-04-25 15:15:00,17.18,17.35,17.08,17.23,0
2025-04-28 09:15:00,17.16,18.07,16.86,16.95,0
2025-04-28 10:15:00,16.95,17.07,16.8,16.96,0
2025-04-28 11:15:00,16.97,17.08,16.75,16.84,0
2025-04-28 12:15:00,16.84,17.1,16.62,16.98,0
2025-04-28 13:15:00,16.98,17.11,16.68,17.03,0
2025-04-28 14:15:00,17.03,17.26,16.85,16.99,0
2025-04-28 15:15:00,17.0,17.04,16.85,16.95,0
2025-04-29 09:15:00,16.94,17.57,16.07,17.31,0
2025-04-29 10:15:00,17.31,17.57,17.24,17.33,0
2025-04-29 11:15:00,17.34,17.54,17.11,17.43,0
2025-04-29 12:15:00,17.43,17.59,17.33,17.34,0
2025-04-29 13:15:00,17.34,17.38,17.28,17.37,0
2025-04-29 14:15:00,17.38,17.4,17.23,17.35,0
2025-04-29 15:15:00,17.34,17.51,17.34,17.43,0
2025-04-30 09:15:00,17.37,17.99,15.99,17.67,0
2025-04-30 10:15:00,17.67,17.9,17.62,17.74,0
2025-04-30 11:15:00,17.74,17.92,17.65,17.9,0
2025-04-30 12:15:00,17.9,18.1,17.82,18.04,0
2025-04-30 13:15:00,18.04,18.25,18.03,18.14,0
2025-04-30 14:15:00,18.14,18.3,18.03,18.18,0
2025-04-30 15:15:00,18.18,18.56,18.17,18.49,0
2025-05-02 09:15:00,18.22,18.52,17.35,17.81,0
2025-05-02 10:15:00,17.81,18.25,17.59,18.02,0
2025-05-02 11:15:00,18.01,18.66,17.95,18.6,0
2025-05-02 12:15:00,18.6,18.86,18.47,18.5,0
2025-05-02 13:15:00,18.5,18.5,18.04,18.23,0
2025-05-02 14:15:00,18.24,18.55,18.15,18.18,0
2025-05-02 15:15:00,18.17,18.34,18.15,18.18,0
2025-05-05 09:15:00,18.26,18.8,18.14,18.57,0
2025-05-05 10:15:00,18.57,18.58,18.37,18.39,0
2025-05-05 11:15:00,18.4,18.45,18.22,18.29,0
2025-05-05 12:15:00,18.29,18.33,18.2,18.3,0
2025-05-05 13:15:00,18.3,18.34,18.08,18.1,0
2025-05-05 14:15:00,18.1,18.4,18.07,18.37,0
2025-05-05 15:15:00,18.38,18.4,18.29,18.29,0
2025-05-06 09:15:00,18.34,18.7,17.99,18.52,0
2025-05-06 10:15:00,18.53,18.56,18.37,18.38,0
2025-05-06 11:15:00,18.38,18.47,18.28,18.28,0
2025-05-06 12:15:00,18.28,18.51,18.26,18.5,0
2025-05-06 13:15:00,18.5,18.57,18.42,18.53,0
2025-05-06 14:15:00,18.53,18.96,18.53,18.95,0
2025-05-06 15:15:00,18.95,19.3,18.93,19.29,0
2025-05-07 09:15:00,19.0,19.73,18.88,19.64,0
2025-05-07 10:15:00,19.65,19.65,18.44,18.46,0
2025-05-07 11:15:00,18.46,18.75,18.37,18.61,0
2025-05-07 12:15:00,18.62,18.93,18.56,18.87,0
2025-05-07 13:15:00,18.88,18.99,18.8,18.98,0
2025-05-07 14:15:00,18.98,19.2,18.97,19.11,0
2025-05-07 15:15:00,19.12,19.12,18.9,19.01,0
2025-05-08 09:15:00,19.06,19.06,18.25,18.26,0
2025-05-08 10:15:00,18.27,18.34,18.15,18.31,0
2025-05-08 11:15:00,18.31,18.53,18.26,18.52,0
2025-05-08 12:15:00,18.52,18.62,18.41,18.61,0
2025-05-08 13:15:00,18.61,20.14,18.59,20.1,0
2025-05-08 14:15:00,20.1,21.48,19.62,20.83,0
2025-05-08 15:15:00,20.84,21.89,20.81,21.86,0
2025-05-09 09:15:00,21.01,22.75,21.0,21.97,0
2025-05-09 10:15:00,21.97,22.17,21.57,21.71,0
2025-05-09 11:15:00,21.71,21.82,21.47,21.51,0
2025-05-09 12:15:00,21.5,21.92,21.46,21.78,0
2025-05-09 13:15:00,21.78,22.09,21.67,21.79,0
2025-05-09 14:15:00,21.79,22.05,21.58,21.75,0
2025-05-09 15:15:00,21.75,21.75,21.2,21.54,0
2025-05-12 09:15:00,21.63,21.63,17.21,17.75,0
2025-05-12 10:15:00,17.75,17.95,17.68,17.91,0
2025-05-12 11:15:00,17.92,18.15,17.91,18.03,0
2025-05-12 12:15:00,18.03,18.47,18.01,18.26,0
2025-05-12 13:15:00,18.26,18.54,18.21,18.36,0
2025-05-12 14:15:00,18.36,18.71,18.34,18.43,0
2025-05-12 15:15:00,18.45,18.47,18.15,18.47,0
2025-05-13 09:15:00,18.39,18.9,17.89,18.67,0
2025-05-13 10:15:00,18.67,18.9,18.56,18.65,0
2025-05-13 11:15:00,18.65,18.66,18.42,18.45,0
2025-05-13 12:15:00,18.47,18.63,18.3,18.53,0
2025-05-13 13:15:00,18.52,18.63,18.36,18.47,0
2025-05-13 14:15:00,18.47,18.49,18.12,18.25,0
2025-05-13 15:15:00,18.25,18.29,18.08,18.16,0
2025-05-14 09:15:00,18.2,19.24,17.37,17.38,0
2025-05-14 10:15:00,17.38,17.45,17.26,17.42,0
2025-05-14 11:15:00,17.42,17.45,17.17,17.24,0
2025-05-14 12:15:00,17.21,17.55,17.19,17.4,0
2025-05-14 13:15:00,17.39,17.43,17.18,17.29,0
2025-05-14 14:15:00,17.28,17.43,17.08,17.3,0
2025-05-14 15:15:00,17.29,17.36,17.15,17.19,0
2025-05-15 09:15:00,17.23,17.5,17.19,17.38,0
2025-05-15 10:15:00,17.38,17.47,17.01,17.33,0
2025-05-15 11:15:00,17.33,17.45,17.23,17.39,0
2025-05-15 12:15:00,17.4,17.51,17.17,17.34,0
2025-05-15 13:15:00,17.34,17.67,17.24,17.47,0
2025-05-15 14:15:00,17.47,17.52,16.8,16.81,0
2025-05-15 15:15:00,16.81,16.92,16.72,16.74,0
2025-05-16 09:15:00,16.89,17.06,16.22,16.61,0
2025-05-16 10:15:00,16.61,16.75,16.57,16.65,0
2025-05-16 11:15:00,16.65,16.68,16.51,16.57,0
2025-05-16 12:15:00,16.56,16.62,16.44,16.47,0
2025-05-16 13:15:00,16.47,16.55,16.39,16.52,0
2025-05-16 14:15:00,16.52,16.58,16.43,16.56,0
2025-05-16 15:15:00,16.56,16.62,16.5,16.51,0
2025-05-19 09:15:00,16.55,17.36,15.83,17.15,0
2025-05-19 10:15:00,17.13,17.19,17.08,17.18,0
2025-05-19 11:15:00,17.18,17.37,17.12,17.29,0
2025-05-19 12:15:00,17.29,17.39,16.93,17.13,0
2025-05-19 13:15:00,17.11,17.42,17.06,17.35,0
2025-05-19 14:15:00,17.35,17.45,17.25,17.44,0
2025-05-19 15:15:00,17.44,17.45,17.24,17.24,0
2025-05-20 09:15:00,17.36,17.46,15.97,17.22,0
2025-05-20 10:15:00,17.21,17.41,16.85,17.37,0
2025-05-20 11:15:00,17.37,17.45,16.94,17.17,0
2025-05-20 12:15:00,17.17,17.55,16.96,17.33,0
2025-05-20 13:15:00,17.34,17.66,17.19,17.26,0
2025-05-20 14:15:00,17.26,17.61,17.18,17.43,0
2025-05-20 15:15:00,17.43,17.45,17.15,17.42,0
2025-05-21 09:15:00,17.39,17.84,17.04,17.68,0
2025-05-21 10:15:00,17.68,17.78,17.5,17.6,0
2025-05-21 11:15:00,17.6,17.88,17.38,17.79,0
2025-05-21 12:15:00,17.79,18.0,17.54,17.79,0
2025-05-21 13:15:00,17.79,18.0,17.55,17.78,0
2025-05-21 14:15:00,17.79,18.0,17.51,17.57,0
2025-05-21 15:15:00,17.57,17.6,17.44,17.51,0
2025-05-22 09:15:00,17.55,18.2,16.71,17.52,0
2025-05-22 10:15:00,17.52,17.63,17.4,17.55,0
2025-05-22 11:15:00,17.56,17.79,17.49,17.59,0
2025-05-22 12:15:00,17.58,17.8,17.58,17.62,0
2025-05-22 13:15:00,17.63,17.65,17.44,17.49,0
2025-05-22 14:15:00,17.49,17.7,17.21,17.26,0
2025-05-22 15:15:00,17.27,17.3,17.09,17.19,0
2025-05-23 09:15:00,17.26,17.31,15.49,17.16,0
2025-05-23 10:15:00,17.17,17.43,16.95,17.39,0
2025-05-23 11:15:00,17.4,17.49,17.3,17.4,0
2025-05-23 12:15:00,17.41,17.51,17.34,17.5,0
2025-05-23 13:15:00,17.49,17.52,17.24,17.28,0
2025-05-23 14:15:00,17.28,17.42,17.21,17.27,0
2025-05-23 15:15:00,17.28,17.37,17.15,17.16,0
2025-05-26 09:15:00,17.28,18.07,16.06,17.97,0
2025-05-26 10:15:00,17.98,18.41,17.93,18.27,0
2025-05-26 11:15:00,18.25,18.39,18.06,18.2,0
2025-05-26 12:15:00,18.2,18.32,18.05,18.19,0
2025-05-26 13:15:00,18.19,18.23,18.07,18.22,0
2025-05-26 14:15:00,18.21,18.25,17.9,18.05,0
2025-05-26 15:15:00,18.05,18.1,18.0,18.08,0
2025-05-27 09:15:00,18.02,19.0,17.42,18.72,0
2025-05-27 10:15:00,18.73,19.06,18.06,18.53,0
2025-05-27 11:15:00,18.53,18.82,18.44,18.64,0
2025-05-27 12:15:00,18.63,19.01,18.6,18.77,0
2025-05-27 13:15:00,18.77,18.99,18.5,18.95,0
2025-05-27 14:15:00,18.94,19.19,18.48,18.53,0
2025-05-27 15:15:00,18.53,18.55,18.42,18.46,0
2025-05-28 09:15:00,18.54,19.04,17.91,18.64,0
2025-05-28 10:15:00,18.65,18.75,18.47,18.63,0
2025-05-28 11:15:00,18.65,18.65,18.24,18.25,0
2025-05-28 12:15:00,18.25,18.45,18.22,18.34,0
2025-05-28 13:15:00,18.34,18.36,18.0,18.03,0
2025-05-28 14:15:00,18.03,18.11,17.88,17.99,0
2025-05-28 15:15:00,17.99,18.03,17.88,18.0,0
2025-05-29 09:15:00,18.02,18.02,16.82,16.98,0
2025-05-29 10:15:00,16.97,17.21,16.83,16.88,0
2025-05-29 11:15:00,16.88,16.89,16.62,16.76,0
2025-05-29 12:15:00,16.76,16.97,16.52,16.78,0
2025-05-29 13:15:00,16.78,16.89,16.57,16.8,0
2025-05-29 14:15:00,16.8,16.83,16.28,16.35,0
2025-05-29 15:15:00,16.35,16.48,16.21,16.27,0
2025-05-30 09:15:00,16.42,16.55,15.29,16.17,0
2025-05-30 10:15:00,16.17,16.4,16.09,16.18,0
2025-05-30 11:15:00,16.18,16.19,15.95,16.04,0
2025-05-30 12:15:00,16.04,16.43,16.01,16.4,0
2025-05-30 13:15:00,16.4,16.48,16.2,16.42,0
2025-05-30 14:15:00,16.44,16.44,15.99,16.08,0
2025-05-30 15:15:00,16.08,16.22,16.01,16.22,0
2025-06-02 09:15:00,16.08,17.73,16.08,16.75,0
2025-06-02 10:15:00,16.76,17.11,16.73,17.0,0
2025-06-02 11:15:00,17.0,17.27,16.97,17.18,0
2025-06-02 12:15:00,17.18,17.28,17.01,17.05,0
2025-06-02 13:15:00,17.05,17.15,16.89,17.13,0
2025-06-02 14:15:00,17.13,17.27,16.95,17.2,0
2025-06-02 15:15:00,17.21,17.24,17.01,17.15,0
2025-06-03 09:15:00,17.16,17.57,16.42,17.21,0
2025-06-03 10:15:00,17.21,17.36,16.98,17.19,0
2025-06-03 11:15:00,17.21,17.46,17.09,17.46,0
2025-06-03 12:15:00,17.46,17.73,17.28,17.51,0
2025-06-03 13:15:00,17.51,17.59,16.26,16.38,0
2025-06-03 14:15:00,16.38,16.69,16.32,16.61,0
2025-06-03 15:15:00,16.61,16.7,16.5,16.69,0
2025-06-04 09:15:00,16.56,17.06,15.83,15.97,0
2025-06-04 10:15:00,15.97,15.98,15.79,15.82,0
2025-06-04 11:15:00,15.82,15.86,15.71,15.76,0
2025-06-04 12:15:00,15.76,15.79,15.63,15.76,0
2025-06-04 13:15:00,15.76,15.8,15.63,15.72,0
2025-06-04 14:15:00,15.72,15.79,15.66,15.73,0
2025-06-04 15:15:00,15.74,15.78,15.68,15.68,0
2025-06-05 09:15:00,15.75,15.93,15.14,15.15,0
2025-06-05 10:15:00,15.16,15.2,14.98,15.11,0
2025-06-05 11:15:00,15.11,15.48,15.09,15.4,0
2025-06-05 12:15:00,15.41,15.47,15.2,15.29,0
2025-06-05 13:15:00,15.29,15.42,15.19,15.25,0
2025-06-05 14:15:00,15.24,15.32,15.08,15.09,0
2025-06-05 15:15:00,15.09,15.12,15.0,15.09,0
2025-06-06 09:15:00,15.08,15.61,14.37,14.78,0
2025-06-06 10:15:00,14.78,15.02,14.68,14.87,0
2025-06-06 11:15:00,14.87,15.12,14.78,15.09,0
2025-06-06 12:15:00,15.1,15.13,14.77,14.85,0
2025-06-06 13:15:00,14.85,14.85,14.59,14.67,0
2025-06-06 14:15:00,14.68,14.77,14.57,14.6,0
2025-06-06 15:15:00,14.6,14.78,14.53,14.73,0
2025-06-09 09:15:00,14.63,15.52,14.63,14.91,0
2025-06-09 10:15:00,14.91,14.94,14.74,14.75,0
2025-06-09 11:15:00,14.76,14.77,14.66,14.67,0
2025-06-09 12:15:00,14.67,14.76,14.67,14.73,0
2025-06-09 13:15:00,14.73,14.76,14.64,14.71,0
2025-06-09 14:15:00,14.72,14.76,14.65,14.69,0
2025-06-09 15:15:00,14.69,14.76,14.67,14.71,0
2025-06-10 09:15:00,14.69,14.74,14.38,14.4,0
2025-06-10 10:15:00,14.4,14.43,14.16,14.17,0
2025-06-10 11:15:00,14.17,14.19,14.07,14.1,0
2025-06-10 12:15:00,14.1,14.12,14.03,14.05,0
2025-06-10 13:15:00,14.06,14.1,14.0,14.05,0
2025-06-10 14:15:00,14.05,14.06,13.99,14.04,0
2025-06-10 15:15:00,14.04,14.06,13.93,13.98,0
2025-06-11 09:15:00,14.02,14.16,13.62,13.66,0
2025-06-11 10:15:00,13.67,13.79,13.56,13.67,0
2025-06-11 11:15:00,13.67,13.91,13.67,13.82,0
2025-06-11 12:15:00,13.82,13.84,13.72,13.75,0
2025-06-11 13:15:00,13.75,13.83,13.67,13.79,0
2025-06-11 14:15:00,13.79,13.81,13.61,13.64,0
2025-06-11 15:15:00,13.64,13.76,13.64,13.72,0
2025-06-12 09:15:00,13.67,13.96,13.13,13.77,0
2025-06-12 10:15:00,13.78,13.86,13.64,13.75,0
2025-06-12 11:15:00,13.75,13.8,13.62,13.71,0
2025-06-12 12:15:00,13.71,13.73,13.54,13.54,0
2025-06-12 13:15:00,13.54,14.27,13.52,14.12,0
2025-06-12 14:15:00,14.12,14.24,13.94,13.99,0
2025-06-12 15:15:00,14.0,14.17,13.97,14.15,0
2025-06-13 09:15:00,14.02,15.98,14.02,15.29,0
2025-06-13 10:15:00,15.29,15.4,15.05,15.19,0
2025-06-13 11:15:00,15.19,15.22,14.92,14.95,0
2025-06-13 12:15:00,14.95,15.16,14.87,14.88,0
2025-06-13 13:15:00,14.88,14.95,14.74,14.84,0
2025-06-13 14:15:00,14.84,15.31,14.83,15.06,0
2025-06-13 15:15:00,15.06,15.15,14.98,15.05,0
2025-06-16 09:15:00,15.08,15.47,14.64,14.65,0
2025-06-16 10:15:00,14.66,14.84,14.55,14.81,0
2025-06-16 11:15:00,14.81,14.82,14.68,14.8,0
2025-06-16 12:15:00,14.8,14.8,14.68,14.73,0
2025-06-16 13:15:00,14.73,14.87,14.71,14.84,0
2025-06-16 14:15:00,14.84,14.87,14.76,14.85,0
2025-06-16 15:15:00,14.85,14.91,14.81,14.86,0
2025-06-17 09:15:00,14.84,15.02,14.57,14.61,0
2025-06-17 10:15:00,14.61,14.63,14.38,14.45,0
2025-06-17 11:15:00,14.45,14.49,14.38,14.47,0
2025-06-17 12:15:00,14.47,14.62,14.39,14.48,0
2025-06-17 13:15:00,14.48,14.52,14.3,14.31,0
2025-06-17 14:15:00,14.31,14.41,14.3,14.41,0
2025-06-17 15:15:00,14.4,14.49,14.39,14.48,0
2025-06-18 09:15:00,14.4,14.82,14.11,14.3,0
2025-06-18 10:15:00,14.3,14.36,14.22,14.23,0
2025-06-18 11:15:00,14.23,14.45,14.21,14.23,0
2025-06-18 12:15:00,14.23,14.38,14.2,14.26,0
2025-06-18 13:15:00,14.26,14.37,14.14,14.3,0
2025-06-18 14:15:00,14.3,14.38,14.19,14.29,0
2025-06-18 15:15:00,14.29,14.32,14.24,14.26,0
2025-06-19 09:15:00,14.28,14.28,13.74,13.76,0
2025-06-19 10:15:00,13.76,13.92,13.74,13.89,0
2025-06-19 11:15:00,13.89,14.04,13.89,14.0,0
2025-06-19 12:15:00,13.99,14.17,13.98,14.13,0
2025-06-19 13:15:00,14.13,14.23,14.05,14.14,0
2025-06-19 14:15:00,14.14,14.33,14.12,14.32,0
2025-06-19 15:15:00,14.33,14.37,14.1,14.19,0
2025-06-20 09:15:00,14.26,14.26,13.41,13.45,0
2025-06-20 10:15:00,13.46,13.85,13.45,13.65,0
2025-06-20 11:15:00,13.64,13.73,13.39,13.51,0
2025-06-20 12:15:00,13.51,13.54,13.32,13.51,0
2025-06-20 13:15:00,13.51,13.73,13.47,13.68,0
2025-06-20 14:15:00,13.68,13.79,13.61,13.71,0
2025-06-20 15:15:00,13.71,13.73,13.57,13.6,0
2025-06-23 09:15:00,13.67,14.52,13.66,14.29,0
2025-06-23 10:15:00,14.29,14.32,14.05,14.19,0
2025-06-23 11:15:00,14.19,14.21,14.04,14.07,0
2025-06-23 12:15:00,14.07,14.1,14.02,14.05,0
2025-06-23 13:15:00,14.05,14.17,14.03,14.1,0
2025-06-23 14:15:00,14.1,14.14,14.02,14.08,0
2025-06-23 15:15:00,14.08,14.1,13.96,13.97,0
2025-06-24 09:15:00,14.05,14.05,13.31,13.87,0
2025-06-24 10:15:00,13.87,14.05,13.69,13.87,0
2025-06-24 11:15:00,13.88,13.99,13.68,13.72,0
2025-06-24 12:15:00,13.72,14.01,13.59,13.75,0
2025-06-24 13:15:00,13.75,14.34,13.71,14.02,0
2025-06-24 14:15:00,14.01,14.05,13.63,13.7,0
2025-06-24 15:15:00,13.7,13.7,13.41,13.53,0
2025-06-25 09:15:00,13.64,13.64,13.15,13.28,0
2025-06-25 10:15:00,13.28,13.36,13.14,13.2,0
2025-06-25 11:15:00,13.19,13.28,13.1,13.16,0
2025-06-25 12:15:00,13.16,13.24,12.97,13.12,0
2025-06-25 13:15:00,13.12,13.26,13.0,13.1,0
2025-06-25 14:15:00,13.1,13.17,12.92,12.99,0
2025-06-25 15:15:00,12.99,13.02,12.9,12.97,0
2025-06-26 09:15:00,12.96,13.33,12.7,13.17,0
2025-06-26 10:15:00,13.17,13.27,13.04,13.07,0
2025-06-26 11:15:00,13.07,13.22,12.96,13.07,0
2025-06-26 12:15:00,13.06,13.24,12.95,13.11,0
2025-06-26 13:15:00,13.11,13.3,12.91,13.03,0
2025-06-26 14:15:00,13.03,13.1,12.52,12.53,0
2025-06-26 15:15:00,12.53,12.69,12.53,12.58,0
2025-06-27 09:15:00,12.59,12.92,12.54,12.71,0
2025-06-27 10:15:00,12.71,12.73,12.5,12.59,0
2025-06-27 11:15:00,12.58,12.59,12.43,12.46,0
2025-06-27 12:15:00,12.46,12.57,12.4,12.41,0
2025-06-27 13:15:00,12.41,12.48,12.36,12.39,0
2025-06-27 14:15:00,12.4,12.47,12.32,12.4,0
2025-06-27 15:15:00,12.4,12.45,12.35,12.36,0
2025-06-30 09:15:00,12.39,12.96,12.39,12.74,0
2025-06-30 10:15:00,12.75,12.86,12.68,12.79,0
2025-06-30 11:15:00,12.79,12.82,12.63,12.64,0
2025-06-30 12:15:00,12.64,12.92,12.63,12.87,0
2025-06-30 13:15:00,12.87,13.03,12.81,12.87,0
2025-06-30 14:15:00,12.88,12.93,12.72,12.73,0
2025-06-30 15:15:00,12.73,12.83,12.68,12.74,0
2025-07-01 09:15:00,12.79,12.99,12.58,12.63,0
2025-07-01 10:15:00,12.62,12.67,12.5,12.55,0
2025-07-01 11:15:00,12.55,12.57,12.46,12.52,0
2025-07-01 12:15:00,12.52,12.59,12.48,12.53,0
2025-07-01 13:15:00,12.53,12.59,12.44,12.55,0
2025-07-01 14:15:00,12.54,12.58,12.44,12.52,0
2025-07-01 15:15:00,12.52,12.57,12.46,12.48,0
2025-07-02 09:15:00,12.53,12.56,12.37,12.46,0
2025-07-02 10:15:00,12.45,12.63,12.45,12.56,0
2025-07-02 11:15:00,12.56,12.6,12.47,12.5,0
2025-07-02 12:15:00,12.5,12.54,12.41,12.54,0
2025-07-02 13:15:00,12.53,12.66,12.5,12.54,0
2025-07-02 14:15:00,12.54,12.63,12.34,12.45,0
2025-07-02 15:15:00,12.45,12.54,12.41,12.47,0
2025-07-03 09:15:00,12.45,12.51,12.19,12.24,0
2025-07-03 10:15:00,12.24,12.34,12.2,12.24,0
2025-07-03 11:15:00,12.24,12.47,12.2,12.24,0
2025-07-03 12:15:00,12.24,12.41,12.24,12.39,0
2025-07-03 13:15:00,12.39,12.48,12.28,12.48,0
2025-07-03 14:15:00,12.46,12.66,12.29,12.38,0
2025-07-03 15:15:00,12.38,12.45,12.35,12.41,0
2025-07-04 09:15:00,12.39,12.7,12.24,12.42,0
2025-07-04 10:15:00,12.41,12.49,12.29,12.3,0
2025-07-04 11:15:00,12.3,12.59,12.28,12.46,0
2025-07-04 12:15:00,12.46,12.51,12.36,12.39,0
2025-07-04 13:15:00,12.39,12.47,12.33,12.4,0
2025-07-04 14:15:00,12.4,12.43,12.26,12.34,0
2025-07-04 15:15:00,12.34,12.39,12.25,12.28,0
2025-07-07 09:15:00,12.32,12.79,11.94,12.57,0
2025-07-07 10:15:00,12.58,12.65,12.53,12.55,0
2025-07-07 11:15:00,12.56,12.62,12.51,12.56,0
2025-07-07 12:15:00,12.58,12.63,12.5,12.53,0
2025-07-07 13:15:00,12.53,12.57,12.47,12.53,0
2025-07-07 14:15:00,12.53,12.58,12.49,12.58,0
2025-07-07 15:15:00,12.58,12.63,12.55,12.63,0
2025-07-08 09:15:00,12.56,12.71,12.33,12.36,0
2025-07-08 10:15:00,12.35,12.38,12.26,12.3,0
2025-07-08 11:15:00,12.31,12.32,12.21,12.23,0
2025-07-08 12:15:00,12.23,12.25,12.1,12.12,0
2025-07-08 13:15:00,12.12,12.15,12.08,12.12,0
2025-07-08 14:15:00,12.11,12.25,12.06,12.22,0
2025-07-08 15:15:00,12.21,12.26,12.15,12.21,0
2025-07-09 09:15:00,12.2,12.36,11.75,11.84,0
2025-07-09 10:15:00,11.84,11.9,11.79,11.88,0
2025-07-09 11:15:00,11.89,11.93,11.81,11.87,0
2025-07-09 12:15:00,11.87,11.95,11.84,11.87,0
2025-07-09 13:15:00,11.87,11.9,11.8,11.82,0
2025-07-09 14:15:00,11.82,12.07,11.78,11.94,0
2025-07-09 15:15:00,11.95,11.98,11.87,11.89,0
2025-07-10 09:15:00,11.94,12.12,11.73,12.07,0
2025-07-10 10:15:00,12.07,12.19,11.96,12.08,0
2025-07-10 11:15:00,12.09,12.18,12.0,12.01,0
2025-07-10 12:15:00,12.01,12.03,11.79,11.86,0
2025-07-10 13:15:00,11.86,11.9,11.7,11.75,0
2025-07-10 14:15:00,11.76,11.78,11.61,11.68,0
2025-07-10 15:15:00,11.68,11.76,11.62,11.65,0
2025-07-11 09:15:00,11.67,12.12,11.54,11.58,0
2025-07-11 10:15:00,11.58,11.95,11.56,11.91,0
2025-07-11 11:15:00,11.91,11.99,11.79,11.87,0
2025-07-11 12:15:00,11.86,11.95,11.78,11.86,0
2025-07-11 13:15:00,11.86,11.92,11.8,11.87,0
2025-07-11 14:15:00,11.87,11.89,11.75,11.84,0
2025-07-11 15:15:00,11.84,11.88,11.82,11.87,0
2025-07-14 09:15:00,11.82,12.42,11.82,12.13,0
2025-07-14 10:15:00,12.12,12.16,12.04,12.1,0
2025-07-14 11:15:00,12.1,12.19,12.06,12.09,0
2025-07-14 12:15:00,12.09,12.18,12.03,12.11,0
2025-07-14 13:15:00,12.11,12.13,12.02,12.04,0
2025-07-14 14:15:00,12.04,12.09,11.92,11.99,0
2025-07-14 15:15:00,11.99,12.03,11.95,11.97,0
2025-07-15 09:15:00,11.98,12.03,11.73,11.8,0
2025-07-15 10:15:00,11.8,11.85,11.67,11.81,0
2025-07-15 11:15:00,11.81,11.81,11.65,11.7,0
2025-07-15 12:15:00,11.71,11.71,11.52,11.57,0
2025-07-15 13:15:00,11.57,11.61,11.52,11.55,0
2025-07-15 14:15:00,11.55,11.6,11.46,11.46,0
2025-07-15 15:15:00,11.46,11.49,11.41,11.44,0
2025-07-16 09:15:00,11.48,11.67,11.39,11.45,0
2025-07-16 10:15:00,11.45,11.51,11.39,11.41,0
2025-07-16 11:15:00,11.41,11.44,11.32,11.35,0
2025-07-16 12:15:00,11.35,11.41,11.3,11.32,0
2025-07-16 13:15:00,11.32,11.36,11.24,11.28,0
2025-07-16 14:15:00,11.28,11.29,11.2,11.24,0
2025-07-16 15:15:00,11.24,11.28,11.2,11.24,0
2025-07-17 09:15:00,11.24,11.38,10.73,11.38,0
2025-07-17 10:15:00,11.38,11.54,11.28,11.3,0
2025-07-17 11:15:00,11.3,11.3,11.14,11.2,0
2025-07-17 12:15:00,11.2,11.25,11.14,11.23,0
2025-07-17 13:15:00,11.23,11.28,11.17,11.25,0
2025-07-17 14:15:00,11.26,11.38,11.18,11.18,0
2025-07-17 15:15:00,11.18,11.3,11.18,11.28,0
2025-07-18 09:15:00,11.24,11.43,9.9,11.41,0
2025-07-18 10:15:00,11.42,11.86,11.42,11.63,0
2025-07-18 11:15:00,11.65,11.69,11.52,11.64,0
2025-07-18 12:15:00,11.64,11.65,11.44,11.47,0
2025-07-18 13:15:00,11.47,11.53,11.37,11.38,0
2025-07-18 14:15:00,11.38,11.45,11.35,11.39,0
2025-07-18 15:15:00,11.39,11.43,11.35,11.4,0
2025-07-21 09:15:00,11.39,11.94,11.39,11.55,0
2025-07-21 10:15:00,11.55,11.6,11.46,11.46,0
2025-07-21 11:15:00,11.46,11.53,11.38,11.4,0
2025-07-21 12:15:00,11.39,11.46,11.34,11.42,0
2025-07-21 13:15:00,11.42,11.47,11.3,11.32,0
2025-07-21 14:15:00,11.32,11.33,11.19,11.2,0
2025-07-21 15:15:00,11.2,11.22,11.09,11.11,0
2025-07-22 09:15:00,11.2,11.23,10.86,11.0,0
2025-07-22 10:15:00,11.0,11.07,10.91,11.05,0
2025-07-22 11:15:00,11.05,11.12,10.95,10.97,0
2025-07-22 12:15:00,10.97,11.0,10.83,10.84,0
2025-07-22 13:15:00,10.84,10.9,10.8,10.81,0
2025-07-22 14:15:00,10.81,10.9,10.71,10.73,0
2025-07-22 15:15:00,10.73,10.78,10.69,10.72,0
2025-07-23 09:15:00,10.75,10.75,10.22,10.57,0
2025-07-23 10:15:00,10.57,10.61,10.48,10.56,0
2025-07-23 11:15:00,10.56,10.62,10.46,10.53,0
2025-07-23 12:15:00,10.5,10.64,10.5,10.6,0
2025-07-23 13:15:00,10.6,10.64,10.56,10.59,0
2025-07-23 14:15:00,10.59,10.67,10.5,10.53,0
2025-07-23 15:15:00,10.53,10.55,10.45,10.49,0
2025-07-24 09:15:00,10.52,10.61,9.87,10.59,0
2025-07-24 10:15:00,10.6,10.67,10.53,10.63,0
2025-07-24 11:15:00,10.65,11.11,10.62,10.89,0
2025-07-24 12:15:00,10.89,11.0,10.75,10.87,0
2025-07-24 13:15:00,10.87,10.91,10.72,10.75,0
2025-07-24 14:15:00,10.75,10.88,10.67,10.75,0
2025-07-24 15:15:00,10.76,10.78,10.68,10.73,0
2025-07-25 09:15:00,10.72,11.32,10.61,11.19,0
2025-07-25 10:15:00,11.18,11.46,11.18,11.38,0
2025-07-25 11:15:00,11.38,11.53,11.2,11.41,0
2025-07-25 12:15:00,11.41,11.58,11.34,11.4,0
2025-07-25 13:15:00,11.4,11.44,11.21,11.32,0
2025-07-25 14:15:00,11.32,11.39,11.22,11.29,0
2025-07-25 15:15:00,11.29,11.35,11.25,11.29,0
2025-07-28 09:15:00,11.28,12.1,10.33,11.68,0
2025-07-28 10:15:00,11.67,11.81,11.52,11.61,0
2025-07-28 11:15:00,11.61,11.76,11.57,11.7,0
2025-07-28 12:15:00,11.7,12.02,11.64,11.9,0
2025-07-28 13:15:00,11.9,12.23,11.88,12.13,0
2025-07-28 14:15:00,12.13,12.19,11.93,12.1,0
2025-07-28 15:15:00,12.1,12.13,12.0,12.07,0
2025-07-29 09:15:00,12.06,12.3,11.97,12.11,0
2025-07-29 10:15:00,12.11,12.3,12.08,12.19,0
2025-07-29 11:15:00,12.19,12.21,11.99,12.03,0
2025-07-29 12:15:00,12.03,12.06,11.83,11.84,0
2025-07-29 13:15:00,11.84,11.9,11.66,11.7,0
2025-07-29 14:15:00,11.7,11.81,11.5,11.57,0
2025-07-29 15:15:00,11.57,11.59,11.4,11.44,0
2025-07-30 09:15:00,11.53,11.78,10.61,11.4,0
2025-07-30 10:15:00,11.4,11.53,11.27,11.29,0
2025-07-30 11:15:00,11.3,11.36,11.24,11.31,0
2025-07-30 12:15:00,11.32,11.35,11.25,11.27,0
2025-07-30 13:15:00,11.26,11.36,11.22,11.22,0
2025-07-30 14:15:00,11.23,11.33,11.16,11.2,0
2025-07-30 15:15:00,11.2,11.26,11.16,11.25,0
2025-07-31 09:15:00,11.21,12.12,11.21,11.93,0
2025-07-31 10:15:00,11.93,11.96,11.69,11.75,0
2025-07-31 11:15:00,11.75,11.91,11.69,11.82,0
2025-07-31 12:15:00,11.82,11.85,11.66,11.72,0
2025-07-31 13:15:00,11.7,11.76,11.58,11.6,0
2025-07-31 14:15:00,11.61,11.79,11.47,11.58,0
2025-07-31 15:15:00,11.57,11.61,11.48,11.49,0
2025-08-01 09:15:00,11.54,11.87,11.4,11.53,0
2025-08-01 10:15:00,11.53,11.71,11.49,11.68,0
2025-08-01 11:15:00,11.68,11.91,11.57,11.83,0
2025-08-01 12:15:00,11.83,11.96,11.56,11.91,0
2025-08-01 13:15:00,11.9,11.95,11.75,11.79,0
2025-08-01 14:15:00,11.79,12.08,11.75,12.03,0
2025-08-01 15:15:00,12.03,12.11,11.94,12.03,0
2025-08-04 09:15:00,11.98,12.63,11.98,12.44,0
2025-08-04 10:15:00,12.44,12.5,12.26,12.37,0
2025-08-04 11:15:00,12.34,12.39,12.12,12.15,0
2025-08-04 12:15:00,12.16,12.18,12.04,12.13,0
2025-08-04 13:15:00,12.13,12.16,12.01,12.07,0
2025-08-04 14:15:00,12.07,12.08,11.93,11.97,0
2025-08-04 15:15:00,11.97,11.99,11.8,11.83,0
2025-08-05 09:15:00,11.97,12.18,11.79,12.15,0
2025-08-05 10:15:00,12.15,12.17,11.96,11.98,0
2025-08-05 11:15:00,11.98,12.01,11.81,11.83,0
2025-08-05 12:15:00,11.83,11.87,11.75,11.82,0
2025-08-05 13:15:00,11.83,11.98,11.8,11.85,0
2025-08-05 14:15:00,11.85,11.86,11.66,11.71,0
2025-08-05 15:15:00,11.71,11.72,11.64,11.66,0
2025-08-06 09:15:00,11.71,11.99,10.66,11.86,0
2025-08-06 10:15:00,11.86,12.0,11.75,11.96,0
2025-08-06 11:15:00,11.96,11.99,11.82,11.82,0
2025-08-06 12:15:00,11.82,11.84,11.71,11.75,0
2025-08-06 13:15:00,11.75,11.83,11.72,11.81,0
2025-08-06 14:15:00,11.81,11.95,11.77,11.95,0
2025-08-06 15:15:00,11.95,12.05,11.95,12.01,0
2025-08-07 09:15:00,11.96,12.16,11.69,11.94,0
2025-08-07 10:15:00,11.94,12.22,11.84,12.17,0
2025-08-07 11:15:00,12.17,12.2,11.93,11.96,0
2025-08-07 12:15:00,11.96,12.14,11.91,12.11,0
2025-08-07 13:15:00,12.11,12.31,11.94,11.98,0
2025-08-07 14:15:00,11.98,12.0,11.68,11.71,0
2025-08-07 15:15:00,11.72,11.73,11.56,11.57,0
2025-08-08 09:15:00,11.69,12.09,10.9,11.95,0
2025-08-08 10:15:00,11.95,12.02,11.78,11.9,0
2025-08-08 11:15:00,11.9,12.08,11.82,11.92,0
2025-08-08 12:15:00,11.92,11.97,11.7,11.87,0
2025-08-08 13:15:00,11.87,11.94,11.76,11.86,0
2025-08-08 14:15:00,11.86,12.2,11.8,12.14,0
2025-08-08 15:15:00,12.14,12.17,12.02,12.12,0
2025-08-11 09:15:00,12.03,12.73,12.03,12.55,0
2025-08-11 10:15:00,12.54,12.57,12.43,12.48,0
2025-08-11 11:15:00,12.48,12.53,12.36,12.38,0
2025-08-11 12:15:00,12.38,12.44,12.24,12.29,0
2025-08-11 13:15:00,12.3,12.37,12.18,12.21,0
2025-08-11 14:15:00,12.21,12.33,12.14,12.16,0
2025-08-11 15:15:00,12.16,12.26,12.16,12.22,0
2025-08-12 09:15:00,12.22,12.3,11.6,12.19,0
2025-08-12 10:15:00,12.18,12.42,12.18,12.4,0
2025-08-12 11:15:00,12.4,12.41,12.25,12.33,0
2025-08-12 12:15:00,12.33,12.35,12.18,12.22,0
2025-08-12 13:15:00,12.22,12.29,12.12,12.23,0
2025-08-12 14:15:00,12.23,12.36,12.22,12.23,0
2025-08-12 15:15:00,12.23,12.25,12.18,12.22,0
2025-08-13 09:15:00,12.23,12.35,10.78,12.17,0
2025-08-13 10:15:00,12.17,12.33,12.13,12.19,0
2025-08-13 11:15:00,12.19,12.25,12.15,12.19,0
2025-08-13 12:15:00,12.19,12.26,12.13,12.22,0
2025-08-13 13:15:00,12.22,12.27,12.11,12.14,0
2025-08-13 14:15:00,12.15,12.22,12.09,12.13,0
2025-08-13 15:15:00,12.14,12.17,12.08,12.08,0
2025-08-14 09:15:00,12.14,12.45,11.47,12.39,0
2025-08-14 10:15:00,12.39,12.42,12.25,12.38,0
2025-08-14 11:15:00,12.38,12.41,12.3,12.35,0
2025-08-14 12:15:00,12.36,12.38,12.24,12.31,0
2025-08-14 13:15:00,12.31,12.41,12.29,12.34,0
2025-08-14 14:15:00,12.34,12.47,12.26,12.35,0
2025-08-14 15:15:00,12.35,12.39,12.31,12.33,0
2025-08-18 09:15:00,12.36,13.47,11.75,12.79,0
2025-08-18 10:15:00,12.79,12.84,12.56,12.6,0
2025-08-18 11:15:00,12.6,12.66,12.51,12.61,0
2025-08-18 12:15:00,12.6,12.67,12.45,12.5,0
2025-08-18 13:15:00,12.5,12.59,12.43,12.48,0
2025-08-18 14:15:00,12.48,12.51,12.31,12.33,0
2025-08-18 15:15:00,12.33,12.39,12.28,12.29,0
2025-08-19 09:15:00,12.34,12.34,11.9,12.0,0
2025-08-19 10:15:00,12.0,12.02,11.9,11.93,0
2025-08-19 11:15:00,11.93,11.94,11.86,11.86,0
2025-08-19 12:15:00,11.87,12.06,11.86,12.03,0
2025-08-19 13:15:00,12.03,12.05,11.9,11.96,0
2025-08-19 14:15:00,11.96,11.99,11.77,11.78,0
2025-08-19 15:15:00,11.78,11.81,11.76,11.79,0
2025-08-20 09:15:00,11.79,11.99,10.19,11.89,0
2025-08-20 10:15:00,11.88,11.96,11.85,11.91,0
2025-08-20 11:15:00,11.91,11.95,11.85,11.92,0
2025-08-20 12:15:00,11.92,11.95,11.86,11.87,0
2025-08-20 13:15:00,11.87,11.9,11.81,11.82,0
2025-08-20 14:15:00,11.82,11.83,11.74,11.81,0
2025-08-20 15:15:00,11.81,11.84,11.77,11.81,0
2025-08-21 09:15:00,11.79,11.89,10.09,11.65,0
2025-08-21 10:15:00,11.65,11.7,11.61,11.63,0
2025-08-21 11:15:00,11.63,11.66,11.54,11.59,0
2025-08-21 12:15:00,11.59,11.61,11.53,11.55,0
2025-08-21 13:15:00,11.56,11.58,11.44,11.48,0
2025-08-21 14:15:00,11.48,11.53,11.32,11.34,0
2025-08-21 15:15:00,11.34,11.4,11.34,11.4,0
2025-08-22 09:15:00,11.37,11.68,10.7,11.54,0
2025-08-22 10:15:00,11.55,11.65,11.51,11.6,0
2025-08-22 11:15:00,11.6,11.62,11.5,11.6,0
2025-08-22 12:15:00,11.6,11.63,11.52,11.59,0
2025-08-22 13:15:00,11.59,11.62,11.47,11.59,0
2025-08-22 14:15:00,11.59,11.79,11.58,11.7,0
2025-08-22 15:15:00,11.71,11.75,11.7,11.72,0
2025-08-25 09:15:00,11.73,12.35,11.55,12.21,0
2025-08-25 10:15:00,12.22,12.28,12.03,12.1,0
2025-08-25 11:15:00,12.1,12.13,11.97,12.05,0
2025-08-25 12:15:00,12.06,12.08,11.92,11.98,0
2025-08-25 13:15:00,11.98,12.03,11.93,11.95,0
2025-08-25 14:15:00,11.95,12.0,11.74,11.74,0
2025-08-25 15:15:00,11.74,11.78,11.63,11.71,0
2025-08-26 09:15:00,11.76,12.53,10.93,12.38,0
2025-08-26 10:15:00,12.38,12.47,12.2,12.27,0
2025-08-26 11:15:00,12.28,12.32,11.95,12.08,0
2025-08-26 12:15:00,12.09,12.21,11.87,11.96,0
2025-08-26 13:15:00,11.96,12.27,11.84,12.22,0
2025-08-26 14:15:00,12.22,12.55,12.05,12.21,0
2025-08-26 15:15:00,12.22,12.28,12.06,12.16,0
2025-08-28 09:15:00,12.19,13.15,11.58,12.68,0
2025-08-28 10:15:00,12.68,12.89,12.12,12.2,0
2025-08-28 11:15:00,12.21,12.34,12.17,12.25,0
2025-08-28 12:15:00,12.25,12.48,12.18,12.31,0
2025-08-28 13:15:00,12.3,12.38,12.11,12.18,0
2025-08-28 14:15:00,12.17,12.37,12.04,12.18,0
2025-08-28 15:15:00,12.18,12.27,12.01,12.15,0
2025-08-29 09:15:00,12.18,12.2,11.76,12.02,0
2025-08-29 10:15:00,12.03,12.03,11.72,11.75,0
2025-08-29 11:15:00,11.76,11.81,11.66,11.72,0
2025-08-29 12:15:00,11.72,11.77,11.61,11.71,0
2025-08-29 13:15:00,11.71,11.8,11.59,11.73,0
2025-08-29 14:15:00,11.72,11.87,11.6,11.84,0
2025-08-29 15:15:00,11.84,11.85,11.61,11.63,0
2025-09-01 09:15:00,11.75,12.2,11.38,11.6,0
2025-09-01 10:15:00,11.6,11.66,11.48,11.52,0
2025-09-01 11:15:00,11.52,11.54,11.46,11.47,0
2025-09-01 12:15:00,11.48,11.55,11.36,11.38,0
2025-09-01 13:15:00,11.39,11.41,11.25,11.29,0
2025-09-01 14:15:00,11.29,11.36,11.24,11.28,0
2025-09-01 15:15:00,11.28,11.35,11.24,11.32,0
2025-09-02 09:15:00,11.29,11.29,10.78,11.22,0
2025-09-02 10:15:00,11.22,11.26,11.1,11.15,0
2025-09-02 11:15:00,11.15,11.21,11.1,11.14,0
2025-09-02 12:15:00,11.14,11.27,11.11,11.26,0
2025-09-02 13:15:00,11.26,11.78,11.2,11.68,0
2025-09-02 14:15:00,11.68,11.71,11.31,11.34,0
2025-09-02 15:15:00,11.35,11.46,11.32,11.38,0
2025-09-03 09:15:00,11.4,11.58,10.85,11.09,0
2025-09-03 10:15:00,11.1,11.25,11.06,11.11,0
2025-09-03 11:15:00,11.11,11.16,10.98,11.02,0
2025-09-03 12:15:00,11.02,11.07,10.92,10.99,0
2025-09-03 13:15:00,10.99,11.04,10.92,10.97,0
2025-09-03 14:15:00,10.97,11.03,10.87,10.92,0
2025-09-03 15:15:00,10.93,11.0,10.9,10.94,0
2025-09-04 09:15:00,10.93,11.13,10.49,11.03,0
2025-09-04 10:15:00,11.03,11.14,10.9,11.04,0
2025-09-04 11:15:00,11.04,11.24,11.03,11.05,0
2025-09-04 12:15:00,11.06,11.17,10.95,10.97,0
2025-09-04 13:15:00,10.97,11.11,10.92,11.06,0
2025-09-04 14:15:00,11.05,11.19,10.84,10.84,0
2025-09-04 15:15:00,10.84,10.94,10.76,10.8,0
2025-09-05 09:15:00,10.85,11.29,9.95,11.24,0
2025-09-05 10:15:00,11.22,11.44,10.94,11.03,0
2025-09-05 11:15:00,11.02,11.19,10.97,11.09,0
2025-09-05 12:15:00,11.09,11.23,10.94,10.96,0
2025-09-05 13:15:00,10.96,11.0,10.73,10.81,0
2025-09-05 14:15:00,10.83,10.89,10.74,10.76,0
2025-09-05 15:15:00,10.76,10.83,10.72,10.74,0
2025-09-08 09:15:00,10.78,11.08,10.42,10.9,0
2025-09-08 10:15:00,10.89,11.01,10.84,10.89,0
2025-09-08 11:15:00,10.88,10.94,10.82,10.83,0
2025-09-08 12:15:00,10.84,10.87,10.71,10.72,0
2025-09-08 13:15:00,10.72,10.8,10.7,10.77,0
2025-09-08 14:15:00,10.77,10.95,10.66,10.83,0
2025-09-08 15:15:00,10.83,10.86,10.75,10.79,0
2025-09-09 09:15:00,10.84,11.45,9.85,10.95,0
2025-09-09 10:15:00,10.95,11.05,10.9,11.0,0
2025-09-09 11:15:00,10.99,11.04,10.9,10.93,0
2025-09-09 12:15:00,10.93,11.03,10.87,11.0,0
2025-09-09 13:15:00,11.0,11.04,10.92,10.99,0
2025-09-09 14:15:00,10.99,11.02,10.62,10.76,0
2025-09-09 15:15:00,10.75,10.76,10.62,10.64,0
2025-09-10 09:15:00,10.69,10.78,10.25,10.72,0
2025-09-10 10:15:00,10.72,10.84,10.7,10.75,0
2025-09-10 11:15:00,10.75,10.76,10.64,10.66,0
2025-09-10 12:15:00,10.66,10.71,10.62,10.64,0
2025-09-10 13:15:00,10.64,10.66,10.54,10.6,0
2025-09-10 14:15:00,10.6,10.64,10.47,10.54,0
2025-09-10 15:15:00,10.54,10.62,10.52,10.6,0
2025-09-11 09:15:00,10.54,10.78,10.31,10.61,0
2025-09-11 10:15:00,10.61,10.62,10.51,10.52,0
2025-09-11 11:15:00,10.52,10.54,10.45,10.51,0
2025-09-11 12:15:00,10.51,10.58,10.5,10.56,0
2025-09-11 13:15:00,10.56,10.58,10.36,10.41,0
2025-09-11 14:15:00,10.41,10.44,10.32,10.39,0
2025-09-11 15:15:00,10.39,10.42,10.18,10.23,0
2025-09-12 09:15:00,10.36,10.36,9.85,10.13,0
2025-09-12 10:15:00,10.13,10.2,10.06,10.19,0
2025-09-12 11:15:00,10.2,10.28,10.11,10.25,0
2025-09-12 12:15:00,10.25,10.27,10.13,10.15,0
2025-09-12 13:15:00,10.14,10.2,10.08,10.1,0
2025-09-12 14:15:00,10.1,10.2,10.07,10.12,0
2025-09-12 15:15:00,10.12,10.17,10.09,10.16,0
2025-09-15 09:15:00,10.12,10.68,9.9,10.5,0
2025-09-15 10:15:00,10.5,10.55,10.41,10.44,0
2025-09-15 11:15:00,10.44,10.45,10.36,10.38,0
2025-09-15 12:15:00,10.38,10.4,10.3,10.31,0
2025-09-15 13:15:00,10.31,10.38,10.28,10.35,0
2025-09-15 14:15:00,10.35,10.44,10.27,10.44,0
2025-09-15 15:15:00,10.44,10.46,10.38,10.41,0
2025-09-16 09:15:00,10.4,10.47,9.76,10.44,0
2025-09-16 10:15:00,10.44,10.5,10.38,10.4,0
2025-09-16 11:15:00,10.4,10.42,10.35,10.37,0
2025-09-16 12:15:00,10.37,10.46,10.34,10.39,0
2025-09-16 13:15:00,10.39,10.45,10.33,10.36,0
2025-09-16 14:15:00,10.35,10.36,10.23,10.31,0
2025-09-16 15:15:00,10.31,10.32,10.22,10.3,0
2025-09-17 09:15:00,10.27,10.36,9.62,10.17,0
2025-09-17 10:15:00,10.17,10.24,10.17,10.2,0
2025-09-17 11:15:00,10.2,10.24,10.18,10.21,0
2025-09-17 12:15:00,10.21,10.22,10.16,10.19,0
2025-09-17 13:15:00,10.19,10.21,10.14,10.2,0
2025-09-17 14:15:00,10.2,10.29,10.19,10.26,0
2025-09-17 15:15:00,10.26,10.29,10.14,10.2,0
2025-09-18 09:15:00,10.25,10.25,9.49,10.07,0
2025-09-18 10:15:00,10.07,10.08,9.95,9.95,0
2025-09-18 11:15:00,9.96,10.0,9.95,9.95,0
2025-09-18 12:15:00,9.95,10.12,9.94,10.09,0
2025-09-18 13:15:00,10.09,10.12,10.01,10.04,0
2025-09-18 14:15:00,10.04,10.1,9.86,9.88,0
2025-09-18 15:15:00,9.89,9.9,9.83,9.88,0
2025-09-19 09:15:00,9.89,10.24,9.4,10.14,0
2025-09-19 10:15:00,10.15,10.21,10.09,10.14,0
2025-09-19 11:15:00,10.14,10.26,10.08,10.13,0
2025-09-19 12:15:00,10.13,10.18,10.0,10.0,0
2025-09-19 13:15:00,10.0,10.05,9.93,9.97,0
2025-09-19 14:15:00,9.97,10.06,9.91,9.94,0
2025-09-19 15:15:00,9.94,9.99,9.89,9.93,0
2025-09-22 09:15:00,9.97,10.54,9.97,10.47,0
2025-09-22 10:15:00,10.47,10.51,10.41,10.44,0
2025-09-22 11:15:00,10.44,10.51,10.34,10.37,0
2025-09-22 12:15:00,10.37,10.42,10.33,10.4,0
2025-09-22 13:15:00,10.4,10.49,10.34,10.37,0
2025-09-22 14:15:00,10.35,10.73,10.34,10.61,0
2025-09-22 15:15:00,10.62,10.65,10.49,10.55,0
2025-09-23 09:15:00,10.56,10.77,9.96,10.7,0
2025-09-23 10:15:00,10.72,10.9,10.69,10.86,0
2025-09-23 11:15:00,10.86,10.9,10.76,10.82,0
2025-09-23 12:15:00,10.81,10.82,10.57,10.72,0
2025-09-23 13:15:00,10.72,10.79,10.56,10.7,0
2025-09-23 14:15:00,10.7,10.75,10.58,10.63,0
2025-09-23 15:15:00,10.63,10.67,10.57,10.57,0
2025-09-24 09:15:00,10.63,10.89,10.11,10.62,0
2025-09-24 10:15:00,10.62,10.86,10.54,10.71,0
2025-09-24 11:15:00,10.71,10.74,10.6,10.65,0
2025-09-24 12:15:00,10.64,10.65,10.45,10.49,0
2025-09-24 13:15:00,10.49,10.59,10.46,10.59,0
2025-09-24 14:15:00,10.59,10.6,10.45,10.55,0
2025-09-24 15:15:00,10.55,10.59,10.46,10.49,0
2025-09-25 09:15:00,10.52,10.64,10.29,10.57,0
2025-09-25 10:15:00,10.57,10.72,10.53,10.59,0
2025-09-25 11:15:00,10.59,10.81,10.51,10.76,0
2025-09-25 12:15:00,10.77,10.85,10.6,10.65,0
2025-09-25 13:15:00,10.65,10.79,10.58,10.76,0
2025-09-25 14:15:00,10.76,10.9,10.71,10.77,0
2025-09-25 15:15:00,10.76,10.8,10.69,10.7,0
2025-09-26 09:15:00,10.78,11.14,10.17,10.99,0
2025-09-26 10:15:00,10.98,11.02,10.87,10.98,0
2025-09-26 11:15:00,11.0,11.02,10.87,10.96,0
2025-09-26 12:15:00,10.96,11.0,10.9,10.92,0
2025-09-26 13:15:00,10.92,11.64,10.9,11.47,0
2025-09-26 14:15:00,11.48,11.68,11.38,11.41,0
2025-09-26 15:15:00,11.42,11.46,11.27,11.35,0
2025-09-29 09:15:00,11.43,11.72,10.62,11.28,0
2025-09-29 10:15:00,11.28,11.32,11.15,11.24,0
2025-09-29 11:15:00,11.24,11.62,11.23,11.56,0
2025-09-29 12:15:00,11.56,11.73,11.39,11.42,0
2025-09-29 13:15:00,11.42,11.49,11.27,11.35,0
2025-09-29 14:15:00,11.35,11.59,11.31,11.31,0
2025-09-29 15:15:00,11.31,11.33,11.17,11.23,0
2025-09-30 09:15:00,11.37,11.64,11.0,11.63,0
2025-09-30 10:15:00,11.63,11.79,11.55,11.6,0
2025-09-30 11:15:00,11.6,11.66,11.47,11.58,0
2025-09-30 12:15:00,11.58,11.59,11.39,11.42,0
2025-09-30 13:15:00,11.41,11.61,11.39,11.51,0
2025-09-30 14:15:00,11.51,11.63,11.02,11.03,0
2025-09-30 15:15:00,11.02,11.07,10.93,11.0,0
2025-10-01 09:15:00,11.07,11.26,10.74,10.85,0
2025-10-01 10:15:00,10.84,10.84,10.65,10.69,0
2025-10-01 11:15:00,10.69,10.83,10.63,10.75,0
2025-10-01 12:15:00,10.75,10.77,10.63,10.69,0
2025-10-01 13:15:00,10.69,10.7,10.57,10.61,0
2025-10-01 14:15:00,10.61,10.64,10.29,10.31,0
2025-10-01 15:15:00,10.31,10.33,10.15,10.22,0
2025-10-03 09:15:00,10.29,10.62,10.29,10.43,0
2025-10-03 10:15:00,10.41,10.48,10.34,10.35,0
2025-10-03 11:15:00,10.35,10.38,10.24,10.25,0
2025-10-03 12:15:00,10.25,10.32,10.21,10.23,0
2025-10-03 13:15:00,10.23,10.26,10.17,10.22,0
2025-10-03 14:15:00,10.22,10.23,10.06,10.1,0
2025-10-03 15:15:00,10.1,10.1,9.95,10.05,0
2025-10-06 09:15:00,10.06,10.54,9.66,10.33,0
2025-10-06 10:15:00,10.32,10.34,10.24,10.3,0
2025-10-06 11:15:00,10.3,10.41,10.25,10.36,0
2025-10-06 12:15:00,10.36,10.46,10.3,10.45,0
2025-10-06 13:15:00,10.45,10.47,10.32,10.39,0
2025-10-06 14:15:00,10.39,10.41,10.16,10.21,0
2025-10-06 15:15:00,10.21,10.26,10.12,10.22,0
2025-10-07 09:15:00,10.19,10.45,10.19,10.43,0
2025-10-07 10:15:00,10.43,10.44,10.22,10.3,0
2025-10-07 11:15:00,10.3,10.4,10.23,10.28,0
2025-10-07 12:15:00,10.28,10.32,10.15,10.16,0
2025-10-07 13:15:00,10.16,10.2,10.1,10.13,0
2025-10-07 14:15:00,10.13,10.18,10.0,10.11,0
2025-10-07 15:15:00,10.11,10.12,10.01,10.02,0
2025-10-08 09:15:00,10.05,10.27,9.69,10.15,0
2025-10-08 10:15:00,10.15,10.38,10.08,10.38,0
2025-10-08 11:15:00,10.38,10.5,10.34,10.4,0
2025-10-08 12:15:00,10.4,10.52,10.29,10.33,0
2025-10-08 13:15:00,10.33,10.35,10.15,10.21,0
2025-10-08 14:15:00,10.2,10.39,10.18,10.31,0
2025-10-08 15:15:00,10.31,10.37,10.28,10.33,0
2025-10-09 09:15:00,10.31,10.57,10.27,10.48,0
2025-10-09 10:15:00,10.48,10.54,10.32,10.38,0
2025-10-09 11:15:00,10.38,10.41,10.29,10.33,0
2025-10-09 12:15:00,10.33,10.34,10.22,10.24,0
2025-10-09 13:15:00,10.24,10.31,10.22,10.25,0
2025-10-09 14:15:00,10.24,10.27,10.12,10.12,0
2025-10-09 15:15:00,10.12,10.15,10.0,10.03,0
2025-10-10 09:15:00,10.12,10.34,9.71,10.25,0
2025-10-10 10:15:00,10.25,10.31,10.2,10.25,0
2025-10-10 11:15:00,10.25,10.28,10.18,10.21,0
2025-10-10 12:15:00,10.22,10.25,10.18,10.22,0
2025-10-10 13:15:00,10.22,10.24,10.13,10.14,0
2025-10-10 14:15:00,10.14,10.17,10.08,10.12,0
2025-10-10 15:15:00,10.12,10.15,10.07,10.15,0
2025-10-13 09:15:00,10.1,11.26,9.78,11.14,0
2025-10-13 10:15:00,11.14,11.18,11.05,11.14,0
2025-10-13 11:15:00,11.14,11.23,11.11,11.16,0
2025-10-13 12:15:00,11.16,11.16,11.04,11.05,0
2025-10-13 13:15:00,11.05,11.12,10.99,11.02,0
2025-10-13 14:15:00,11.02,11.06,10.91,11.04,0
2025-10-13 15:15:00,11.04,11.05,10.95,10.99,0
2025-10-14 09:15:00,11.01,11.42,10.01,11.36,0
2025-10-14 10:15:00,11.35,11.51,11.18,11.41,0
2025-10-14 11:15:00,11.4,11.55,11.33,11.5,0
2025-10-14 12:15:00,11.51,11.67,11.45,11.63,0
2025-10-14 13:15:00,11.63,11.67,11.32,11.39,0
2025-10-14 14:15:00,11.38,11.45,11.07,11.17,0
2025-10-14 15:15:00,11.17,11.35,11.12,11.33,0
2025-10-15 09:15:00,11.16,11.16,10.56,10.61,0
2025-10-15 10:15:00,10.61,10.67,10.55,10.63,0
2025-10-15 11:15:00,10.63,10.65,10.57,10.6,0
2025-10-15 12:15:00,10.61,10.64,10.54,10.56,0
2025-10-15 13:15:00,10.56,10.59,10.43,10.52,0
2025-10-15 14:15:00,10.52,10.58,10.48,10.5,0
2025-10-15 15:15:00,10.5,10.56,10.5,10.54,0
2025-10-16 09:15:00,10.53,10.6,10.38,10.55,0
2025-10-16 10:15:00,10.55,10.65,10.51,10.6,0
2025-10-16 11:15:00,10.6,10.65,10.55,10.55,0
2025-10-16 12:15:00,10.55,10.76,10.54,10.71,0
2025-10-16 13:15:00,10.71,10.94,10.65,10.91,0
2025-10-16 14:15:00,10.91,11.06,10.8,10.82,0
2025-10-16 15:15:00,10.82,10.88,10.79,10.85,0
2025-10-17 09:15:00,10.87,11.36,9.78,11.35,0
2025-10-17 10:15:00,11.35,11.58,11.32,11.54,0
2025-10-17 11:15:00,11.54,11.57,11.32,11.41,0
2025-10-17 12:15:00,11.42,11.59,11.36,11.59,0
2025-10-17 13:15:00,11.59,11.81,11.47,11.72,0
2025-10-17 14:15:00,11.73,11.73,11.54,11.63,0
2025-10-17 15:15:00,11.64,11.7,11.58,11.67,0
2025-10-20 09:15:00,11.63,11.88,10.67,11.72,0
2025-10-20 10:15:00,11.72,11.85,11.63,11.67,0
2025-10-20 11:15:00,11.69,11.77,11.54,11.61,0
2025-10-20 12:15:00,11.61,11.64,11.47,11.57,0
2025-10-20 13:15:00,11.56,11.62,11.51,11.51,0
2025-10-20 14:15:00,11.51,11.57,11.32,11.35,0
2025-10-20 15:15:00,11.35,11.37,11.26,11.35,0
2025-10-21 13:45:00,11.36,11.6,10.7,11.26,0
2025-10-23 09:15:00,11.3,12.05,10.74,11.94,0
2025-10-23 10:15:00,11.94,12.0,11.73,11.82,0
2025-10-23 11:15:00,11.82,11.89,11.73,11.79,0
2025-10-23 12:15:00,11.79,11.98,11.75,11.82,0
2025-10-23 13:15:00,11.83,11.88,11.66,11.69,0
2025-10-23 14:15:00,11.69,11.84,11.66,11.81,0
2025-10-23 15:15:00,11.81,11.82,11.64,11.75,0
2025-10-24 09:15:00,11.73,11.92,11.44,11.84,0
2025-10-24 10:15:00,11.85,11.94,11.76,11.77,0
2025-10-24 11:15:00,11.77,11.84,11.59,11.62,0
2025-10-24 12:15:00,11.62,11.76,11.53,11.66,0
2025-10-24 13:15:00,11.66,11.94,11.62,11.74,0
2025-10-24 14:15:00,11.74,11.78,11.49,11.6,0
2025-10-24 15:15:00,11.59,11.66,11.52,11.6,0
2025-10-27 09:15:00,11.59,12.6,11.28,12.5,0
2025-10-27 10:15:00,12.5,12.7,12.48,12.69,0
2025-10-27 11:15:00,12.69,12.73,12.46,12.59,0
2025-10-27 12:15:00,12.59,12.62,12.49,12.53,0
2025-10-27 13:15:00,12.52,12.59,12.28,12.29,0
2025-10-27 14:15:00,12.29,12.31,11.79,11.82,0
2025-10-27 15:15:00,11.82,11.99,11.8,11.98,0
2025-10-28 09:15:00,11.86,12.5,10.71,12.44,0
2025-10-28 10:15:00,12.45,12.64,12.44,12.53,0
2025-10-28 11:15:00,12.53,12.57,12.36,12.46,0
2025-10-28 12:15:00,12.46,12.53,12.13,12.15,0
2025-10-28 13:15:00,12.15,12.21,12.08,12.18,0
2025-10-28 14:15:00,12.18,12.32,11.89,11.96,0
2025-10-28 15:15:00,11.97,12.0,11.91,11.92,0
2025-10-29 09:15:00,11.95,12.1,11.23,11.95,0
2025-10-29 10:15:00,11.96,12.1,11.9,12.0,0
2025-10-29 11:15:00,12.0,12.05,11.9,11.91,0
2025-10-29 12:15:00,11.9,11.98,11.86,11.89,0
2025-10-29 13:15:00,11.89,12.04,11.87,11.99,0
2025-10-29 14:15:00,12.0,12.08,11.92,11.95,0
2025-10-29 15:15:00,11.95,12.04,11.91,11.98,0
2025-10-30 09:15:00,11.97,12.27,11.71,12.02,0
2025-10-30 10:15:00,12.02,12.17,11.97,12.05,0
2025-10-30 11:15:00,12.05,12.1,11.95,12.03,0
2025-10-30 12:15:00,12.03,12.11,11.97,11.97,0
2025-10-30 13:15:00,11.97,12.16,11.92,11.97,0
2025-10-30 14:15:00,11.97,12.17,11.85,12.08,0
2025-10-30 15:15:00,12.09,12.09,11.97,12.03,0
2025-10-31 09:15:00,12.07,12.29,11.77,12.05,0
2025-10-31 10:15:00,12.05,12.23,12.0,12.19,0
2025-10-31 11:15:00,12.18,12.22,12.0,12.12,0
2025-10-31 12:15:00,12.12,12.18,12.08,12.15,0
2025-10-31 13:15:00,12.14,12.2,12.08,12.13,0
2025-10-31 14:15:00,12.13,12.22,12.07,12.15,0
2025-10-31 15:15:00,12.14,12.21,12.08,12.19,0
2025-11-03 09:15:00,12.15,12.94,11.79,12.83,0
2025-11-03 10:15:00,12.82,12.86,12.68,12.71,0
2025-11-03 11:15:00,12.71,12.74,12.53,12.64,0
2025-11-03 12:15:00,12.63,12.72,12.53,12.68,0
2025-11-03 13:15:00,12.69,12.74,12.64,12.7,0
2025-11-03 14:15:00,12.69,12.71,12.63,12.68,0
2025-11-03 15:15:00,12.68,12.68,12.58,12.6,0
2025-11-04 09:15:00,12.67,12.94,10.98,12.82,0
2025-11-04 10:15:00,12.81,12.88,12.65,12.66,0
2025-11-04 11:15:00,12.66,12.77,12.63,12.7,0
2025-11-04 12:15:00,12.7,12.77,12.66,12.68,0
2025-11-04 13:15:00,12.68,12.7,12.54,12.63,0
2025-11-04 14:15:00,12.64,12.68,12.53,12.64,0
2025-11-04 15:15:00,12.64,12.73,12.62,12.67,0
2025-11-06 09:15:00,12.65,12.87,12.08,12.7,0
2025-11-06 10:15:00,12.7,12.75,12.51,12.54,0
2025-11-06 11:15:00,12.54,12.68,12.44,12.6,0
2025-11-06 12:15:00,12.6,12.62,12.39,12.59,0
2025-11-06 13:15:00,12.59,12.62,12.17,12.55,0
2025-11-06 14:15:00,12.56,12.58,12.38,12.43,0
2025-11-06 15:15:00,12.43,12.44,12.06,12.08,0
2025-11-07 09:15:00,12.41,12.67,11.96,12.29,0
2025-11-07 10:15:00,12.29,12.38,12.26,12.27,0
2025-11-07 11:15:00,12.27,12.42,12.26,12.31,0
2025-11-07 12:15:00,12.32,12.49,12.27,12.49,0
2025-11-07 13:15:00,12.49,12.56,12.42,12.5,0
2025-11-07 14:15:00,12.5,12.61,12.41,12.57,0
2025-11-07 15:15:00,12.57,12.61,12.42,12.44,0
2025-11-10 09:15:00,12.56,12.93,11.41,12.57,0
2025-11-10 10:15:00,12.56,12.57,12.47,12.52,0
2025-11-10 11:15:00,12.52,12.56,12.44,12.54,0
2025-11-10 12:15:00,12.54,12.54,12.38,12.39,0
2025-11-10 13:15:00,12.39,12.49,12.35,12.43,0
2025-11-10 14:15:00,12.43,12.43,12.22,12.29,0
2025-11-10 15:15:00,12.29,12.33,12.26,12.32,0
2025-11-11 09:15:00,12.3,13.01,11.99,12.71,0
2025-11-11 10:15:00,12.71,12.97,12.7,12.87,0
2025-11-11 11:15:00,12.86,12.89,12.47,12.51,0
2025-11-11 12:15:00,12.5,12.74,12.49,12.66,0
2025-11-11 13:15:00,12.66,12.66,12.3,12.56,0
2025-11-11 14:15:00,12.55,12.57,12.43,12.52,0
2025-11-11 15:15:00,12.52,12.53,12.44,12.49,0
2025-11-12 09:15:00,12.49,12.71,11.44,11.93,0
2025-11-12 10:15:00,11.93,11.94,11.82,11.83,0
2025-11-12 11:15:00,11.83,12.19,11.8,12.11,0
2025-11-12 12:15:00,12.11,12.18,12.04,12.09,0
2025-11-12 13:15:00,12.09,12.2,12.06,12.19,0
2025-11-12 14:15:00,12.19,12.2,12.05,12.07,0
2025-11-12 15:15:00,12.07,12.18,12.07,12.18,0
2025-11-13 09:15:00,12.11,12.11,11.23,11.92,0
2025-11-13 10:15:00,11.91,12.0,11.81,11.93,0
2025-11-13 11:15:00,11.93,12.03,11.9,11.99,0
2025-11-13 12:15:00,11.99,12.22,11.97,12.01,0
2025-11-13 13:15:00,12.01,12.25,12.0,12.17,0
2025-11-13 14:15:00,12.17,12.27,12.05,12.2,0
2025-11-13 15:15:00,12.2,12.23,12.03,12.1,0
2025-11-14 09:15:00,12.16,12.45,11.8,12.31,0
2025-11-14 10:15:00,12.31,12.4,11.99,12.01,0
2025-11-14 11:15:00,12.01,12.22,12.0,12.03,0
2025-11-14 12:15:00,12.03,12.17,12.01,12.1,0
2025-11-14 13:15:00,12.1,12.31,12.0,12.21,0
2025-11-14 14:15:00,12.21,12.26,11.86,11.93,0
2025-11-14 15:15:00,11.93,12.0,11.9,11.93,0
2025-11-17 09:15:00,11.94,12.26,10.9,11.97,0
2025-11-17 10:15:00,11.97,12.02,11.89,11.91,0
2025-11-17 11:15:00,11.91,11.96,11.83,11.87,0
2025-11-17 12:15:00,11.87,11.9,11.81,11.86,0
2025-11-17 13:15:00,11.86,11.94,11.83,11.91,0
2025-11-17 14:15:00,11.91,12.28,11.76,11.77,0
2025-11-17 15:15:00,11.77,11.81,11.74,11.78,0
2025-11-18 09:15:00,11.79,12.29,10.94,12.25,0
2025-11-18 10:15:00,12.25,12.29,12.09,12.12,0
2025-11-18 11:15:00,12.12,12.16,12.02,12.11,0
2025-11-18 12:15:00,12.12,12.21,12.05,12.07,0
2025-11-18 13:15:00,12.07,12.12,11.93,11.94,0
2025-11-18 14:15:00,11.94,12.24,11.9,12.04,0
2025-11-18 15:15:00,12.03,12.27,12.01,12.06,0
2025-11-19 09:15:00,12.1,12.1,10.77,11.84,0
2025-11-19 10:15:00,11.83,11.89,11.79,11.83,0
2025-11-19 11:15:00,11.83,11.92,11.74,11.92,0
2025-11-19 12:15:00,11.92,12.38,11.89,11.94,0
2025-11-19 13:15:00,11.94,12.34,11.89,12.26,0
2025-11-19 14:15:00,12.26,12.36,11.92,11.97,0
2025-11-19 15:15:00,11.97,12.01,11.96,12.0,0
2025-11-20 09:15:00,11.97,12.03,11.06,11.91,0
2025-11-20 10:15:00,11.91,11.94,11.78,11.88,0
2025-11-20 11:15:00,11.88,11.89,11.8,11.85,0
2025-11-20 12:15:00,11.85,12.08,11.8,11.85,0
2025-11-20 13:15:00,11.85,12.3,11.83,12.27,0
2025-11-20 14:15:00,12.27,12.38,12.07,12.14,0
2025-11-20 15:15:00,12.14,12.18,12.05,12.14,0
2025-11-21 09:15:00,12.14,13.85,12.14,13.64,0
2025-11-21 10:15:00,13.64,13.84,13.61,13.7,0
2025-11-21 11:15:00,13.7,13.74,13.58,13.61,0
2025-11-21 12:15:00,13.61,13.67,13.43,13.59,0
2025-11-21 13:15:00,13.58,13.65,13.35,13.57,0
2025-11-21 14:15:00,13.57,13.79,13.53,13.66,0
2025-11-21 15:15:00,13.66,13.73,13.38,13.43,0
2025-11-24 09:15:00,13.63,13.63,11.94,12.9,0
2025-11-24 10:15:00,12.91,13.37,12.85,12.96,0
2025-11-24 11:15:00,12.96,13.02,12.76,12.92,0
2025-11-24 12:15:00,12.91,13.25,12.75,12.8,0
2025-11-24 13:15:00,12.8,13.23,12.72,12.78,0
2025-11-24 14:15:00,12.78,13.32,12.76,13.24,0
2025-11-24 15:15:00,13.24,13.27,13.19,13.19,0
2025-11-25 09:15:00,13.24,13.24,10.86,12.51,0
2025-11-25 10:15:00,12.5,12.75,12.42,12.59,0
2025-11-25 11:15:00,12.59,12.66,12.3,12.59,0
2025-11-25 12:15:00,12.59,13.15,12.45,12.48,0
2025-11-25 13:15:00,12.48,12.59,12.35,12.43,0
2025-11-25 14:15:00,12.44,12.63,12.19,12.28,0
2025-11-25 15:15:00,12.28,12.3,12.12,12.16,0
2025-11-26 09:15:00,12.24,12.57,11.71,12.15,0
2025-11-26 10:15:00,12.15,12.17,11.62,11.67,0
2025-11-26 11:15:00,11.67,12.19,11.67,12.12,0
2025-11-26 12:15:00,12.12,12.15,11.65,12.07,0
2025-11-26 13:15:00,12.07,12.26,11.59,11.77,0
2025-11-26 14:15:00,11.78,12.05,11.67,11.99,0
2025-11-26 15:15:00,11.99,12.34,11.82,12.02,0
2025-11-27 09:15:00,11.97,12.24,11.55,12.08,0
2025-11-27 10:15:00,12.08,12.19,11.94,12.12,0
2025-11-27 11:15:00,12.13,12.24,11.79,12.22,0
2025-11-27 12:15:00,12.21,12.24,11.8,12.04,0
2025-11-27 13:15:00,12.04,12.11,11.76,11.89,0
2025-11-27 14:15:00,11.91,11.97,11.69,11.83,0
2025-11-27 15:15:00,11.83,11.88,11.51,11.55,0
2025-11-28 09:15:00,11.79,11.79,10.82,11.2,0
2025-11-28 10:15:00,11.2,11.43,11.14,11.22,0
2025-11-28 11:15:00,11.22,11.32,11.11,11.28,0
2025-11-28 12:15:00,11.28,11.29,11.19,11.19,0
2025-11-28 13:15:00,11.19,11.37,11.14,11.31,0
2025-11-28 14:15:00,11.3,11.71,11.3,11.63,0
2025-11-28 15:15:00,11.63,11.64,11.55,11.59,0
2025-12-01 09:15:00,11.62,12.01,10.9,11.44,0
2025-12-01 10:15:00,11.44,11.69,11.18,11.63,0
2025-12-01 11:15:00,11.63,11.8,11.35,11.75,0
2025-12-01 12:15:00,11.75,11.94,11.73,11.75,0
2025-12-01 13:15:00,11.75,11.94,11.5,11.61,0
2025-12-01 14:15:00,11.61,11.85,11.52,11.64,0
2025-12-01 15:15:00,11.64,11.7,11.56,11.58,0
2025-12-02 09:15:00,11.63,11.7,11.12,11.58,0
2025-12-02 10:15:00,11.58,11.78,11.3,11.74,0
2025-12-02 11:15:00,11.74,11.94,11.61,11.74,0
2025-12-02 12:15:00,11.74,11.92,11.67,11.86,0
2025-12-02 13:15:00,11.86,11.9,11.58,11.74,0
2025-12-02 14:15:00,11.74,11.82,11.14,11.46,0
2025-12-02 15:15:00,11.46,11.49,11.03,11.12,0
2025-12-03 09:15:00,11.23,11.37,10.92,11.13,0
2025-12-03 10:15:00,11.13,11.22,10.99,11.03,0
2025-12-03 11:15:00,11.03,11.28,10.95,11.25,0
2025-12-03 12:15:00,11.25,11.34,11.17,11.17,0
2025-12-03 13:15:00,11.17,11.37,11.14,11.29,0
2025-12-03 14:15:00,11.29,11.3,11.12,11.2,0
2025-12-03 15:15:00,11.2,11.34,11.2,11.28,0
2025-12-04 09:15:00,11.21,11.27,10.58,11.17,0
2025-12-04 10:15:00,11.17,11.18,10.84,11.07,0
2025-12-04 11:15:00,11.07,11.08,10.9,11.05,0
2025-12-04 12:15:00,11.05,11.13,10.98,11.09,0
2025-12-04 13:15:00,11.07,11.14,10.96,11.05,0
2025-12-04 14:15:00,11.03,11.08,10.74,10.8,0
2025-12-04 15:15:00,10.79,10.86,10.7,10.8,0
2025-12-05 09:15:00,10.82,10.87,10.34,10.63,0
2025-12-05 10:15:00,10.64,10.71,10.51,10.63,0
2025-12-05 11:15:00,10.63,10.65,10.47,10.49,0
2025-12-05 12:15:00,10.49,10.64,10.44,10.44,0
2025-12-05 13:15:00,10.44,10.53,10.42,10.49,0
2025-12-05 14:15:00,10.49,10.55,10.27,10.29,0
2025-12-05 15:15:00,10.29,10.36,10.16,10.34,0
2025-12-08 09:15:00,10.32,11.02,10.14,10.71,0
2025-12-08 10:15:00,10.7,10.99,10.51,10.59,0
2025-12-08 11:15:00,10.59,10.85,10.5,10.66,0
2025-12-08 12:15:00,10.66,10.89,10.62,10.85,0
2025-12-08 13:15:00,10.85,11.61,10.82,11.12,0
2025-12-08 14:15:00,11.12,11.44,11.06,11.07,0
2025-12-08 15:15:00,11.07,11.21,11.01,11.02,0
2025-12-09 09:15:00,11.13,11.88,10.46,11.32,0
2025-12-09 10:15:00,11.33,11.59,11.13,11.28,0
2025-12-09 11:15:00,11.27,11.36,11.09,11.17,0
2025-12-09 12:15:00,11.18,11.21,11.1,11.13,0
2025-12-09 13:15:00,11.13,11.17,10.76,10.92,0
2025-12-09 14:15:00,10.92,11.08,10.82,11.05,0
2025-12-09 15:15:00,11.03,11.06,10.91,10.98,0
2025-12-10 09:15:00,10.95,11.42,10.49,10.73,0
2025-12-10 10:15:00,10.73,10.99,10.7,10.87,0
2025-12-10 11:15:00,10.87,11.0,10.82,10.91,0
2025-12-10 12:15:00,10.91,11.09,10.88,10.93,0
2025-12-10 13:15:00,10.93,11.1,10.83,11.01,0
2025-12-10 14:15:00,11.01,11.05,10.76,10.93,0
2025-12-10 15:15:00,10.93,11.15,10.91,11.0,0
2025-12-11 09:15:00,10.91,11.19,10.42,10.61,0
2025-12-11 10:15:00,10.6,10.96,10.54,10.72,0
2025-12-11 11:15:00,10.72,10.8,10.59,10.68,0
2025-12-11 12:15:00,10.68,10.86,10.62,10.64,0
2025-12-11 13:15:00,10.64,10.86,10.57,10.68,0
2025-12-11 14:15:00,10.68,10.76,10.33,10.35,0
2025-12-11 15:15:00,10.35,10.54,10.32,10.53,0
2025-12-12 09:15:00,10.4,10.4,10.08,10.1,0
2025-12-12 10:15:00,10.1,10.36,10.0,10.09,0
2025-12-12 11:15:00,10.09,10.24,9.96,10.11,0
2025-12-12 12:15:00,10.1,10.27,9.98,10.2,0
2025-12-12 13:15:00,10.2,10.27,10.08,10.2,0
2025-12-12 14:15:00,10.19,10.26,10.07,10.11,0
2025-12-12 15:15:00,10.11,10.19,10.06,10.07,0
2025-12-15 09:15:00,10.11,10.84,10.11,10.38,0
2025-12-15 10:15:00,10.38,10.5,10.26,10.29,0
2025-12-15 11:15:00,10.29,10.3,10.05,10.09,0
2025-12-15 12:15:00,10.09,10.27,10.07,10.19,0
2025-12-15 13:15:00,10.19,10.31,10.08,10.28,0
2025-12-15 14:15:00,10.28,10.32,10.22,10.23,0
2025-12-15 15:15:00,10.25,10.28,10.16,10.18,0
2025-12-16 09:15:00,10.25,10.41,9.66,10.29,0
2025-12-16 10:15:00,10.29,10.35,10.14,10.23,0
2025-12-16 11:15:00,10.23,10.43,10.17,10.29,0
2025-12-16 12:15:00,10.29,10.36,10.17,10.21,0
2025-12-16 13:15:00,10.21,10.33,10.05,10.17,0
2025-12-16 14:15:00,10.16,10.27,10.02,10.03,0
2025-12-16 15:15:00,10.03,10.19,10.03,10.07,0
2025-12-17 09:15:00,10.06,10.18,9.48,9.98,0
2025-12-17 10:15:00,9.98,10.14,9.93,10.04,0
2025-12-17 11:15:00,10.04,10.11,9.89,9.99,0
2025-12-17 12:15:00,9.99,10.09,9.93,9.97,0
2025-12-17 13:15:00,9.97,10.05,9.88,9.88,0
2025-12-17 14:15:00,9.88,9.99,9.8,9.83,0
2025-12-17 15:15:00,9.83,9.92,9.8,9.85,0
2025-12-18 09:15:00,9.84,9.95,9.75,9.85,0
2025-12-18 10:15:00,9.86,9.89,9.78,9.79,0
2025-12-18 11:15:00,9.79,9.84,9.68,9.69,0
2025-12-18 12:15:00,9.69,9.8,9.68,9.77,0
2025-12-18 13:15:00,9.77,9.81,9.65,9.75,0
2025-12-18 14:15:00,9.76,9.77,9.61,9.66,0
2025-12-18 15:15:00,9.65,9.85,9.65,9.83,0
2025-12-19 09:15:00,9.71,10.31,9.61,9.64,0
2025-12-19 10:15:00,9.64,9.69,9.55,9.61,0
2025-12-19 11:15:00,9.61,9.63,9.52,9.56,0
2025-12-19 12:15:00,9.56,9.6,9.49,9.56,0
2025-12-19 13:15:00,9.56,9.58,9.48,9.49,0
2025-12-19 14:15:00,9.49,9.57,9.44,9.54,0
2025-12-19 15:15:00,9.54,9.59,9.51,9.53,0
2025-12-22 09:15:00,9.52,9.9,8.86,9.68,0
2025-12-22 10:15:00,9.68,9.76,9.65,9.71,0
2025-12-22 11:15:00,9.71,9.73,9.66,9.7,0
2025-12-22 12:15:00,9.7,9.73,9.67,9.7,0
2025-12-22 13:15:00,9.7,9.74,9.69,9.71,0
2025-12-22 14:15:00,9.71,9.74,9.66,9.7,0
2025-12-22 15:15:00,9.7,9.71,9.63,9.68,0
2025-12-23 09:15:00,9.68,9.79,9.48,9.53,0
2025-12-23 10:15:00,9.53,9.55,9.45,9.5,0
2025-12-23 11:15:00,9.49,9.52,9.43,9.46,0
2025-12-23 12:15:00,9.46,9.51,9.44,9.49,0
2025-12-23 13:15:00,9.49,9.55,9.48,9.51,0
2025-12-23 14:15:00,9.51,9.55,9.36,9.37,0
2025-12-23 15:15:00,9.37,9.41,9.32,9.39,0
2025-12-24 09:15:00,9.38,9.68,8.88,9.36,0
2025-12-24 10:15:00,9.36,9.39,9.23,9.23,0
2025-12-24 11:15:00,9.23,9.29,9.2,9.25,0
2025-12-24 12:15:00,9.25,9.27,9.2,9.23,0
2025-12-24 13:15:00,9.25,9.31,9.21,9.23,0
2025-12-24 14:15:00,9.23,9.28,9.19,9.19,0
2025-12-24 15:15:00,9.19,9.21,9.16,9.16,0
2025-12-26 09:15:00,9.19,9.4,9.02,9.17,0
2025-12-26 10:15:00,9.17,9.2,9.12,9.15,0
2025-12-26 11:15:00,9.15,9.17,9.09,9.14,0
2025-12-26 12:15:00,9.14,9.19,9.08,9.1,0
2025-12-26 13:15:00,9.1,9.15,9.1,9.14,0
2025-12-26 14:15:00,9.14,9.19,9.09,9.17,0
2025-12-26 15:15:00,9.17,9.17,9.12,9.13,0
2025-12-29 09:15:00,9.15,9.71,9.05,9.54,0
2025-12-29 10:15:00,9.54,9.71,9.5,9.64,0
2025-12-29 11:15:00,9.64,9.72,9.6,9.62,0
2025-12-29 12:15:00,9.62,9.73,9.62,9.71,0
2025-12-29 13:15:00,9.71,9.77,9.67,9.68,0
2025-12-29 14:15:00,9.68,9.74,9.64,9.73,0
2025-12-29 15:15:00,9.73,9.74,9.7,9.74,0
2025-12-30 09:15:00,9.72,9.99,9.66,9.9,0
2025-12-30 10:15:00,9.9,9.91,9.74,9.81,0
2025-12-30 11:15:00,9.81,9.86,9.75,9.84,0
2025-12-30 12:15:00,9.84,9.89,9.81,9.88,0
2025-12-30 13:15:00,9.87,9.89,9.62,9.79,0
2025-12-30 14:15:00,9.79,9.85,9.67,9.67,0
2025-12-30 15:15:00,9.67,9.67,9.59,9.61,0
2025-12-31 09:15:00,9.68,9.73,9.37,9.48,0
2025-12-31 10:15:00,9.48,9.5,9.33,9.37,0
2025-12-31 11:15:00,9.37,9.42,9.31,9.37,0
2025-12-31 12:15:00,9.37,9.61,9.35,9.6,0
2025-12-31 13:15:00,9.6,9.61,9.48,9.58,0
2025-12-31 14:15:00,9.58,9.59,9.43,9.48,0
2025-12-31 15:15:00,9.48,9.51,9.4,9.43,0
2026-01-01 09:15:00,9.48,9.48,8.72,9.28,0
2026-01-01 10:15:00,9.28,9.33,9.22,9.25,0
2026-01-01 11:15:00,9.26,9.32,9.2,9.31,0
2026-01-01 12:15:00,9.3,9.32,9.19,9.23,0
2026-01-01 13:15:00,9.23,9.23,9.15,9.17,0
2026-01-01 14:15:00,9.17,9.23,9.15,9.2,0
2026-01-01 15:15:00,9.2,9.21,9.14,9.16,0
2026-01-02 09:15:00,9.19,9.38,8.97,9.29,0
2026-01-02 10:15:00,9.29,9.41,9.29,9.32,0
2026-01-02 11:15:00,9.31,9.44,9.29,9.42,0
2026-01-02 12:15:00,9.42,9.47,9.36,9.44,0
2026-01-02 13:15:00,9.44,9.53,9.41,9.44,0
2026-01-02 14:15:00,9.44,9.5,9.31,9.43,0
2026-01-02 15:15:00,9.43,9.56,9.43,9.52,0
2026-01-05 09:15:00,9.45,10.18,9.29,10.06,0
2026-01-05 10:15:00,10.06,10.22,10.05,10.15,0
2026-01-05 11:15:00,10.15,10.21,10.09,10.11,0
2026-01-05 12:15:00,10.11,10.14,10.04,10.07,0
2026-01-05 13:15:00,10.07,10.15,10.01,10.12,0
2026-01-05 14:15:00,10.12,10.14,9.96,10.03,0
2026-01-05 15:15:00,10.03,10.08,9.98,9.98,0
2026-01-06 09:15:00,10.02,10.29,9.65,10.15,0
2026-01-06 10:15:00,10.15,10.24,10.12,10.17,0
2026-01-06 11:15:00,10.17,10.24,10.13,10.16,0
2026-01-06 12:15:00,10.16,10.24,10.15,10.17,0
2026-01-06 13:15:00,10.17,10.23,10.11,10.2,0
2026-01-06 14:15:00,10.2,10.21,9.99,10.04,0
2026-01-06 15:15:00,10.04,10.04,9.98,9.98,0
2026-01-07 09:15:00,10.02,10.24,9.75,10.13,0
2026-01-07 10:15:00,10.12,10.14,10.0,10.04,0
2026-01-07 11:15:00,10.03,10.05,9.97,10.0,0
2026-01-07 12:15:00,10.0,10.06,9.97,10.0,0
2026-01-07 13:15:00,10.0,10.03,9.94,9.96,0
2026-01-07 14:15:00,9.96,9.99,9.91,9.94,0
2026-01-07 15:15:00,9.94,10.01,9.92,9.94,0
2026-01-08 09:15:00,9.95,10.15,9.48,10.02,0
2026-01-08 10:15:00,10.01,10.32,10.0,10.3,0
2026-01-08 11:15:00,10.31,10.99,10.31,10.76,0
2026-01-08 12:15:00,10.76,10.92,10.68,10.74,0
2026-01-08 13:15:00,10.74,10.87,10.63,10.68,0
2026-01-08 14:15:00,10.67,10.69,10.5,10.66,0
2026-01-08 15:15:00,10.66,10.67,10.55,10.6,0
2026-01-09 09:15:00,10.6,10.78,10.22,10.61,0
2026-01-09 10:15:00,10.61,10.66,10.53,10.59,0
2026-01-09 11:15:00,10.59,10.82,10.52,10.8,0
2026-01-09 12:15:00,10.8,11.04,10.71,10.92,0
2026-01-09 13:15:00,10.92,10.97,10.84,10.94,0
2026-01-09 14:15:00,10.95,11.03,10.84,10.88,0
2026-01-09 15:15:00,10.88,11.04,10.88,10.96,0
2026-01-12 09:15:00,10.93,11.95,10.52,11.73,0
2026-01-12 10:15:00,11.73,11.73,11.56,11.62,0
2026-01-12 11:15:00,11.62,11.78,11.48,11.49,0
2026-01-12 12:15:00,11.48,11.78,11.4,11.68,0
2026-01-12 13:15:00,11.68,11.72,11.49,11.55,0
2026-01-12 14:15:00,11.54,11.57,11.35,11.35,0
2026-01-12 15:15:00,11.35,11.37,11.3,11.3,0
2026-01-13 09:15:00,11.37,11.68,10.64,11.57,0
2026-01-13 10:15:00,11.56,11.61,11.34,11.4,0
2026-01-13 11:15:00,11.4,11.43,11.26,11.42,0
2026-01-13 12:15:00,11.42,11.6,11.37,11.56,0
2026-01-13 13:15:00,11.56,11.62,11.43,11.53,0
2026-01-13 14:15:00,11.51,11.57,11.15,11.19,0
2026-01-13 15:15:00,11.18,11.22,11.13,11.13,0
2026-01-14 09:15:00,11.2,11.47,11.01,11.25,0
2026-01-14 10:15:00,11.25,11.35,11.23,11.3,0
2026-01-14 11:15:00,11.3,11.3,11.15,11.2,0
2026-01-14 12:15:00,11.2,11.22,11.11,11.11,0
2026-01-14 13:15:00,11.11,11.38,11.1,11.3,0
2026-01-14 14:15:00,11.3,11.45,11.21,11.31,0
2026-01-14 15:15:00,11.32,11.43,11.3,11.39,0
2026-01-16 09:15:00,11.32,11.58,10.88,11.21,0
2026-01-16 10:15:00,11.21,11.34,11.19,11.34,0
2026-01-16 11:15:00,11.34,11.35,11.24,11.26,0
2026-01-16 12:15:00,11.26,11.41,11.25,11.37,0
2026-01-16 13:15:00,11.37,11.51,11.34,11.45,0
2026-01-16 14:15:00,11.45,11.45,11.31,11.4,0
2026-01-16 15:15:00,11.4,11.42,11.3,11.3,0
2026-01-19 09:15:00,11.37,12.1,10.39,12.06,0
2026-01-19 10:15:00,12.07,12.13,11.87,11.92,0
2026-01-19 11:15:00,11.93,12.0,11.86,11.9,0
2026-01-19 12:15:00,11.9,11.95,11.81,11.9,0
2026-01-19 13:15:00,11.9,11.91,11.74,11.79,0
2026-01-19 14:15:00,11.78,11.85,11.74,11.82,0
2026-01-19 15:15:00,11.82,11.87,11.79,11.86,0
2026-01-20 09:15:00,11.83,12.38,11.0,12.28,0
2026-01-20 10:15:00,12.28,12.31,12.18,12.25,0
2026-01-20 11:15:00,12.26,12.31,12.12,12.3,0
2026-01-20 12:15:00,12.3,12.39,12.26,12.39,0
2026-01-20 13:15:00,12.39,12.58,12.33,12.54,0
2026-01-20 14:15:00,12.54,12.8,12.37,12.8,0
2026-01-20 15:15:00,12.8,12.9,12.65,12.71,0
2026-01-21 09:15:00,12.73,13.27,12.43,13.23,0
2026-01-21 10:15:00,13.24,14.43,13.19,13.87,0
2026-01-21 11:15:00,13.9,14.02,13.6,13.6,0
2026-01-21 12:15:00,13.61,13.71,13.48,13.64,0
2026-01-21 13:15:00,13.64,13.89,13.62,13.79,0
2026-01-21 14:15:00,13.79,13.99,13.58,13.8,0
2026-01-21 15:15:00,13.8,13.82,13.64,13.66,0
2026-01-22 09:15:00,13.78,13.78,12.91,13.43,0
2026-01-22 10:15:00,13.43,14.02,13.36,13.96,0
2026-01-22 11:15:00,13.95,14.33,13.83,14.05,0
2026-01-22 12:15:00,14.05,14.08,13.74,13.95,0
2026-01-22 13:15:00,13.96,14.09,13.77,13.94,0
2026-01-22 14:15:00,13.94,13.99,13.29,13.37,0
2026-01-22 15:15:00,13.37,13.41,13.1,13.26,0
2026-01-23 09:15:00,13.35,13.79,12.28,13.6,0
2026-01-23 10:15:00,13.6,13.66,13.35,13.45,0
2026-01-23 11:15:00,13.45,13.86,13.35,13.79,0
2026-01-23 12:15:00,13.79,13.82,13.43,13.69,0
2026-01-23 13:15:00,13.69,14.31,13.64,14.15,0
2026-01-23 14:15:00,14.15,14.29,13.98,14.17,0
2026-01-23 15:15:00,14.17,14.43,14.07,14.36,0
2026-01-27 09:15:00,14.19,16.06,13.92,15.33,0
2026-01-27 10:15:00,15.33,15.56,15.04,15.37,0
2026-01-27 11:15:00,15.36,15.39,14.97,15.05,0
2026-01-27 12:15:00,15.05,15.32,15.01,15.25,0
2026-01-27 13:15:00,15.25,15.39,15.08,15.19,0
2026-01-27 14:15:00,15.19,15.26,14.41,14.43,0
2026-01-27 15:15:00,14.43,14.45,14.18,14.22,0
2026-01-28 09:15:00,14.45,14.51,13.83,14.28,0
2026-01-28 10:15:00,14.29,14.33,13.88,13.89,0
2026-01-28 11:15:00,13.88,13.93,13.63,13.7,0
2026-01-28 12:15:00,13.71,13.79,13.64,13.65,0
2026-01-28 13:15:00,13.65,13.94,13.54,13.67,0
2026-01-28 14:15:00,13.67,13.72,13.46,13.56,0
2026-01-28 15:15:00,13.56,13.59,13.44,13.45,0
2026-01-29 09:15:00,13.53,14.19,13.07,13.9,0
2026-01-29 10:15:00,13.89,14.08,13.68,13.73,0
2026-01-29 11:15:00,13.73,13.73,13.51,13.55,0
2026-01-29 12:15:00,13.55,13.57,13.31,13.37,0
2026-01-29 13:15:00,13.37,13.49,13.31,13.41,0
2026-01-29 14:15:00,13.41,13.54,13.28,13.41,0
2026-01-29 15:15:00,13.41,13.44,13.32,13.33,0
2026-01-30 09:15:00,13.37,13.93,12.88,13.73,0
2026-01-30 10:15:00,13.73,13.94,13.68,13.85,0
2026-01-30 11:15:00,13.84,14.04,13.77,13.77,0
2026-01-30 12:15:00,13.77,14.01,13.75,13.98,0
2026-01-30 13:15:00,13.98,14.23,13.64,13.73,0
2026-01-30 14:15:00,13.74,13.77,13.54,13.62,0
2026-01-30 15:15:00,13.62,13.7,13.5,13.63,0
2026-02-01 09:15:00,13.63,14.32,13.35,14.01,0
2026-02-01 10:15:00,14.01,14.2,13.93,14.02,0
2026-02-01 11:15:00,14.02,14.17,13.62,13.83,0
2026-02-01 12:15:00,13.84,16.11,13.81,14.28,0
2026-02-01 13:15:00,14.28,14.72,14.18,14.57,0
2026-02-01 14:15:00,14.57,15.17,14.25,15.05,0
2026-02-01 15:15:00,15.05,15.38,15.05,15.22,0
2026-02-02 09:15:00,15.1,15.55,13.58,15.18,0
2026-02-02 10:15:00,15.17,15.32,14.91,15.19,0
2026-02-02 11:15:00,15.19,15.26,14.73,14.76,0
2026-02-02 12:15:00,14.75,14.83,14.52,14.63,0
2026-02-02 13:15:00,14.62,14.67,14.26,14.29,0
2026-02-02 14:15:00,14.29,14.35,13.83,13.89,0
2026-02-02 15:15:00,13.88,13.9,13.7,13.77,0
2026-02-03 09:15:00,13.87,15.47,11.85,14.6,0
2026-02-03 10:15:00,14.59,14.72,14.03,14.04,0
2026-02-03 11:15:00,14.04,14.07,13.56,13.57,0
2026-02-03 12:15:00,13.57,13.68,13.49,13.65,0
2026-02-03 13:15:00,13.65,13.67,13.05,13.18,0
2026-02-03 14:15:00,13.19,13.24,12.79,12.85,0
2026-02-03 15:15:00,12.85,13.05,12.74,13.04,0
2026-02-04 09:15:00,12.9,13.15,12.45,12.7,0
2026-02-04 10:15:00,12.7,12.7,12.36,12.41,0
2026-02-04 11:15:00,12.42,12.47,12.17,12.2,0
2026-02-04 12:15:00,12.21,12.23,12.06,12.11,0
2026-02-04 13:15:00,12.11,12.23,12.08,12.16,0
2026-02-04 14:15:00,12.15,12.3,12.12,12.22,0
2026-02-04 15:15:00,12.23,12.43,12.23,12.43,0
2026-02-05 09:15:00,12.25,12.55,10.94,12.26,0
2026-02-05 10:15:00,12.26,12.41,12.14,12.15,0
2026-02-05 11:15:00,12.15,12.3,12.12,12.28,0
2026-02-05 12:15:00,12.28,12.37,12.17,12.2,0
2026-02-05 13:15:00,12.21,12.39,12.14,12.32,0
2026-02-05 14:15:00,12.32,12.33,12.14,12.15,0
2026-02-05 15:15:00,12.15,12.19,12.12,12.14,0
2026-02-06 09:15:00,12.17,12.35,11.16,12.1,0
2026-02-06 10:15:00,12.09,12.25,12.0,12.02,0
2026-02-06 11:15:00,12.01,12.07,11.89,11.95,0
2026-02-06 12:15:00,11.95,12.06,11.93,11.97,0
2026-02-06 13:15:00,11.97,11.98,11.87,11.92,0
2026-02-06 14:15:00,11.92,12.03,11.86,11.92,0
2026-02-06 15:15:00,11.92,12.02,11.91,12.01,0
2026-02-09 09:15:00,11.94,12.28,10.67,12.15,0
2026-02-09 10:15:00,12.14,12.19,12.09,12.16,0
2026-02-09 11:15:00,12.16,12.18,12.07,12.1,0
2026-02-09 12:15:00,12.1,12.15,11.99,12.03,0
2026-02-09 13:15:00,12.03,12.14,12.02,12.07,0
2026-02-09 14:15:00,12.07,12.22,12.04,12.2,0
2026-02-09 15:15:00,12.2,12.28,12.19,12.26,0
2026-02-10 09:15:00,12.19,12.19,10.36,11.9,0
2026-02-10 10:15:00,11.89,12.0,11.89,11.95,0
2026-02-10 11:15:00,11.95,11.98,11.92,11.95,0
2026-02-10 12:15:00,11.95,11.97,11.75,11.79,0
2026-02-10 13:15:00,11.79,11.86,11.63,11.81,0
2026-02-10 14:15:00,11.81,11.84,11.58,11.62,0
2026-02-10 15:15:00,11.62,11.79,11.62,11.78,0
2026-02-11 09:15:00,11.67,11.71,10.56,11.54,0
2026-02-11 10:15:00,11.54,11.54,11.39,11.4,0
2026-02-11 11:15:00,11.4,11.42,11.33,11.36,0
2026-02-11 12:15:00,11.36,11.52,11.35,11.46,0
2026-02-11 13:15:00,11.45,11.47,11.36,11.39,0
2026-02-11 14:15:00,11.39,11.6,11.38,11.58,0
2026-02-11 15:15:00,11.58,11.61,11.52,11.54,0
2026-02-12 09:15:00,11.55,11.75,10.85,11.53,0
2026-02-12 10:15:00,11.53,11.63,11.44,11.59,0
2026-02-12 11:15:00,11.59,11.77,11.58,11.69,0
2026-02-12 12:15:00,11.69,11.73,11.59,11.72,0
2026-02-12 13:15:00,11.73,11.82,11.47,11.78,0
2026-02-12 14:15:00,11.78,12.11,11.66,11.72,0
2026-02-12 15:15:00,11.72,11.77,11.61,11.74,0
2026-02-13 09:15:00,11.73,12.46,10.96,12.25,0
2026-02-13 10:15:00,12.26,12.43,12.12,12.35,0
2026-02-13 11:15:00,12.35,12.54,12.34,12.5,0
2026-02-13 12:15:00,12.49,12.68,12.42,12.6,0
2026-02-13 13:15:00,12.6,13.05,12.56,12.79,0
2026-02-13 14:15:00,12.79,13.42,12.69,13.35,0
2026-02-13 15:15:00,13.35,13.58,13.1,13.53,0
2026-02-16 09:15:00,13.29,13.83,13.29,13.47,0
2026-02-16 10:15:00,13.47,13.53,13.35,13.38,0
2026-02-16 11:15:00,13.37,13.41,13.25,13.33,0
2026-02-16 12:15:00,13.33,13.4,13.24,13.33,0
2026-02-16 13:15:00,13.33,13.43,13.24,13.33,0
2026-02-16 14:15:00,13.33,13.46,13.25,13.29,0
2026-02-16 15:15:00,13.28,13.4,13.26,13.28,0
2026-02-17 09:15:00,13.33,13.48,11.63,12.93,0
2026-02-17 10:15:00,12.93,13.07,12.87,12.95,0
2026-02-17 11:15:00,12.94,12.99,12.76,12.8,0
2026-02-17 12:15:00,12.81,12.81,12.61,12.67,0
2026-02-17 13:15:00,12.67,12.74,12.56,12.71,0
2026-02-17 14:15:00,12.7,12.78,12.6,12.68,0
2026-02-17 15:15:00,12.68,12.72,12.59,12.67,0
2026-02-18 09:15:00,12.67,12.77,11.35,12.62,0
2026-02-18 10:15:00,12.62,12.72,12.31,12.43,0
2026-02-18 11:15:00,12.45,12.51,12.21,12.28,0
2026-02-18 12:15:00,12.28,12.34,12.21,12.28,0
2026-02-18 13:15:00,12.28,12.38,12.23,12.25,0
2026-02-18 14:15:00,12.25,12.42,12.13,12.16,0
2026-02-18 15:15:00,12.16,12.3,12.16,12.27,0
2026-02-19 09:15:00,12.22,12.38,9.73,12.36,0
2026-02-19 10:15:00,12.37,12.83,12.26,12.62,0
2026-02-19 11:15:00,12.63,13.37,12.62,13.35,0
2026-02-19 12:15:00,13.36,13.42,13.03,13.18,0
2026-02-19 13:15:00,13.18,13.3,13.04,13.13,0
2026-02-19 14:15:00,13.13,13.54,13.04,13.52,0
2026-02-19 15:15:00,13.51,13.68,13.43,13.66,0
2026-02-20 09:15:00,13.46,14.78,13.1,14.43,0
2026-02-20 10:15:00,14.44,14.48,14.05,14.44,0
2026-02-20 11:15:00,14.43,14.49,14.22,14.34,0
2026-02-20 12:15:00,14.33,14.6,14.12,14.58,0
2026-02-20 13:15:00,14.59,14.71,14.29,14.34,0
2026-02-20 14:15:00,14.34,14.45,14.05,14.43,0
2026-02-20 15:15:00,14.43,14.5,14.18,14.35,0
2026-02-23 09:15:00,14.36,14.36,12.77,14.06,0
2026-02-23 10:15:00,14.1,14.38,13.97,14.19,0
2026-02-23 11:15:00,14.19,14.48,14.16,14.22,0
2026-02-23 12:15:00,14.22,14.4,14.07,14.33,0
2026-02-23 13:15:00,14.33,14.39,14.15,14.29,0
2026-02-23 14:15:00,14.29,14.34,14.02,14.18,0
2026-02-23 15:15:00,14.18,14.21,14.11,14.14,0
2026-02-24 09:15:00,14.17,14.34,12.35,14.04,0
2026-02-24 10:15:00,14.04,14.47,13.92,14.06,0
2026-02-24 11:15:00,14.06,14.33,13.95,14.26,0
2026-02-24 12:15:00,14.26,14.63,14.23,14.35,0
2026-02-24 13:15:00,14.35,14.95,14.31,14.4,0
2026-02-24 14:15:00,14.39,14.66,14.06,14.11,0
2026-02-24 15:15:00,14.11,14.21,13.95,13.99,0
2026-02-25 09:15:00,14.15,14.15,12.84,12.94,0
2026-02-25 10:15:00,12.94,13.07,12.84,12.89,0
2026-02-25 11:15:00,12.89,13.05,12.86,13.03,0
2026-02-25 12:15:00,13.03,13.56,12.88,13.48,0
2026-02-25 13:15:00,13.48,13.71,13.32,13.53,0
2026-02-25 14:15:00,13.53,13.7,13.37,13.48,0
2026-02-25 15:15:00,13.48,13.6,13.41,13.46,0
2026-02-26 09:15:00,13.49,13.5,11.81,13.17,0
2026-02-26 10:15:00,13.17,13.32,13.07,13.13,0
2026-02-26 11:15:00,13.14,13.42,12.95,13.35,0
2026-02-26 12:15:00,13.35,13.56,13.31,13.51,0
2026-02-26 13:15:00,13.51,13.61,13.39,13.41,0
2026-02-26 14:15:00,13.41,13.46,13.02,13.09,0
2026-02-26 15:15:00,13.07,13.14,12.98,13.03,0
2026-02-27 09:15:00,13.06,13.63,11.2,13.51,0
2026-02-27 10:15:00,13.51,13.68,13.36,13.44,0
2026-02-27 11:15:00,13.44,13.81,13.38,13.65,0
2026-02-27 12:15:00,13.65,13.78,13.55,13.64,0
2026-02-27 13:15:00,13.64,13.66,13.25,13.39,0
2026-02-27 14:15:00,13.37,14.04,13.32,13.81,0
2026-02-27 15:15:00,13.82,13.82,13.52,13.68,0
2026-03-02 09:15:00,13.7,16.38,12.83,15.95,0
2026-03-02 10:15:00,15.96,16.02,15.77,15.89,0
2026-03-02 11:15:00,15.89,16.28,15.87,16.28,0
2026-03-02 12:15:00,16.25,16.87,16.24,16.83,0
2026-03-02 13:15:00,16.83,17.81,16.79,17.15,0
2026-03-02 14:15:00,17.15,17.6,16.89,17.18,0
2026-03-02 15:15:00,17.18,17.28,16.84,16.93,0
2026-03-04 09:15:00,17.13,20.98,16.97,20.52,0
2026-03-04 10:15:00,20.52,20.95,20.52,20.76,0
2026-03-04 11:15:00,20.76,21.29,20.68,21.1,0
2026-03-04 12:15:00,21.09,21.25,20.68,20.7,0
2026-03-04 13:15:00,20.68,21.29,20.67,20.88,0
2026-03-04 14:15:00,20.88,21.37,20.87,21.12,0
2026-03-04 15:15:00,21.11,21.17,20.92,20.95,0
2026-03-05 09:15:00,21.14,21.14,17.57,19.13,0
2026-03-05 10:15:00,19.13,19.34,18.75,18.87,0
2026-03-05 11:15:00,18.87,19.06,18.72,18.88,0
2026-03-05 12:15:00,18.88,18.98,18.57,18.74,0
2026-03-05 13:15:00,18.74,19.05,18.6,18.95,0
2026-03-05 14:15:00,18.96,18.99,17.3,17.92,0
2026-03-05 15:15:00,17.93,17.99,17.77,17.81,0
2026-03-06 09:15:00,17.86,18.57,17.2,18.52,0
2026-03-06 10:15:00,18.51,18.86,18.44,18.65,0
2026-03-06 11:15:00,18.65,18.83,18.53,18.69,0
2026-03-06 12:15:00,18.69,18.98,18.67,18.85,0
2026-03-06 13:15:00,18.84,19.35,18.76,19.07,0
2026-03-06 14:15:00,19.07,20.05,18.84,19.98,0
2026-03-06 15:15:00,19.99,20.14,19.62,19.9,0
2026-03-09 09:15:00,19.88,24.49,19.22,24.2,0
2026-03-09 10:15:00,24.2,24.34,23.58,23.91,0
2026-03-09 11:15:00,23.91,24.01,23.35,23.82,0
2026-03-09 12:15:00,23.82,24.39,23.79,24.28,0
2026-03-09 13:15:00,24.26,24.48,24.17,24.27,0
2026-03-09 14:15:00,24.26,24.29,23.05,23.27,0
2026-03-09 15:15:00,23.28,23.53,23.28,23.4,0
2026-03-10 09:15:00,23.36,23.36,19.8,20.59,0
2026-03-10 10:15:00,20.59,20.6,19.98,19.98,0
2026-03-10 11:15:00,19.98,20.0,19.69,19.88,0
2026-03-10 12:15:00,19.87,20.06,19.54,19.67,0
2026-03-10 13:15:00,19.67,19.7,19.22,19.23,0
2026-03-10 14:15:00,19.23,19.43,18.81,18.86,0
2026-03-10 15:15:00,18.86,18.87,18.78,18.84,0
2026-03-11 09:15:00,18.91,19.76,17.24,19.67,0
2026-03-11 10:15:00,19.67,20.05,19.43,19.9,0
2026-03-11 11:15:00,19.9,20.83,19.9,20.45,0
2026-03-11 12:15:00,20.45,21.17,20.36,21.12,0
2026-03-11 13:15:00,21.12,21.39,20.68,20.97,0
2026-03-11 14:15:00,20.96,21.24,20.56,21.08,0
2026-03-11 15:15:00,21.08,21.3,20.97,21.21,0
2026-03-12 09:15:00,21.06,22.36,20.95,22.31,0
2026-03-12 10:15:00,22.31,22.35,21.55,21.69,0
2026-03-12 11:15:00,21.68,22.04,21.36,21.38,0
2026-03-12 12:15:00,21.38,21.58,21.24,21.24,0
2026-03-12 13:15:00,21.24,21.34,20.82,21.12,0
2026-03-12 14:15:00,21.12,21.75,21.09,21.58,0
2026-03-12 15:15:00,21.58,21.66,21.34,21.43,0
2026-03-13 09:15:00,21.52,21.99,21.25,21.9,0
2026-03-13 10:15:00,21.88,21.98,21.54,21.9,0
2026-03-13 11:15:00,21.91,22.03,21.58,21.91,0
2026-03-13 12:15:00,21.91,22.54,21.91,22.37,0
2026-03-13 13:15:00,22.38,22.88,22.31,22.45,0
2026-03-13 14:15:00,22.45,22.77,22.12,22.56,0
2026-03-13 15:15:00,22.56,22.75,22.56,22.75,0
2026-03-16 09:15:00,22.65,22.88,19.82,22.06,0
2026-03-16 10:15:00,22.06,22.41,21.98,22.1,0
2026-03-16 11:15:00,22.1,22.11,21.83,22.03,0
2026-03-16 12:15:00,22.03,22.21,21.94,22.04,0
2026-03-16 13:15:00,22.04,22.13,21.78,21.81,0
2026-03-16 14:15:00,21.81,21.87,21.37,21.57,0
2026-03-16 15:15:00,21.58,21.8,21.56,21.65,0
2026-03-17 09:15:00,21.6,21.6,20.27,20.34,0
2026-03-17 10:15:00,20.35,20.46,20.04,20.34,0
2026-03-17 11:15:00,20.34,20.7,20.32,20.37,0
2026-03-17 12:15:00,20.36,20.5,20.16,20.16,0
2026-03-17 13:15:00,20.16,20.2,19.94,19.95,0
2026-03-17 14:15:00,19.95,20.07,19.63,19.74,0
2026-03-17 15:15:00,19.74,19.84,19.73,19.8,0
2026-03-18 09:15:00,19.79,19.79,18.79,19.09,0
2026-03-18 10:15:00,19.09,19.1,18.78,18.87,0
2026-03-18 11:15:00,18.87,19.05,18.83,18.96,0
2026-03-18 12:15:00,18.96,19.05,18.91,18.91,0
2026-03-18 13:15:00,18.91,18.97,18.8,18.82,0
2026-03-18 14:15:00,18.82,18.89,18.68,18.73,0
2026-03-18 15:15:00,18.74,18.77,18.59,18.67,0
2026-03-19 09:15:00,18.72,21.93,18.72,21.58,0
2026-03-19 10:15:00,21.58,21.82,21.22,21.56,0
2026-03-19 11:15:00,21.56,21.69,21.38,21.39,0
2026-03-19 12:15:00,21.37,21.79,21.34,21.78,0
2026-03-19 13:15:00,21.78,22.53,21.73,22.48,0
2026-03-19 14:15:00,22.48,23.2,22.27,22.86,0
2026-03-19 15:15:00,22.86,22.97,22.53,22.74,0
2026-03-20 09:15:00,22.8,22.8,21.69,22.32,0
2026-03-20 10:15:00,22.32,22.48,22.0,22.13,0
2026-03-20 11:15:00,22.14,22.48,22.01,22.44,0
2026-03-20 12:15:00,22.43,23.09,22.28,22.36,0
2026-03-20 13:15:00,22.36,22.82,22.25,22.64,0
2026-03-20 14:15:00,22.64,23.14,22.6,22.84,0
2026-03-20 15:15:00,22.84,22.95,22.66,22.81,0
2026-03-23 09:15:00,22.81,26.31,22.81,26.29,0
2026-03-23 10:15:00,26.3,26.32,25.99,26.08,0
2026-03-23 11:15:00,26.08,26.54,26.06,26.53,0
2026-03-23 12:15:00,26.54,27.17,26.52,27.16,0
2026-03-23 13:15:00,27.15,27.16,26.51,26.65,0
2026-03-23 14:15:00,26.66,26.78,26.39,26.77,0
2026-03-23 15:15:00,26.78,26.9,26.76,26.87,0
2026-03-24 09:15:00,26.73,26.73,24.72,25.48,0
2026-03-24 10:15:00,25.47,25.78,25.3,25.58,0
2026-03-24 11:15:00,25.59,25.73,25.21,25.24,0
2026-03-24 12:15:00,25.25,25.45,24.93,25.14,0
2026-03-24 13:15:00,25.14,25.15,24.85,24.87,0
2026-03-24 14:15:00,24.88,25.03,24.63,24.67,0
2026-03-24 15:15:00,24.66,24.95,24.65,24.91,0
2026-03-25 09:15:00,24.74,25.23,24.47,24.62,0
2026-03-25 10:15:00,24.62,24.69,24.4,24.46,0
2026-03-25 11:15:00,24.45,24.62,24.42,24.45,0
2026-03-25 12:15:00,24.45,24.55,24.25,24.41,0
2026-03-25 13:15:00,24.42,24.47,24.14,24.39,0
2026-03-25 14:15:00,24.39,24.81,24.29,24.65,0
2026-03-25 15:15:00,24.65,24.77,24.44,24.44,0
2026-03-27 09:15:00,24.64,26.96,23.39,26.76,0
2026-03-27 10:15:00,26.76,26.83,26.3,26.48,0
2026-03-27 11:15:00,26.48,26.76,26.48,26.65,0
2026-03-27 12:15:00,26.65,26.76,26.5,26.7,0
2026-03-27 13:15:00,26.69,26.73,26.41,26.61,0
2026-03-27 14:15:00,26.6,27.09,26.58,26.82,0
2026-03-27 15:15:00,26.82,26.83,26.67,26.78,0
2026-03-30 09:15:00,26.8,28.91,26.8,28.32,0
2026-03-30 10:15:00,28.32,28.55,28.3,28.46,0
2026-03-30 11:15:00,28.47,28.54,28.05,28.19,0
2026-03-30 12:15:00,28.19,28.25,27.96,28.09,0
2026-03-30 13:15:00,28.09,28.18,27.83,27.91,0
2026-03-30 14:15:00,27.92,28.04,27.7,27.95,0
2026-03-30 15:15:00,27.95,27.98,27.71,27.76,0
2026-04-01 09:15:00,27.89,27.89,23.65,25.27,0
2026-04-01 10:15:00,25.28,25.46,25.05,25.31,0
2026-04-01 11:15:00,25.31,25.36,24.87,24.88,0
2026-04-01 12:15:00,24.88,24.89,24.57,24.57,0
2026-04-01 13:15:00,24.57,25.37,24.52,24.82,0
2026-04-01 14:15:00,24.83,25.34,24.81,25.08,0
2026-04-01 15:15:00,25.07,25.09,24.83,24.87,0
2026-04-02 09:15:00,25.01,26.6,25.01,25.99,0
2026-04-02 10:15:00,25.99,26.18,25.85,26.01,0
2026-04-02 11:15:00,26.01,26.13,25.78,25.81,0
2026-04-02 12:15:00,25.81,26.12,25.8,26.06,0
2026-04-02 13:15:00,26.06,26.16,25.8,25.9,0
2026-04-02 14:15:00,25.9,25.94,25.22,25.37,0
2026-04-02 15:15:00,25.37,25.74,25.34,25.38,0
2026-04-06 09:15:00,25.52,26.56,25.08,26.2,0
2026-04-06 10:15:00,26.2,26.47,26.03,26.39,0
2026-04-06 11:15:00,26.39,26.43,25.97,26.12,0
2026-04-06 12:15:00,26.12,26.13,25.82,25.99,0
2026-04-06 13:15:00,25.99,26.03,25.68,25.74,0
2026-04-06 14:15:00,25.74,25.74,25.31,25.36,0
2026-04-06 15:15:00,25.36,25.61,25.36,25.56,0
2026-04-07 09:15:00,25.47,26.26,25.12,25.58,0
2026-04-07 10:15:00,25.59,25.61,25.29,25.58,0
2026-04-07 11:15:00,25.58,25.6,25.28,25.39,0
2026-04-07 12:15:00,25.39,25.57,25.37,25.46,0
2026-04-07 13:15:00,25.46,25.48,25.04,25.12,0
2026-04-07 14:15:00,25.13,25.14,24.55,24.61,0
2026-04-07 15:15:00,24.62,24.81,24.62,24.77,0
2026-04-08 09:15:00,24.7,24.7,19.74,19.86,0
2026-04-08 10:15:00,19.86,19.89,19.42,19.49,0
2026-04-08 11:15:00,19.49,19.74,19.31,19.65,0
2026-04-08 12:15:00,19.63,19.88,19.55,19.56,0
2026-04-08 13:15:00,19.56,19.76,19.52,19.75,0
2026-04-08 14:15:00,19.74,19.85,19.6,19.68,0
2026-04-08 15:15:00,19.68,19.76,19.51,19.54,0
2026-04-09 09:15:00,19.7,20.9,19.17,20.48,0
2026-04-09 10:15:00,20.48,20.57,20.18,20.21,0
2026-04-09 11:15:00,20.21,20.38,20.02,20.08,0
2026-04-09 12:15:00,20.08,20.59,20.06,20.53,0
2026-04-09 13:15:00,20.53,20.9,20.52,20.71,0
2026-04-09 14:15:00,20.71,20.94,20.32,20.38,0
2026-04-09 15:15:00,20.39,20.47,20.32,20.38,0
2026-04-10 09:15:00,20.43,20.43,18.37,19.17,0
2026-04-10 10:15:00,19.17,19.17,18.91,18.97,0
2026-04-10 11:15:00,18.97,19.14,18.93,18.95,0
2026-04-10 12:15:00,18.95,18.96,18.79,18.85,0
2026-04-10 13:15:00,18.85,18.9,18.78,18.89,0
2026-04-10 14:15:00,18.89,19.37,18.74,18.76,0
2026-04-10 15:15:00,18.76,18.98,18.76,18.98,0
2026-04-13 09:15:00,18.85,21.51,18.18,20.91,0
2026-04-13 10:15:00,20.91,20.97,20.72,20.74,0
2026-04-13 11:15:00,20.74,20.77,20.51,20.52,0
2026-04-13 12:15:00,20.52,20.72,20.52,20.62,0
2026-04-13 13:15:00,20.62,20.64,20.24,20.6,0
2026-04-13 14:15:00,20.6,20.64,20.36,20.56,0
2026-04-13 15:15:00,20.56,20.57,20.4,20.42,0
2026-04-15 09:15:00,20.5,20.5,17.34,18.58,0
2026-04-15 10:15:00,18.57,18.93,18.52,18.92,0
2026-04-15 11:15:00,18.93,19.03,18.59,18.62,0
2026-04-15 12:15:00,18.62,18.78,18.46,18.64,0
2026-04-15 13:15:00,18.64,18.78,18.54,18.57,0
2026-04-15 14:15:00,18.57,18.7,18.48,18.65,0
2026-04-15 15:15:00,18.65,18.77,18.65,18.76,0
2026-04-16 09:15:00,18.67,18.67,16.83,18.14,0
2026-04-16 10:15:00,18.14,18.18,17.8,17.87,0
2026-04-16 11:15:00,17.87,18.53,17.81,18.35,0
2026-04-16 12:15:00,18.34,18.62,18.34,18.56,0
2026-04-16 13:15:00,18.56,18.6,18.12,18.2,0
2026-04-16 14:15:00,18.2,18.25,17.93,18.15,0
2026-04-16 15:15:00,18.14,18.18,18.09,18.17,0
2026-04-17 09:15:00,18.09,18.47,16.59,17.93,0
2026-04-17 10:15:00,17.93,17.95,17.77,17.84,0
2026-04-17 11:15:00,17.84,17.85,17.62,17.63,0
2026-04-17 12:15:00,17.63,17.71,17.53,17.54,0
2026-04-17 13:15:00,17.54,17.57,17.32,17.36,0
2026-04-17 14:15:00,17.36,17.39,17.12,17.14,0
2026-04-17 15:15:00,17.15,17.27,17.14,17.17,0
2026-04-20 09:15:00,17.21,18.44,16.48,18.2,0
2026-04-20 10:15:00,18.19,18.21,17.94,18.09,0
2026-04-20 11:15:00,18.09,18.18,18.0,18.16,0
2026-04-20 12:15:00,18.16,18.52,18.09,18.38,0
2026-04-20 13:15:00,18.38,18.88,18.38,18.73,0
2026-04-20 14:15:00,18.72,18.82,18.45,18.77,0
2026-04-20 15:15:00,18.77,19.01,18.77,19.01,0
2026-04-21 09:15:00,18.79,18.79,17.84,17.87,0
2026-04-21 10:15:00,17.87,17.97,17.63,17.64,0
2026-04-21 11:15:00,17.64,17.74,17.55,17.63,0
2026-04-21 12:15:00,17.63,17.77,17.53,17.66,0
2026-04-21 13:15:00,17.65,17.79,17.55,17.65,0
2026-04-21 14:15:00,17.65,17.69,17.45,17.53,0
2026-04-21 15:15:00,17.53,17.6,17.48,17.57,0
2026-04-22 09:15:00,17.53,18.59,17.25,18.52,0
2026-04-22 10:15:00,18.52,18.73,18.22,18.32,0
2026-04-22 11:15:00,18.31,18.42,18.05,18.18,0
2026-04-22 12:15:00,18.18,18.35,18.09,18.11,0
2026-04-22 13:15:00,18.11,18.34,17.9,18.18,0
2026-04-22 14:15:00,18.18,18.4,18.16,18.28,0
2026-04-22 15:15:00,18.28,18.34,18.2,18.2,0
2026-04-23 09:15:00,18.3,19.12,17.49,18.6,0
2026-04-23 10:15:00,18.6,18.9,18.56,18.87,0
2026-04-23 11:15:00,18.87,18.91,18.62,18.65,0
2026-04-23 12:15:00,18.65,18.78,18.43,18.48,0
2026-04-23 13:15:00,18.47,18.48,18.25,18.43,0
2026-04-23 14:15:00,18.43,18.79,18.39,18.7,0
2026-04-23 15:15:00,18.71,18.72,18.55,18.55,0
2026-04-24 09:15:00,18.59,19.43,18.06,19.11,0
2026-04-24 10:15:00,19.11,19.42,19.11,19.36,0
2026-04-24 11:15:00,19.36,19.4,19.17,19.17,0
2026-04-24 12:15:00,19.17,19.46,19.12,19.41,0
2026-04-24 13:15:00,19.4,19.9,19.39,19.68,0
2026-04-24 14:15:00,19.68,19.81,19.34,19.8,0
2026-04-24 15:15:00,19.8,19.83,19.65,19.72,0
2026-04-27 09:15:00,19.71,19.71,18.47,18.77,0
2026-04-27 10:15:00,18.77,18.92,18.44,18.47,0
2026-04-27 11:15:00,18.47,19.16,18.47,18.78,0
2026-04-27 12:15:00,18.78,18.83,18.59,18.62,0
2026-04-27 13:15:00,18.61,18.61,18.38,18.45,0
2026-04-27 14:15:00,18.45,18.64,18.27,18.29,0
2026-04-27 15:15:00,18.3,18.47,18.3,18.36,0
2026-04-28 09:15:00,18.38,18.41,17.62,17.65,0
2026-04-28 10:15:00,17.65,17.7,17.27,17.41,0
2026-04-28 11:15:00,17.41,17.92,17.4,17.91,0
2026-04-28 12:15:00,17.91,18.14,17.82,17.92,0
2026-04-28 13:15:00,17.92,18.24,17.79,18.14,0
2026-04-28 14:15:00,18.14,18.23,17.82,18.09,0
2026-04-28 15:15:00,18.09,18.15,17.98,18.09,0
2026-04-29 09:15:00,18.05,18.05,16.75,16.89,0
2026-04-29 10:15:00,16.89,17.05,16.85,17.01,0
2026-04-29 11:15:00,17.02,17.17,16.91,17.0,0
2026-04-29 12:15:00,17.0,17.03,16.86,17.03,0
2026-04-29 13:15:00,17.03,17.41,16.95,17.34,0
2026-04-29 14:15:00,17.34,17.5,17.32,17.4,0
2026-04-29 15:15:00,17.4,17.54,17.31,17.35,0
2026-04-30 09:15:00,17.44,19.13,17.19,19.12,0
2026-04-30 10:15:00,19.09,19.48,19.05,19.36,0
2026-04-30 11:15:00,19.36,19.44,18.78,18.78,0
2026-04-30 12:15:00,18.78,18.93,18.41,18.46,0
2026-04-30 13:15:00,18.46,18.54,18.33,18.48,0
2026-04-30 14:15:00,18.48,18.64,18.35,18.54,0
2026-04-30 15:15:00,18.54,18.58,18.14,18.18,0
2026-05-04 09:15:00,18.46,18.46,16.75,18.18,0
2026-05-04 10:15:00,18.19,18.37,17.99,17.99,0
2026-05-04 11:15:00,17.99,18.43,17.85,18.43,0
2026-05-04 12:15:00,18.43,18.48,18.17,18.3,0
2026-05-04 13:15:00,18.3,18.88,18.29,18.41,0
2026-05-04 14:15:00,18.39,18.57,18.13,18.31,0
2026-05-04 15:15:00,18.31,18.33,18.16,18.27,0
2026-05-05 09:15:00,18.3,18.84,17.71,18.64,0
2026-05-05 10:15:00,18.64,18.8,18.51,18.54,0
2026-05-05 11:15:00,18.54,18.79,18.43,18.51,0
2026-05-05 12:15:00,18.51,18.55,18.02,18.11,0
2026-05-05 13:15:00,18.11,18.18,18.03,18.1,0
2026-05-05 14:15:00,18.1,18.2,17.85,17.86,0
2026-05-05 15:15:00,17.86,17.87,17.77,17.8,0
2026-05-06 09:15:00,17.91,17.91,16.77,17.4,0
2026-05-06 10:15:00,17.4,17.65,17.22,17.47,0
2026-05-06 11:15:00,17.47,17.58,17.2,17.42,0
2026-05-06 12:15:00,17.43,18.08,17.42,17.8,0
2026-05-06 13:15:00,17.8,17.85,17.21,17.23,0
2026-05-06 14:15:00,17.22,17.23,16.61,16.66,0
2026-05-06 15:15:00,16.66,16.73,16.58,16.62,0
2026-05-07 09:15:00,16.68,16.99,15.17,16.84,0
2026-05-07 10:15:00,16.87,16.93,16.7,16.91,0
2026-05-07 11:15:00,16.91,17.2,16.68,16.69,0
2026-05-07 12:15:00,16.69,16.94,16.59,16.77,0
2026-05-07 13:15:00,16.77,16.93,16.72,16.76,0
2026-05-07 14:15:00,16.76,16.89,16.64,16.68,0
2026-05-07 15:15:00,16.68,16.7,16.37,16.45,0
2026-05-08 09:15:00,16.62,17.43,16.16,17.06,0
2026-05-08 10:15:00,17.06,17.15,16.97,17.05,0
2026-05-08 11:15:00,17.05,17.17,16.99,17.11,0
2026-05-08 12:15:00,17.11,17.28,17.08,17.15,0
2026-05-08 13:15:00,17.15,17.33,16.9,17.2,0
2026-05-08 14:15:00,17.2,17.26,16.75,16.81,0
2026-05-08 15:15:00,16.81,16.94,16.73,16.92,0
2026-05-11 09:15:00,16.84,18.97,16.84,18.57,0
2026-05-11 10:15:00,18.56,18.72,18.35,18.42,0
2026-05-11 11:15:00,18.41,18.41,18.11,18.26,0
2026-05-11 12:15:00,18.27,18.43,18.17,18.26,0
2026-05-11 13:15:00,18.26,18.27,18.08,18.17,0
2026-05-11 14:15:00,18.17,18.68,18.11,18.53,0
2026-05-11 15:15:00,18.53,18.64,18.49,18.51,0
2026-05-12 09:15:00,18.55,18.93,17.63,18.72,0
2026-05-12 10:15:00,18.72,18.97,18.57,18.88,0
2026-05-12 11:15:00,18.87,19.1,18.76,19.1,0
2026-05-12 12:15:00,19.1,19.44,19.03,19.21,0
2026-05-12 13:15:00,19.2,19.32,18.93,19.22,0
2026-05-12 14:15:00,19.22,19.46,19.15,19.33,0
2026-05-12 15:15:00,19.33,19.35,19.13,19.26,0
2026-05-13 09:15:00,19.28,20.13,18.36,19.85,0
2026-05-13 10:15:00,19.85,19.88,19.49,19.73,0
2026-05-13 11:15:00,19.73,19.78,19.41,19.46,0
2026-05-13 12:15:00,19.47,19.55,19.12,19.24,0
2026-05-13 13:15:00,19.24,19.47,19.24,19.33,0
2026-05-13 14:15:00,19.34,19.54,19.31,19.38,0
2026-05-13 15:15:00,19.38,19.5,19.29,19.35,0
2026-05-14 09:15:00,19.43,19.43,18.39,18.89,0
2026-05-14 10:15:00,18.89,19.1,18.67,19.0,0
2026-05-14 11:15:00,19.0,19.02,18.62,18.92,0
2026-05-14 12:15:00,18.92,18.95,18.78,18.84,0
2026-05-14 13:15:00,18.84,18.93,18.69,18.74,0
2026-05-14 14:15:00,18.75,18.8,18.56,18.66,0
2026-05-14 15:15:00,18.65,18.67,18.41,18.6,0
2026-05-15 09:15:00,18.61,18.67,17.42,18.33,0
2026-05-15 10:15:00,18.34,18.45,18.27,18.44,0
2026-05-15 11:15:00,18.44,18.72,18.4,18.42,0
2026-05-15 12:15:00,18.42,18.53,18.2,18.21,0
2026-05-15 13:15:00,18.21,18.55,18.12,18.42,0
2026-05-15 14:15:00,18.42,19.01,18.39,18.74,0
2026-05-15 15:15:00,18.74,18.91,18.72,18.8,0
2026-05-18 09:15:00,18.79,20.05,17.72,19.86,0
2026-05-18 10:15:00,19.86,19.88,19.48,19.58,0
2026-05-18 11:15:00,19.58,19.67,19.48,19.57,0
2026-05-18 12:15:00,19.57,19.65,19.46,19.59,0
2026-05-18 13:15:00,19.59,19.66,19.49,19.62,0
2026-05-18 14:15:00,19.62,20.06,19.48,19.84,0
2026-05-18 15:15:00,19.84,19.9,19.35,19.46,0
2026-05-19 09:15:00,19.63,19.63,18.27,18.64,0
2026-05-19 10:15:00,18.64,18.7,18.44,18.66,0
2026-05-19 11:15:00,18.66,18.75,18.45,18.47,0
2026-05-19 12:15:00,18.47,18.76,18.41,18.54,0
2026-05-19 13:15:00,18.53,18.58,18.35,18.53,0
2026-05-19 14:15:00,18.53,18.84,18.38,18.67,0
2026-05-19 15:15:00,18.67,18.75,18.52,18.68,0
2026-05-19 16:15:00,18.68,18.68,18.68,18.68,0
2026-05-19 17:15:00,18.68,18.68,18.68,18.68,0
